{
    "configuracao": {
        "codigo_cenario": "HHHLLHL",
        "nivel_ready_time": "alta",
        "variabilidade_processamento": "alta",
        "media_processamento": "alta",
        "estrutura_setup": "simetrica",
        "variabilidade_setup": "baixa",
        "n_maquinas": 10,
        "n_medio_jobs_maquina": 3,
        "n_jobs": 30
    },
    "matriz_setup": [
        [
            null,
            506.22,
            430.76,
            389.22,
            496.3,
            424.62,
            439.1,
            450.39,
            416.44,
            460.24,
            439.74,
            493.55,
            397.92,
            485.59,
            428.27,
            493.3,
            501.36,
            478.64,
            400.96,
            386.56,
            391.4,
            501.39,
            491.01,
            405.1,
            493.39,
            486.9,
            506.63,
            422.68,
            513.37,
            476.46
        ],
        [
            506.22,
            null,
            413.09,
            497.59,
            506.3,
            428.81,
            462.44,
            450.79,
            423.19,
            479.16,
            452.02,
            436.33,
            477.62,
            427.63,
            501.49,
            401.85,
            474.73,
            423.17,
            466.68,
            454.17,
            473.68,
            476.46,
            511.1,
            442.25,
            443.01,
            463.71,
            452.74,
            490.98,
            502.58,
            457.92
        ],
        [
            430.76,
            413.09,
            null,
            413.55,
            479.47,
            429.47,
            491.5,
            403.34,
            454.1,
            436.23,
            423.31,
            498.09,
            495.67,
            423.28,
            495.38,
            509.42,
            417.72,
            443.65,
            420.85,
            462.5,
            467.21,
            421.43,
            454.0,
            472.39,
            498.08,
            460.15,
            394.31,
            458.4,
            449.13,
            493.74
        ],
        [
            389.22,
            497.59,
            413.55,
            null,
            496.13,
            484.16,
            506.99,
            439.95,
            503.31,
            400.76,
            395.63,
            439.4,
            395.77,
            468.04,
            416.56,
            428.08,
            428.76,
            432.2,
            433.36,
            480.19,
            449.38,
            471.26,
            511.98,
            432.15,
            389.0,
            398.92,
            413.73,
            483.93,
            459.58,
            421.57
        ],
        [
            496.3,
            506.3,
            479.47,
            496.13,
            null,
            514.5,
            470.99,
            453.66,
            408.19,
            392.01,
            470.75,
            513.09,
            429.15,
            470.48,
            425.79,
            437.38,
            438.35,
            425.45,
            493.22,
            471.92,
            481.36,
            401.44,
            426.34,
            482.43,
            490.32,
            495.11,
            425.23,
            420.14,
            451.73,
            416.4
        ],
        [
            424.62,
            428.81,
            429.47,
            484.16,
            514.5,
            null,
            460.11,
            435.62,
            391.58,
            426.39,
            510.39,
            461.93,
            501.22,
            422.56,
            468.22,
            447.05,
            391.43,
            469.2,
            410.5,
            454.91,
            436.25,
            441.16,
            481.62,
            439.65,
            452.9,
            389.4,
            428.61,
            405.64,
            475.52,
            403.16
        ],
        [
            439.1,
            462.44,
            491.5,
            506.99,
            470.99,
            460.11,
            null,
            466.34,
            410.26,
            467.12,
            473.84,
            487.23,
            476.52,
            487.03,
            487.98,
            435.93,
            385.48,
            394.27,
            494.26,
            500.04,
            483.0,
            424.32,
            398.93,
            472.2,
            443.4,
            510.43,
            473.65,
            404.8,
            413.19,
            492.04
        ],
        [
            450.39,
            450.79,
            403.34,
            439.95,
            453.66,
            435.62,
            466.34,
            null,
            472.44,
            495.79,
            514.64,
            501.83,
            390.74,
            463.39,
            463.33,
            420.64,
            392.33,
            438.84,
            397.37,
            493.77,
            457.55,
            408.07,
            498.66,
            495.64,
            465.09,
            514.5,
            394.18,
            462.4,
            502.52,
            482.31
        ],
        [
            416.44,
            423.19,
            454.1,
            503.31,
            408.19,
            391.58,
            410.26,
            472.44,
            null,
            410.51,
            507.23,
            457.21,
            463.41,
            410.41,
            476.49,
            473.81,
            490.47,
            416.78,
            445.67,
            403.11,
            450.47,
            489.84,
            419.71,
            392.41,
            481.78,
            420.26,
            494.49,
            501.97,
            434.07,
            435.32
        ],
        [
            460.24,
            479.16,
            436.23,
            400.76,
            392.01,
            426.39,
            467.12,
            495.79,
            410.51,
            null,
            428.68,
            406.36,
            508.4,
            513.51,
            403.89,
            412.26,
            463.72,
            410.55,
            438.48,
            447.02,
            493.17,
            426.74,
            449.26,
            402.67,
            388.36,
            416.49,
            446.64,
            499.48,
            439.03,
            437.08
        ],
        [
            439.74,
            452.02,
            423.31,
            395.63,
            470.75,
            510.39,
            473.84,
            514.64,
            507.23,
            428.68,
            null,
            386.66,
            447.41,
            483.07,
            409.43,
            456.51,
            476.17,
            454.04,
            406.49,
            394.32,
            432.77,
            392.63,
            465.97,
            396.19,
            483.62,
            420.34,
            431.4,
            435.73,
            409.87,
            408.36
        ],
        [
            493.55,
            436.33,
            498.09,
            439.4,
            513.09,
            461.93,
            487.23,
            501.83,
            457.21,
            406.36,
            386.66,
            null,
            424.57,
            422.5,
            481.08,
            490.36,
            421.2,
            415.55,
            398.52,
            456.06,
            473.41,
            407.0,
            507.92,
            417.42,
            400.89,
            393.44,
            472.77,
            400.68,
            493.02,
            488.23
        ],
        [
            397.92,
            477.62,
            495.67,
            395.77,
            429.15,
            501.22,
            476.52,
            390.74,
            463.41,
            508.4,
            447.41,
            424.57,
            null,
            506.5,
            416.21,
            465.84,
            457.24,
            468.09,
            412.73,
            426.88,
            510.65,
            494.98,
            507.73,
            512.47,
            449.43,
            469.63,
            472.19,
            394.88,
            451.09,
            467.42
        ],
        [
            485.59,
            427.63,
            423.28,
            468.04,
            470.48,
            422.56,
            487.03,
            463.39,
            410.41,
            513.51,
            483.07,
            422.5,
            506.5,
            null,
            427.73,
            395.61,
            471.21,
            462.52,
            506.86,
            426.75,
            386.54,
            393.06,
            394.06,
            481.99,
            487.67,
            502.05,
            437.96,
            509.31,
            421.04,
            498.25
        ],
        [
            428.27,
            501.49,
            495.38,
            416.56,
            425.79,
            468.22,
            487.98,
            463.33,
            476.49,
            403.89,
            409.43,
            481.08,
            416.21,
            427.73,
            null,
            480.59,
            416.38,
            506.31,
            463.7,
            500.06,
            424.56,
            508.11,
            510.52,
            505.82,
            443.49,
            502.58,
            464.18,
            500.56,
            393.29,
            513.07
        ],
        [
            493.3,
            401.85,
            509.42,
            428.08,
            437.38,
            447.05,
            435.93,
            420.64,
            473.81,
            412.26,
            456.51,
            490.36,
            465.84,
            395.61,
            480.59,
            null,
            416.92,
            476.88,
            446.63,
            477.57,
            439.37,
            398.0,
            394.68,
            442.26,
            421.81,
            509.81,
            422.66,
            495.92,
            467.88,
            415.62
        ],
        [
            501.36,
            474.73,
            417.72,
            428.76,
            438.35,
            391.43,
            385.48,
            392.33,
            490.47,
            463.72,
            476.17,
            421.2,
            457.24,
            471.21,
            416.38,
            416.92,
            null,
            446.25,
            428.98,
            386.7,
            500.21,
            387.28,
            467.64,
            450.4,
            413.76,
            395.96,
            467.84,
            436.48,
            498.88,
            465.89
        ],
        [
            478.64,
            423.17,
            443.65,
            432.2,
            425.45,
            469.2,
            394.27,
            438.84,
            416.78,
            410.55,
            454.04,
            415.55,
            468.09,
            462.52,
            506.31,
            476.88,
            446.25,
            null,
            484.8,
            417.44,
            447.81,
            451.31,
            396.21,
            416.83,
            462.31,
            404.05,
            442.34,
            401.09,
            422.76,
            414.6
        ],
        [
            400.96,
            466.68,
            420.85,
            433.36,
            493.22,
            410.5,
            494.26,
            397.37,
            445.67,
            438.48,
            406.49,
            398.52,
            412.73,
            506.86,
            463.7,
            446.63,
            428.98,
            484.8,
            null,
            473.59,
            494.35,
            386.66,
            494.31,
            489.95,
            409.1,
            510.0,
            392.94,
            405.29,
            478.79,
            479.2
        ],
        [
            386.56,
            454.17,
            462.5,
            480.19,
            471.92,
            454.91,
            500.04,
            493.77,
            403.11,
            447.02,
            394.32,
            456.06,
            426.88,
            426.75,
            500.06,
            477.57,
            386.7,
            417.44,
            473.59,
            null,
            494.61,
            430.62,
            393.65,
            424.49,
            500.9,
            437.81,
            438.25,
            441.37,
            502.83,
            504.07
        ],
        [
            391.4,
            473.68,
            467.21,
            449.38,
            481.36,
            436.25,
            483.0,
            457.55,
            450.47,
            493.17,
            432.77,
            473.41,
            510.65,
            386.54,
            424.56,
            439.37,
            500.21,
            447.81,
            494.35,
            494.61,
            null,
            411.45,
            507.38,
            418.97,
            513.91,
            437.23,
            431.36,
            440.2,
            484.38,
            391.78
        ],
        [
            501.39,
            476.46,
            421.43,
            471.26,
            401.44,
            441.16,
            424.32,
            408.07,
            489.84,
            426.74,
            392.63,
            407.0,
            494.98,
            393.06,
            508.11,
            398.0,
            387.28,
            451.31,
            386.66,
            430.62,
            411.45,
            null,
            413.16,
            509.51,
            428.77,
            451.95,
            467.14,
            386.74,
            452.37,
            476.69
        ],
        [
            491.01,
            511.1,
            454.0,
            511.98,
            426.34,
            481.62,
            398.93,
            498.66,
            419.71,
            449.26,
            465.97,
            507.92,
            507.73,
            394.06,
            510.52,
            394.68,
            467.64,
            396.21,
            494.31,
            393.65,
            507.38,
            413.16,
            null,
            429.41,
            482.52,
            503.73,
            420.32,
            463.28,
            436.22,
            403.59
        ],
        [
            405.1,
            442.25,
            472.39,
            432.15,
            482.43,
            439.65,
            472.2,
            495.64,
            392.41,
            402.67,
            396.19,
            417.42,
            512.47,
            481.99,
            505.82,
            442.26,
            450.4,
            416.83,
            489.95,
            424.49,
            418.97,
            509.51,
            429.41,
            null,
            478.82,
            419.28,
            447.27,
            440.05,
            451.06,
            405.96
        ],
        [
            493.39,
            443.01,
            498.08,
            389.0,
            490.32,
            452.9,
            443.4,
            465.09,
            481.78,
            388.36,
            483.62,
            400.89,
            449.43,
            487.67,
            443.49,
            421.81,
            413.76,
            462.31,
            409.1,
            500.9,
            513.91,
            428.77,
            482.52,
            478.82,
            null,
            419.58,
            511.17,
            487.66,
            471.93,
            481.66
        ],
        [
            486.9,
            463.71,
            460.15,
            398.92,
            495.11,
            389.4,
            510.43,
            514.5,
            420.26,
            416.49,
            420.34,
            393.44,
            469.63,
            502.05,
            502.58,
            509.81,
            395.96,
            404.05,
            510.0,
            437.81,
            437.23,
            451.95,
            503.73,
            419.28,
            419.58,
            null,
            406.26,
            389.13,
            466.0,
            456.65
        ],
        [
            506.63,
            452.74,
            394.31,
            413.73,
            425.23,
            428.61,
            473.65,
            394.18,
            494.49,
            446.64,
            431.4,
            472.77,
            472.19,
            437.96,
            464.18,
            422.66,
            467.84,
            442.34,
            392.94,
            438.25,
            431.36,
            467.14,
            420.32,
            447.27,
            511.17,
            406.26,
            null,
            441.67,
            448.2,
            450.4
        ],
        [
            422.68,
            490.98,
            458.4,
            483.93,
            420.14,
            405.64,
            404.8,
            462.4,
            501.97,
            499.48,
            435.73,
            400.68,
            394.88,
            509.31,
            500.56,
            495.92,
            436.48,
            401.09,
            405.29,
            441.37,
            440.2,
            386.74,
            463.28,
            440.05,
            487.66,
            389.13,
            441.67,
            null,
            451.33,
            385.74
        ],
        [
            513.37,
            502.58,
            449.13,
            459.58,
            451.73,
            475.52,
            413.19,
            502.52,
            434.07,
            439.03,
            409.87,
            493.02,
            451.09,
            421.04,
            393.29,
            467.88,
            498.88,
            422.76,
            478.79,
            502.83,
            484.38,
            452.37,
            436.22,
            451.06,
            471.93,
            466.0,
            448.2,
            451.33,
            null,
            511.65
        ],
        [
            476.46,
            457.92,
            493.74,
            421.57,
            416.4,
            403.16,
            492.04,
            482.31,
            435.32,
            437.08,
            408.36,
            488.23,
            467.42,
            498.25,
            513.07,
            415.62,
            465.89,
            414.6,
            479.2,
            504.07,
            391.78,
            476.69,
            403.59,
            405.96,
            481.66,
            456.65,
            450.4,
            385.74,
            511.65,
            null
        ]
    ],
    "tempos_processamento": [
        6395.43,
        2855.07,
        6299.42,
        4357.23,
        2028.67,
        6853.18,
        2588.98,
        5252.96,
        6717.78,
        3081.53,
        5517.43,
        7043.36,
        4061.23,
        4737.28,
        3331.13,
        6773.27,
        3016.46,
        2517.46,
        2470.96,
        5199.02,
        3544.44,
        4240.28,
        5589.04,
        1828.4,
        3142.6,
        4480.06,
        1801.11,
        3094.41,
        1969.81,
        5698.94
    ],
    "ready_times": [
        5013.69,
        23.62,
        8681.02,
        8629.44,
        6763.9,
        5690.29,
        1621.01,
        2317.28,
        5939.76,
        6026.08,
        6239.66,
        9086.09,
        4298.99,
        7946.38,
        5015.24,
        0.0,
        6097.81,
        6131.91,
        288.92,
        1362.01,
        9449.88,
        3831.18,
        379.95,
        3881.38,
        5447.42,
        6466.38,
        1560.59,
        1637.01,
        6120.73,
        1534.12
    ]
}