{
    "configuracao": {
        "codigo_cenario": "HHHLLHL",
        "nivel_ready_time": "alta",
        "variabilidade_processamento": "alta",
        "media_processamento": "alta",
        "estrutura_setup": "simetrica",
        "variabilidade_setup": "baixa",
        "n_maquinas": 10,
        "n_medio_jobs_maquina": 3,
        "n_jobs": 30
    },
    "matriz_setup": [
        [
            null,
            483.93,
            434.64,
            442.68,
            412.92,
            431.55,
            507.87,
            450.88,
            407.05,
            493.38,
            392.51,
            483.97,
            414.31,
            416.55,
            454.54,
            486.25,
            502.73,
            385.4,
            389.89,
            494.48,
            430.88,
            471.65,
            387.23,
            507.12,
            501.54,
            446.45,
            490.06,
            475.8,
            457.39,
            465.89
        ],
        [
            483.93,
            null,
            505.35,
            386.46,
            433.51,
            468.0,
            495.41,
            400.56,
            454.93,
            447.84,
            456.82,
            434.03,
            462.98,
            408.47,
            482.83,
            494.5,
            475.91,
            436.45,
            494.02,
            424.3,
            456.89,
            453.45,
            396.16,
            451.69,
            505.87,
            479.59,
            444.28,
            473.47,
            410.49,
            439.81
        ],
        [
            434.64,
            505.35,
            null,
            471.54,
            472.2,
            494.43,
            429.11,
            402.02,
            480.57,
            511.78,
            483.28,
            406.7,
            480.12,
            446.0,
            445.7,
            474.35,
            385.81,
            423.4,
            453.59,
            479.5,
            509.22,
            422.52,
            449.82,
            435.88,
            469.2,
            393.23,
            488.07,
            505.53,
            512.97,
            471.78
        ],
        [
            442.68,
            386.46,
            471.54,
            null,
            456.83,
            417.05,
            484.66,
            477.2,
            445.02,
            395.29,
            495.82,
            424.24,
            463.55,
            445.88,
            501.18,
            422.18,
            409.05,
            434.33,
            459.86,
            422.13,
            466.24,
            507.38,
            461.93,
            494.97,
            505.24,
            494.46,
            510.21,
            434.3,
            472.34,
            503.5
        ],
        [
            412.92,
            433.51,
            472.2,
            456.83,
            null,
            470.44,
            441.36,
            470.35,
            508.75,
            492.73,
            404.84,
            463.92,
            477.53,
            478.47,
            489.25,
            503.34,
            402.45,
            405.16,
            474.27,
            403.79,
            474.48,
            440.44,
            492.41,
            385.79,
            494.52,
            404.45,
            477.49,
            471.68,
            394.67,
            401.84
        ],
        [
            431.55,
            468.0,
            494.43,
            417.05,
            470.44,
            null,
            463.79,
            417.34,
            497.79,
            501.88,
            494.27,
            471.85,
            419.55,
            414.77,
            434.28,
            472.06,
            486.17,
            487.18,
            505.25,
            458.36,
            415.26,
            476.53,
            459.72,
            504.98,
            473.53,
            398.93,
            433.34,
            419.95,
            391.55,
            418.59
        ],
        [
            507.87,
            495.41,
            429.11,
            484.66,
            441.36,
            463.79,
            null,
            394.82,
            396.94,
            407.87,
            437.65,
            482.28,
            402.41,
            471.14,
            460.55,
            467.99,
            484.65,
            393.21,
            491.86,
            411.88,
            426.91,
            455.72,
            385.59,
            423.66,
            385.2,
            426.22,
            425.88,
            474.91,
            486.36,
            411.96
        ],
        [
            450.88,
            400.56,
            402.02,
            477.2,
            470.35,
            417.34,
            394.82,
            null,
            491.73,
            483.14,
            399.76,
            487.4,
            477.33,
            490.96,
            484.63,
            476.07,
            509.86,
            494.48,
            442.11,
            412.02,
            491.19,
            461.72,
            466.75,
            401.36,
            386.45,
            427.52,
            432.69,
            494.45,
            392.66,
            452.6
        ],
        [
            407.05,
            454.93,
            480.57,
            445.02,
            508.75,
            497.79,
            396.94,
            491.73,
            null,
            473.96,
            488.91,
            497.75,
            479.98,
            386.8,
            441.28,
            449.88,
            394.68,
            447.43,
            459.06,
            385.19,
            513.27,
            508.51,
            459.27,
            480.66,
            479.64,
            392.4,
            387.11,
            403.91,
            424.12,
            425.68
        ],
        [
            493.38,
            447.84,
            511.78,
            395.29,
            492.73,
            501.88,
            407.87,
            483.14,
            473.96,
            null,
            445.17,
            399.0,
            496.61,
            391.63,
            440.33,
            459.1,
            467.87,
            466.5,
            427.09,
            511.6,
            502.26,
            393.82,
            388.57,
            421.47,
            391.91,
            508.27,
            476.46,
            484.26,
            508.96,
            445.77
        ],
        [
            392.51,
            456.82,
            483.28,
            495.82,
            404.84,
            494.27,
            437.65,
            399.76,
            488.91,
            445.17,
            null,
            413.09,
            421.24,
            496.88,
            454.58,
            451.58,
            411.68,
            422.62,
            456.43,
            391.23,
            514.9,
            433.94,
            415.64,
            497.69,
            478.28,
            450.44,
            475.78,
            451.0,
            426.27,
            401.93
        ],
        [
            483.97,
            434.03,
            406.7,
            424.24,
            463.92,
            471.85,
            482.28,
            487.4,
            497.75,
            399.0,
            413.09,
            null,
            408.65,
            388.35,
            425.85,
            411.63,
            498.95,
            485.23,
            473.25,
            448.8,
            428.45,
            497.11,
            472.27,
            501.12,
            495.28,
            502.95,
            475.99,
            395.0,
            502.4,
            487.33
        ],
        [
            414.31,
            462.98,
            480.12,
            463.55,
            477.53,
            419.55,
            402.41,
            477.33,
            479.98,
            496.61,
            421.24,
            408.65,
            null,
            476.77,
            447.79,
            498.87,
            459.56,
            389.84,
            394.91,
            409.86,
            433.88,
            401.28,
            402.23,
            399.55,
            465.38,
            411.84,
            448.24,
            475.13,
            436.08,
            430.13
        ],
        [
            416.55,
            408.47,
            446.0,
            445.88,
            478.47,
            414.77,
            471.14,
            490.96,
            386.8,
            391.63,
            496.88,
            388.35,
            476.77,
            null,
            404.22,
            496.24,
            450.18,
            511.84,
            483.33,
            482.16,
            455.94,
            458.67,
            395.53,
            480.55,
            504.86,
            468.67,
            501.25,
            441.25,
            398.06,
            470.58
        ],
        [
            454.54,
            482.83,
            445.7,
            501.18,
            489.25,
            434.28,
            460.55,
            484.63,
            441.28,
            440.33,
            454.58,
            425.85,
            447.79,
            404.22,
            null,
            481.02,
            491.62,
            512.86,
            393.32,
            458.98,
            428.28,
            457.37,
            475.11,
            496.43,
            407.33,
            402.01,
            388.56,
            440.0,
            400.17,
            413.18
        ],
        [
            486.25,
            494.5,
            474.35,
            422.18,
            503.34,
            472.06,
            467.99,
            476.07,
            449.88,
            459.1,
            451.58,
            411.63,
            498.87,
            496.24,
            481.02,
            null,
            466.36,
            449.06,
            514.04,
            503.67,
            397.49,
            415.14,
            448.34,
            426.54,
            476.3,
            500.19,
            478.02,
            498.39,
            510.54,
            405.41
        ],
        [
            502.73,
            475.91,
            385.81,
            409.05,
            402.45,
            486.17,
            484.65,
            509.86,
            394.68,
            467.87,
            411.68,
            498.95,
            459.56,
            450.18,
            491.62,
            466.36,
            null,
            502.78,
            400.18,
            399.24,
            430.16,
            488.18,
            476.52,
            430.22,
            496.9,
            462.85,
            442.36,
            447.88,
            456.84,
            484.9
        ],
        [
            385.4,
            436.45,
            423.4,
            434.33,
            405.16,
            487.18,
            393.21,
            494.48,
            447.43,
            466.5,
            422.62,
            485.23,
            389.84,
            511.84,
            512.86,
            449.06,
            502.78,
            null,
            429.21,
            409.95,
            412.84,
            441.48,
            509.33,
            406.41,
            389.12,
            451.07,
            467.15,
            420.56,
            414.12,
            444.3
        ],
        [
            389.89,
            494.02,
            453.59,
            459.86,
            474.27,
            505.25,
            491.86,
            442.11,
            459.06,
            427.09,
            456.43,
            473.25,
            394.91,
            483.33,
            393.32,
            514.04,
            400.18,
            429.21,
            null,
            473.36,
            469.59,
            487.68,
            444.13,
            465.61,
            436.64,
            393.46,
            443.24,
            481.06,
            511.93,
            407.28
        ],
        [
            494.48,
            424.3,
            479.5,
            422.13,
            403.79,
            458.36,
            411.88,
            412.02,
            385.19,
            511.6,
            391.23,
            448.8,
            409.86,
            482.16,
            458.98,
            503.67,
            399.24,
            409.95,
            473.36,
            null,
            430.87,
            443.6,
            434.69,
            446.57,
            494.6,
            391.97,
            449.27,
            402.12,
            460.37,
            499.89
        ],
        [
            430.88,
            456.89,
            509.22,
            466.24,
            474.48,
            415.26,
            426.91,
            491.19,
            513.27,
            502.26,
            514.9,
            428.45,
            433.88,
            455.94,
            428.28,
            397.49,
            430.16,
            412.84,
            469.59,
            430.87,
            null,
            477.13,
            496.04,
            388.91,
            426.29,
            436.38,
            497.48,
            487.0,
            480.48,
            420.49
        ],
        [
            471.65,
            453.45,
            422.52,
            507.38,
            440.44,
            476.53,
            455.72,
            461.72,
            508.51,
            393.82,
            433.94,
            497.11,
            401.28,
            458.67,
            457.37,
            415.14,
            488.18,
            441.48,
            487.68,
            443.6,
            477.13,
            null,
            464.14,
            424.54,
            387.66,
            503.86,
            407.06,
            399.19,
            481.23,
            441.81
        ],
        [
            387.23,
            396.16,
            449.82,
            461.93,
            492.41,
            459.72,
            385.59,
            466.75,
            459.27,
            388.57,
            415.64,
            472.27,
            402.23,
            395.53,
            475.11,
            448.34,
            476.52,
            509.33,
            444.13,
            434.69,
            496.04,
            464.14,
            null,
            463.11,
            513.87,
            471.96,
            451.5,
            415.52,
            506.38,
            436.23
        ],
        [
            507.12,
            451.69,
            435.88,
            494.97,
            385.79,
            504.98,
            423.66,
            401.36,
            480.66,
            421.47,
            497.69,
            501.12,
            399.55,
            480.55,
            496.43,
            426.54,
            430.22,
            406.41,
            465.61,
            446.57,
            388.91,
            424.54,
            463.11,
            null,
            422.28,
            402.29,
            501.43,
            399.11,
            509.57,
            418.62
        ],
        [
            501.54,
            505.87,
            469.2,
            505.24,
            494.52,
            473.53,
            385.2,
            386.45,
            479.64,
            391.91,
            478.28,
            495.28,
            465.38,
            504.86,
            407.33,
            476.3,
            496.9,
            389.12,
            436.64,
            494.6,
            426.29,
            387.66,
            513.87,
            422.28,
            null,
            506.27,
            475.79,
            420.7,
            419.79,
            412.4
        ],
        [
            446.45,
            479.59,
            393.23,
            494.46,
            404.45,
            398.93,
            426.22,
            427.52,
            392.4,
            508.27,
            450.44,
            502.95,
            411.84,
            468.67,
            402.01,
            500.19,
            462.85,
            451.07,
            393.46,
            391.97,
            436.38,
            503.86,
            471.96,
            402.29,
            506.27,
            null,
            432.53,
            417.25,
            413.49,
            486.73
        ],
        [
            490.06,
            444.28,
            488.07,
            510.21,
            477.49,
            433.34,
            425.88,
            432.69,
            387.11,
            476.46,
            475.78,
            475.99,
            448.24,
            501.25,
            388.56,
            478.02,
            442.36,
            467.15,
            443.24,
            449.27,
            497.48,
            407.06,
            451.5,
            501.43,
            475.79,
            432.53,
            null,
            506.16,
            418.55,
            472.33
        ],
        [
            475.8,
            473.47,
            505.53,
            434.3,
            471.68,
            419.95,
            474.91,
            494.45,
            403.91,
            484.26,
            451.0,
            395.0,
            475.13,
            441.25,
            440.0,
            498.39,
            447.88,
            420.56,
            481.06,
            402.12,
            487.0,
            399.19,
            415.52,
            399.11,
            420.7,
            417.25,
            506.16,
            null,
            417.31,
            477.22
        ],
        [
            457.39,
            410.49,
            512.97,
            472.34,
            394.67,
            391.55,
            486.36,
            392.66,
            424.12,
            508.96,
            426.27,
            502.4,
            436.08,
            398.06,
            400.17,
            510.54,
            456.84,
            414.12,
            511.93,
            460.37,
            480.48,
            481.23,
            506.38,
            509.57,
            419.79,
            413.49,
            418.55,
            417.31,
            null,
            437.09
        ],
        [
            465.89,
            439.81,
            471.78,
            503.5,
            401.84,
            418.59,
            411.96,
            452.6,
            425.68,
            445.77,
            401.93,
            487.33,
            430.13,
            470.58,
            413.18,
            405.41,
            484.9,
            444.3,
            407.28,
            499.89,
            420.49,
            441.81,
            436.23,
            418.62,
            412.4,
            486.73,
            472.33,
            477.22,
            437.09,
            null
        ]
    ],
    "tempos_processamento": [
        6457.26,
        1991.19,
        4578.98,
        4064.61,
        5386.75,
        5157.94,
        4788.76,
        5960.79,
        4932.66,
        4544.26,
        4917.32,
        3885.49,
        4667.66,
        5021.23,
        4939.16,
        5773.12,
        3445.1,
        5706.75,
        7061.34,
        3102.12,
        4131.86,
        5966.72,
        3671.95,
        3794.69,
        4726.88,
        5333.67,
        5002.19,
        1945.57,
        5283.44,
        3137.2
    ],
    "ready_times": [
        8060.04,
        3435.57,
        6132.05,
        2935.49,
        8053.02,
        4489.83,
        2908.97,
        8574.88,
        4634.49,
        3034.55,
        6918.23,
        4508.08,
        2978.8,
        347.04,
        2182.87,
        4038.9,
        5503.09,
        6523.54,
        7986.91,
        3706.97,
        1608.22,
        4144.97,
        2074.91,
        5964.15,
        8473.72,
        861.84,
        5438.33,
        7951.52,
        6977.81,
        0.0
    ]
}