{
    "configuracao": {
        "codigo_cenario": "HHHLLHL",
        "nivel_ready_time": "alta",
        "variabilidade_processamento": "alta",
        "media_processamento": "alta",
        "estrutura_setup": "simetrica",
        "variabilidade_setup": "baixa",
        "n_maquinas": 10,
        "n_medio_jobs_maquina": 3,
        "n_jobs": 30
    },
    "matriz_setup": [
        [
            null,
            385.52,
            507.12,
            478.43,
            456.6,
            430.67,
            497.13,
            451.8,
            421.34,
            481.17,
            496.97,
            438.16,
            392.62,
            448.08,
            460.15,
            415.58,
            514.53,
            509.63,
            506.42,
            492.88,
            482.18,
            448.57,
            462.37,
            446.91,
            492.2,
            503.37,
            470.26,
            405.83,
            451.49,
            435.9
        ],
        [
            385.52,
            null,
            486.74,
            438.95,
            492.86,
            495.04,
            405.79,
            488.82,
            482.77,
            427.42,
            424.73,
            452.42,
            500.83,
            420.29,
            479.72,
            487.84,
            450.16,
            471.71,
            505.33,
            401.05,
            452.54,
            469.34,
            514.09,
            430.9,
            493.53,
            412.98,
            472.85,
            423.15,
            407.24,
            392.35
        ],
        [
            507.12,
            486.74,
            null,
            470.52,
            481.11,
            512.72,
            389.12,
            443.81,
            394.46,
            390.59,
            443.92,
            486.68,
            472.69,
            404.55,
            424.25,
            430.85,
            474.4,
            468.47,
            471.42,
            452.08,
            479.36,
            455.43,
            424.07,
            473.97,
            401.1,
            419.23,
            389.45,
            504.9,
            513.41,
            411.58
        ],
        [
            478.43,
            438.95,
            470.52,
            null,
            481.37,
            486.6,
            475.94,
            462.27,
            408.7,
            457.49,
            486.2,
            457.82,
            498.25,
            451.68,
            446.41,
            450.23,
            407.68,
            441.12,
            462.26,
            452.28,
            415.9,
            437.95,
            419.7,
            495.27,
            439.09,
            461.96,
            477.14,
            442.1,
            443.81,
            449.14
        ],
        [
            456.6,
            492.86,
            481.11,
            481.37,
            null,
            492.47,
            497.13,
            460.66,
            388.78,
            443.27,
            438.22,
            430.12,
            479.54,
            389.85,
            438.56,
            455.17,
            393.45,
            391.12,
            396.5,
            392.65,
            471.86,
            406.5,
            393.77,
            444.03,
            454.44,
            449.92,
            458.97,
            411.98,
            435.32,
            505.95
        ],
        [
            430.67,
            495.04,
            512.72,
            486.6,
            492.47,
            null,
            451.56,
            490.22,
            505.4,
            411.54,
            385.56,
            489.35,
            456.49,
            513.8,
            446.67,
            463.83,
            500.91,
            399.25,
            423.97,
            479.37,
            404.8,
            409.64,
            398.73,
            407.14,
            438.45,
            469.46,
            398.18,
            461.31,
            483.85,
            514.18
        ],
        [
            497.13,
            405.79,
            389.12,
            475.94,
            497.13,
            451.56,
            null,
            400.17,
            424.4,
            438.72,
            434.13,
            445.64,
            463.08,
            462.57,
            431.06,
            500.0,
            462.52,
            474.8,
            511.8,
            451.06,
            433.46,
            483.46,
            422.47,
            439.01,
            509.29,
            514.85,
            423.22,
            421.7,
            505.39,
            388.27
        ],
        [
            451.8,
            488.82,
            443.81,
            462.27,
            460.66,
            490.22,
            400.17,
            null,
            504.79,
            409.96,
            394.37,
            394.11,
            503.22,
            467.15,
            408.41,
            388.6,
            385.22,
            470.85,
            440.07,
            493.26,
            481.33,
            440.46,
            390.07,
            440.31,
            465.77,
            419.77,
            437.28,
            502.69,
            512.64,
            506.69
        ],
        [
            421.34,
            482.77,
            394.46,
            408.7,
            388.78,
            505.4,
            424.4,
            504.79,
            null,
            514.65,
            427.71,
            422.68,
            393.61,
            464.05,
            403.57,
            401.88,
            386.18,
            513.6,
            433.48,
            473.89,
            476.16,
            451.68,
            447.82,
            442.21,
            470.8,
            458.21,
            499.11,
            488.03,
            477.22,
            504.48
        ],
        [
            481.17,
            427.42,
            390.59,
            457.49,
            443.27,
            411.54,
            438.72,
            409.96,
            514.65,
            null,
            504.12,
            512.81,
            473.96,
            419.01,
            388.32,
            395.08,
            423.36,
            489.47,
            388.48,
            507.79,
            498.44,
            411.58,
            427.13,
            487.83,
            412.05,
            401.05,
            406.13,
            498.48,
            387.38,
            477.38
        ],
        [
            496.97,
            424.73,
            443.92,
            486.2,
            438.22,
            385.56,
            434.13,
            394.37,
            427.71,
            504.12,
            null,
            430.76,
            465.56,
            394.6,
            389.28,
            441.34,
            504.04,
            392.37,
            428.97,
            403.61,
            451.22,
            512.13,
            412.6,
            500.42,
            450.73,
            405.36,
            504.89,
            513.28,
            487.25,
            468.63
        ],
        [
            438.16,
            452.42,
            486.68,
            457.82,
            430.12,
            489.35,
            445.64,
            394.11,
            422.68,
            512.81,
            430.76,
            null,
            464.22,
            426.7,
            500.55,
            456.67,
            474.28,
            460.08,
            508.52,
            476.13,
            462.39,
            475.03,
            462.78,
            466.72,
            402.32,
            402.25,
            450.97,
            449.66,
            467.79,
            484.99
        ],
        [
            392.62,
            500.83,
            472.69,
            498.25,
            479.54,
            456.49,
            463.08,
            503.22,
            393.61,
            473.96,
            465.56,
            464.22,
            null,
            495.58,
            500.58,
            429.2,
            385.99,
            442.74,
            434.72,
            514.41,
            396.5,
            498.49,
            395.41,
            385.06,
            445.75,
            437.17,
            455.1,
            386.25,
            426.07,
            429.42
        ],
        [
            448.08,
            420.29,
            404.55,
            451.68,
            389.85,
            513.8,
            462.57,
            467.15,
            464.05,
            419.01,
            394.6,
            426.7,
            495.58,
            null,
            486.08,
            450.67,
            404.07,
            419.33,
            509.29,
            387.1,
            481.23,
            493.6,
            505.74,
            477.01,
            474.15,
            413.49,
            412.06,
            480.41,
            492.94,
            398.07
        ],
        [
            460.15,
            479.72,
            424.25,
            446.41,
            438.56,
            446.67,
            431.06,
            408.41,
            403.57,
            388.32,
            389.28,
            500.55,
            500.58,
            486.08,
            null,
            493.87,
            443.24,
            485.65,
            434.97,
            392.88,
            393.26,
            462.85,
            506.54,
            431.93,
            455.66,
            387.48,
            404.4,
            469.57,
            414.52,
            456.37
        ],
        [
            415.58,
            487.84,
            430.85,
            450.23,
            455.17,
            463.83,
            500.0,
            388.6,
            401.88,
            395.08,
            441.34,
            456.67,
            429.2,
            450.67,
            493.87,
            null,
            434.77,
            484.47,
            476.27,
            460.17,
            499.56,
            488.71,
            496.54,
            474.56,
            474.22,
            474.49,
            447.14,
            390.71,
            472.59,
            453.4
        ],
        [
            514.53,
            450.16,
            474.4,
            407.68,
            393.45,
            500.91,
            462.52,
            385.22,
            386.18,
            423.36,
            504.04,
            474.28,
            385.99,
            404.07,
            443.24,
            434.77,
            null,
            478.73,
            513.66,
            510.69,
            460.02,
            510.33,
            385.29,
            438.61,
            391.0,
            503.75,
            391.34,
            452.58,
            455.44,
            413.49
        ],
        [
            509.63,
            471.71,
            468.47,
            441.12,
            391.12,
            399.25,
            474.8,
            470.85,
            513.6,
            489.47,
            392.37,
            460.08,
            442.74,
            419.33,
            485.65,
            484.47,
            478.73,
            null,
            514.36,
            476.49,
            506.49,
            490.13,
            393.87,
            415.39,
            399.34,
            495.26,
            406.64,
            404.97,
            441.62,
            470.3
        ],
        [
            506.42,
            505.33,
            471.42,
            462.26,
            396.5,
            423.97,
            511.8,
            440.07,
            433.48,
            388.48,
            428.97,
            508.52,
            434.72,
            509.29,
            434.97,
            476.27,
            513.66,
            514.36,
            null,
            451.73,
            447.71,
            423.13,
            419.89,
            428.63,
            425.78,
            441.77,
            490.73,
            411.55,
            505.99,
            508.32
        ],
        [
            492.88,
            401.05,
            452.08,
            452.28,
            392.65,
            479.37,
            451.06,
            493.26,
            473.89,
            507.79,
            403.61,
            476.13,
            514.41,
            387.1,
            392.88,
            460.17,
            510.69,
            476.49,
            451.73,
            null,
            472.76,
            473.14,
            405.24,
            454.74,
            507.48,
            425.61,
            400.74,
            397.19,
            490.96,
            495.42
        ],
        [
            482.18,
            452.54,
            479.36,
            415.9,
            471.86,
            404.8,
            433.46,
            481.33,
            476.16,
            498.44,
            451.22,
            462.39,
            396.5,
            481.23,
            393.26,
            499.56,
            460.02,
            506.49,
            447.71,
            472.76,
            null,
            428.86,
            485.72,
            461.06,
            495.27,
            392.86,
            486.68,
            420.75,
            469.49,
            386.7
        ],
        [
            448.57,
            469.34,
            455.43,
            437.95,
            406.5,
            409.64,
            483.46,
            440.46,
            451.68,
            411.58,
            512.13,
            475.03,
            498.49,
            493.6,
            462.85,
            488.71,
            510.33,
            490.13,
            423.13,
            473.14,
            428.86,
            null,
            415.71,
            474.72,
            391.79,
            410.93,
            453.24,
            428.53,
            489.47,
            476.55
        ],
        [
            462.37,
            514.09,
            424.07,
            419.7,
            393.77,
            398.73,
            422.47,
            390.07,
            447.82,
            427.13,
            412.6,
            462.78,
            395.41,
            505.74,
            506.54,
            496.54,
            385.29,
            393.87,
            419.89,
            405.24,
            485.72,
            415.71,
            null,
            394.41,
            494.03,
            493.96,
            474.51,
            394.53,
            478.3,
            512.74
        ],
        [
            446.91,
            430.9,
            473.97,
            495.27,
            444.03,
            407.14,
            439.01,
            440.31,
            442.21,
            487.83,
            500.42,
            466.72,
            385.06,
            477.01,
            431.93,
            474.56,
            438.61,
            415.39,
            428.63,
            454.74,
            461.06,
            474.72,
            394.41,
            null,
            469.03,
            509.97,
            473.94,
            414.12,
            439.01,
            509.82
        ],
        [
            492.2,
            493.53,
            401.1,
            439.09,
            454.44,
            438.45,
            509.29,
            465.77,
            470.8,
            412.05,
            450.73,
            402.32,
            445.75,
            474.15,
            455.66,
            474.22,
            391.0,
            399.34,
            425.78,
            507.48,
            495.27,
            391.79,
            494.03,
            469.03,
            null,
            493.79,
            507.48,
            511.04,
            405.07,
            489.65
        ],
        [
            503.37,
            412.98,
            419.23,
            461.96,
            449.92,
            469.46,
            514.85,
            419.77,
            458.21,
            401.05,
            405.36,
            402.25,
            437.17,
            413.49,
            387.48,
            474.49,
            503.75,
            495.26,
            441.77,
            425.61,
            392.86,
            410.93,
            493.96,
            509.97,
            493.79,
            null,
            395.33,
            510.39,
            495.98,
            484.39
        ],
        [
            470.26,
            472.85,
            389.45,
            477.14,
            458.97,
            398.18,
            423.22,
            437.28,
            499.11,
            406.13,
            504.89,
            450.97,
            455.1,
            412.06,
            404.4,
            447.14,
            391.34,
            406.64,
            490.73,
            400.74,
            486.68,
            453.24,
            474.51,
            473.94,
            507.48,
            395.33,
            null,
            448.67,
            491.17,
            420.75
        ],
        [
            405.83,
            423.15,
            504.9,
            442.1,
            411.98,
            461.31,
            421.7,
            502.69,
            488.03,
            498.48,
            513.28,
            449.66,
            386.25,
            480.41,
            469.57,
            390.71,
            452.58,
            404.97,
            411.55,
            397.19,
            420.75,
            428.53,
            394.53,
            414.12,
            511.04,
            510.39,
            448.67,
            null,
            473.27,
            490.24
        ],
        [
            451.49,
            407.24,
            513.41,
            443.81,
            435.32,
            483.85,
            505.39,
            512.64,
            477.22,
            387.38,
            487.25,
            467.79,
            426.07,
            492.94,
            414.52,
            472.59,
            455.44,
            441.62,
            505.99,
            490.96,
            469.49,
            489.47,
            478.3,
            439.01,
            405.07,
            495.98,
            491.17,
            473.27,
            null,
            406.77
        ],
        [
            435.9,
            392.35,
            411.58,
            449.14,
            505.95,
            514.18,
            388.27,
            506.69,
            504.48,
            477.38,
            468.63,
            484.99,
            429.42,
            398.07,
            456.37,
            453.4,
            413.49,
            470.3,
            508.32,
            495.42,
            386.7,
            476.55,
            512.74,
            509.82,
            489.65,
            484.39,
            420.75,
            490.24,
            406.77,
            null
        ]
    ],
    "tempos_processamento": [
        7170.54,
        5920.43,
        1959.68,
        3653.97,
        6049.69,
        6965.05,
        2133.08,
        3129.12,
        6823.85,
        2076.23,
        4941.52,
        4472.5,
        3416.9,
        4633.75,
        3527.06,
        3179.37,
        6674.56,
        6549.84,
        4259.71,
        2089.8,
        4216.12,
        2146.32,
        6697.68,
        5163.81,
        5230.19,
        6430.96,
        3016.22,
        5969.79,
        7162.45,
        2771.09
    ],
    "ready_times": [
        4748.51,
        493.26,
        5110.54,
        1551.93,
        7649.53,
        3436.04,
        2895.28,
        5626.13,
        0.0,
        9510.51,
        9780.59,
        3591.82,
        7795.15,
        6862.65,
        7903.37,
        9159.0,
        7181.96,
        3198.1,
        49.91,
        6146.21,
        3376.69,
        8290.18,
        5146.44,
        9762.42,
        1492.88,
        8202.17,
        6447.29,
        1271.02,
        3024.32,
        469.57
    ]
}