{
    "configuracao": {
        "codigo_cenario": "HHHLHHL",
        "nivel_ready_time": "alta",
        "variabilidade_processamento": "alta",
        "media_processamento": "alta",
        "estrutura_setup": "simetrica",
        "variabilidade_setup": "alta",
        "n_maquinas": 10,
        "n_medio_jobs_maquina": 3,
        "n_jobs": 30
    },
    "matriz_setup": [
        [
            null,
            360.12,
            560.09,
            506.93,
            538.42,
            450.23,
            530.28,
            553.97,
            321.58,
            419.81,
            415.98,
            472.01,
            558.63,
            426.32,
            571.53,
            513.27,
            409.49,
            480.1,
            381.95,
            494.85,
            342.96,
            422.22,
            325.91,
            533.26,
            330.38,
            557.23,
            371.38,
            405.86,
            334.8,
            448.84
        ],
        [
            360.12,
            null,
            375.04,
            361.8,
            566.9,
            365.0,
            375.22,
            556.27,
            403.99,
            526.75,
            438.58,
            503.18,
            558.5,
            474.31,
            407.42,
            496.73,
            432.21,
            392.91,
            541.55,
            429.36,
            503.67,
            465.48,
            398.02,
            535.76,
            366.11,
            383.58,
            487.65,
            439.95,
            332.29,
            523.96
        ],
        [
            560.09,
            375.04,
            null,
            426.22,
            565.47,
            565.53,
            447.62,
            349.03,
            444.73,
            510.3,
            518.37,
            375.4,
            578.98,
            404.33,
            579.86,
            550.08,
            571.57,
            414.71,
            427.13,
            510.05,
            495.33,
            413.11,
            447.94,
            463.52,
            533.28,
            565.93,
            559.88,
            369.81,
            537.02,
            503.06
        ],
        [
            506.93,
            361.8,
            426.22,
            null,
            372.33,
            544.27,
            515.6,
            515.12,
            444.25,
            379.58,
            463.27,
            519.59,
            330.87,
            436.93,
            390.64,
            449.13,
            396.66,
            543.45,
            346.1,
            327.38,
            560.39,
            533.63,
            520.13,
            333.49,
            425.56,
            462.85,
            474.72,
            458.25,
            570.96,
            375.66
        ],
        [
            538.42,
            566.9,
            565.47,
            372.33,
            null,
            378.12,
            424.49,
            407.76,
            359.71,
            379.05,
            429.95,
            335.68,
            524.3,
            483.24,
            541.34,
            417.33,
            484.02,
            549.93,
            336.77,
            453.9,
            376.05,
            348.35,
            524.51,
            559.71,
            469.21,
            506.94,
            362.17,
            527.43,
            338.39,
            340.03
        ],
        [
            450.23,
            365.0,
            565.53,
            544.27,
            378.12,
            null,
            565.14,
            528.48,
            398.97,
            423.72,
            391.65,
            522.77,
            341.34,
            508.52,
            380.87,
            534.74,
            414.81,
            547.45,
            349.77,
            471.95,
            484.4,
            536.47,
            472.03,
            495.47,
            349.53,
            353.54,
            388.11,
            325.79,
            415.47,
            374.08
        ],
        [
            530.28,
            375.22,
            447.62,
            515.6,
            424.49,
            565.14,
            null,
            488.47,
            495.45,
            550.82,
            521.83,
            510.31,
            548.62,
            436.21,
            457.82,
            347.47,
            451.18,
            453.41,
            543.37,
            390.56,
            548.27,
            496.58,
            451.34,
            322.07,
            553.48,
            483.77,
            499.48,
            402.33,
            431.32,
            454.44
        ],
        [
            553.97,
            556.27,
            349.03,
            515.12,
            407.76,
            528.48,
            488.47,
            null,
            357.9,
            571.0,
            569.41,
            447.25,
            496.11,
            393.04,
            379.66,
            349.8,
            575.74,
            430.41,
            342.85,
            506.7,
            343.59,
            490.43,
            378.6,
            550.85,
            558.15,
            355.97,
            469.38,
            485.81,
            569.23,
            467.93
        ],
        [
            321.58,
            403.99,
            444.73,
            444.25,
            359.71,
            398.97,
            495.45,
            357.9,
            null,
            327.18,
            459.06,
            435.94,
            419.12,
            576.87,
            540.56,
            494.74,
            369.35,
            374.51,
            418.68,
            390.49,
            438.96,
            546.86,
            384.25,
            377.02,
            362.99,
            540.21,
            527.81,
            387.43,
            514.88,
            419.94
        ],
        [
            419.81,
            526.75,
            510.3,
            379.58,
            379.05,
            423.72,
            550.82,
            571.0,
            327.18,
            null,
            376.17,
            492.48,
            399.79,
            322.8,
            337.34,
            499.04,
            353.57,
            485.61,
            506.34,
            529.66,
            556.74,
            426.66,
            466.79,
            387.4,
            564.1,
            573.38,
            567.32,
            435.76,
            511.56,
            435.77
        ],
        [
            415.98,
            438.58,
            518.37,
            463.27,
            429.95,
            391.65,
            521.83,
            569.41,
            459.06,
            376.17,
            null,
            575.55,
            565.25,
            353.94,
            547.74,
            405.29,
            511.28,
            418.58,
            512.53,
            323.46,
            572.73,
            541.09,
            491.04,
            550.14,
            516.66,
            339.48,
            420.19,
            371.66,
            482.59,
            502.4
        ],
        [
            472.01,
            503.18,
            375.4,
            519.59,
            335.68,
            522.77,
            510.31,
            447.25,
            435.94,
            492.48,
            575.55,
            null,
            548.18,
            522.3,
            362.27,
            442.53,
            551.0,
            575.76,
            401.43,
            337.94,
            446.97,
            375.88,
            363.37,
            457.28,
            579.19,
            486.31,
            416.07,
            382.55,
            506.4,
            479.5
        ],
        [
            558.63,
            558.5,
            578.98,
            330.87,
            524.3,
            341.34,
            548.62,
            496.11,
            419.12,
            399.79,
            565.25,
            548.18,
            null,
            423.85,
            545.0,
            342.44,
            575.07,
            433.96,
            454.48,
            530.58,
            378.41,
            539.39,
            504.23,
            466.15,
            577.09,
            462.39,
            530.07,
            551.97,
            346.91,
            560.04
        ],
        [
            426.32,
            474.31,
            404.33,
            436.93,
            483.24,
            508.52,
            436.21,
            393.04,
            576.87,
            322.8,
            353.94,
            522.3,
            423.85,
            null,
            389.72,
            554.57,
            370.86,
            366.54,
            438.23,
            361.57,
            568.85,
            328.54,
            527.19,
            496.72,
            468.9,
            354.55,
            403.93,
            514.73,
            555.99,
            336.5
        ],
        [
            571.53,
            407.42,
            579.86,
            390.64,
            541.34,
            380.87,
            457.82,
            379.66,
            540.56,
            337.34,
            547.74,
            362.27,
            545.0,
            389.72,
            null,
            461.68,
            532.37,
            402.46,
            556.9,
            343.56,
            335.21,
            405.69,
            381.3,
            421.54,
            509.4,
            447.65,
            358.17,
            476.39,
            512.47,
            510.19
        ],
        [
            513.27,
            496.73,
            550.08,
            449.13,
            417.33,
            534.74,
            347.47,
            349.8,
            494.74,
            499.04,
            405.29,
            442.53,
            342.44,
            554.57,
            461.68,
            null,
            365.25,
            441.92,
            394.68,
            567.72,
            459.27,
            329.82,
            557.09,
            579.1,
            454.29,
            380.73,
            325.31,
            388.0,
            472.9,
            406.41
        ],
        [
            409.49,
            432.21,
            571.57,
            396.66,
            484.02,
            414.81,
            451.18,
            575.74,
            369.35,
            353.57,
            511.28,
            551.0,
            575.07,
            370.86,
            532.37,
            365.25,
            null,
            331.22,
            563.14,
            345.7,
            574.95,
            387.71,
            412.79,
            469.39,
            408.66,
            502.66,
            373.99,
            377.87,
            550.85,
            351.53
        ],
        [
            480.1,
            392.91,
            414.71,
            543.45,
            549.93,
            547.45,
            453.41,
            430.41,
            374.51,
            485.61,
            418.58,
            575.76,
            433.96,
            366.54,
            402.46,
            441.92,
            331.22,
            null,
            335.96,
            352.19,
            466.51,
            491.65,
            503.11,
            484.28,
            340.04,
            456.61,
            552.64,
            506.81,
            538.26,
            530.98
        ],
        [
            381.95,
            541.55,
            427.13,
            346.1,
            336.77,
            349.77,
            543.37,
            342.85,
            418.68,
            506.34,
            512.53,
            401.43,
            454.48,
            438.23,
            556.9,
            394.68,
            563.14,
            335.96,
            null,
            419.67,
            460.04,
            571.91,
            340.18,
            450.29,
            540.92,
            527.02,
            456.53,
            481.7,
            412.38,
            375.53
        ],
        [
            494.85,
            429.36,
            510.05,
            327.38,
            453.9,
            471.95,
            390.56,
            506.7,
            390.49,
            529.66,
            323.46,
            337.94,
            530.58,
            361.57,
            343.56,
            567.72,
            345.7,
            352.19,
            419.67,
            null,
            432.31,
            323.14,
            369.77,
            338.68,
            565.87,
            569.07,
            578.06,
            440.92,
            321.69,
            330.58
        ],
        [
            342.96,
            503.67,
            495.33,
            560.39,
            376.05,
            484.4,
            548.27,
            343.59,
            438.96,
            556.74,
            572.73,
            446.97,
            378.41,
            568.85,
            335.21,
            459.27,
            574.95,
            466.51,
            460.04,
            432.31,
            null,
            518.53,
            523.86,
            531.15,
            504.91,
            530.65,
            492.86,
            410.11,
            523.28,
            362.9
        ],
        [
            422.22,
            465.48,
            413.11,
            533.63,
            348.35,
            536.47,
            496.58,
            490.43,
            546.86,
            426.66,
            541.09,
            375.88,
            539.39,
            328.54,
            405.69,
            329.82,
            387.71,
            491.65,
            571.91,
            323.14,
            518.53,
            null,
            329.24,
            540.44,
            468.67,
            457.05,
            519.67,
            327.71,
            363.23,
            429.68
        ],
        [
            325.91,
            398.02,
            447.94,
            520.13,
            524.51,
            472.03,
            451.34,
            378.6,
            384.25,
            466.79,
            491.04,
            363.37,
            504.23,
            527.19,
            381.3,
            557.09,
            412.79,
            503.11,
            340.18,
            369.77,
            523.86,
            329.24,
            null,
            378.93,
            407.83,
            564.83,
            487.68,
            386.25,
            564.26,
            337.31
        ],
        [
            533.26,
            535.76,
            463.52,
            333.49,
            559.71,
            495.47,
            322.07,
            550.85,
            377.02,
            387.4,
            550.14,
            457.28,
            466.15,
            496.72,
            421.54,
            579.1,
            469.39,
            484.28,
            450.29,
            338.68,
            531.15,
            540.44,
            378.93,
            null,
            324.08,
            422.14,
            499.52,
            571.82,
            322.72,
            447.31
        ],
        [
            330.38,
            366.11,
            533.28,
            425.56,
            469.21,
            349.53,
            553.48,
            558.15,
            362.99,
            564.1,
            516.66,
            579.19,
            577.09,
            468.9,
            509.4,
            454.29,
            408.66,
            340.04,
            540.92,
            565.87,
            504.91,
            468.67,
            407.83,
            324.08,
            null,
            560.64,
            363.51,
            407.74,
            403.6,
            480.87
        ],
        [
            557.23,
            383.58,
            565.93,
            462.85,
            506.94,
            353.54,
            483.77,
            355.97,
            540.21,
            573.38,
            339.48,
            486.31,
            462.39,
            354.55,
            447.65,
            380.73,
            502.66,
            456.61,
            527.02,
            569.07,
            530.65,
            457.05,
            564.83,
            422.14,
            560.64,
            null,
            574.12,
            510.14,
            533.28,
            497.36
        ],
        [
            371.38,
            487.65,
            559.88,
            474.72,
            362.17,
            388.11,
            499.48,
            469.38,
            527.81,
            567.32,
            420.19,
            416.07,
            530.07,
            403.93,
            358.17,
            325.31,
            373.99,
            552.64,
            456.53,
            578.06,
            492.86,
            519.67,
            487.68,
            499.52,
            363.51,
            574.12,
            null,
            358.2,
            485.08,
            344.51
        ],
        [
            405.86,
            439.95,
            369.81,
            458.25,
            527.43,
            325.79,
            402.33,
            485.81,
            387.43,
            435.76,
            371.66,
            382.55,
            551.97,
            514.73,
            476.39,
            388.0,
            377.87,
            506.81,
            481.7,
            440.92,
            410.11,
            327.71,
            386.25,
            571.82,
            407.74,
            510.14,
            358.2,
            null,
            365.56,
            486.6
        ],
        [
            334.8,
            332.29,
            537.02,
            570.96,
            338.39,
            415.47,
            431.32,
            569.23,
            514.88,
            511.56,
            482.59,
            506.4,
            346.91,
            555.99,
            512.47,
            472.9,
            550.85,
            538.26,
            412.38,
            321.69,
            523.28,
            363.23,
            564.26,
            322.72,
            403.6,
            533.28,
            485.08,
            365.56,
            null,
            386.92
        ],
        [
            448.84,
            523.96,
            503.06,
            375.66,
            340.03,
            374.08,
            454.44,
            467.93,
            419.94,
            435.77,
            502.4,
            479.5,
            560.04,
            336.5,
            510.19,
            406.41,
            351.53,
            530.98,
            375.53,
            330.58,
            362.9,
            429.68,
            337.31,
            447.31,
            480.87,
            497.36,
            344.51,
            486.6,
            386.92,
            null
        ]
    ],
    "tempos_processamento": [
        3469.55,
        4773.09,
        5992.77,
        2667.91,
        3194.49,
        3150.19,
        5260.9,
        6349.54,
        3449.95,
        6602.81,
        7138.61,
        2941.55,
        4498.78,
        6278.16,
        4186.98,
        1963.6,
        6456.67,
        2178.24,
        5976.32,
        6677.74,
        3035.82,
        3056.98,
        6215.43,
        3109.47,
        5964.84,
        2911.35,
        4392.96,
        2342.0,
        3529.52,
        2001.58
    ],
    "ready_times": [
        767.99,
        9076.55,
        154.45,
        817.36,
        5020.15,
        7992.09,
        7967.5,
        8993.46,
        0.0,
        9377.05,
        7973.44,
        4346.66,
        5656.71,
        8573.08,
        1474.08,
        9198.94,
        7356.32,
        6254.05,
        272.98,
        3342.51,
        1603.58,
        2030.94,
        7469.42,
        1241.66,
        5863.68,
        4600.96,
        7027.76,
        3079.98,
        3994.81,
        8436.41
    ]
}