{
    "configuracao": {
        "codigo_cenario": "HHHLHHL",
        "nivel_ready_time": "alta",
        "variabilidade_processamento": "alta",
        "media_processamento": "alta",
        "estrutura_setup": "simetrica",
        "variabilidade_setup": "alta",
        "n_maquinas": 10,
        "n_medio_jobs_maquina": 3,
        "n_jobs": 30
    },
    "matriz_setup": [
        [
            null,
            523.84,
            453.35,
            449.78,
            407.52,
            519.57,
            466.56,
            340.38,
            471.52,
            487.29,
            436.81,
            478.55,
            457.04,
            384.56,
            324.83,
            438.47,
            388.34,
            524.27,
            546.71,
            487.25,
            460.06,
            356.3,
            401.34,
            494.93,
            369.45,
            530.57,
            385.83,
            401.27,
            487.09,
            431.02
        ],
        [
            523.84,
            null,
            489.07,
            461.44,
            402.52,
            408.18,
            393.13,
            450.69,
            423.77,
            439.26,
            336.57,
            466.25,
            434.85,
            426.51,
            576.57,
            408.62,
            392.85,
            392.32,
            561.83,
            363.23,
            574.58,
            355.84,
            394.06,
            331.02,
            543.15,
            334.41,
            401.77,
            489.01,
            528.73,
            410.55
        ],
        [
            453.35,
            489.07,
            null,
            445.96,
            524.6,
            449.42,
            569.72,
            399.81,
            522.47,
            465.11,
            524.8,
            479.67,
            473.09,
            380.68,
            322.29,
            525.02,
            579.7,
            370.98,
            519.75,
            381.55,
            492.06,
            502.99,
            531.98,
            380.06,
            322.44,
            396.86,
            419.31,
            563.44,
            430.4,
            367.27
        ],
        [
            449.78,
            461.44,
            445.96,
            null,
            329.5,
            349.61,
            430.02,
            421.08,
            554.12,
            348.64,
            354.94,
            536.87,
            546.04,
            564.05,
            548.16,
            427.9,
            345.72,
            501.77,
            574.75,
            417.64,
            429.99,
            336.7,
            506.5,
            565.85,
            448.88,
            478.78,
            549.21,
            518.82,
            374.21,
            498.52
        ],
        [
            407.52,
            402.52,
            524.6,
            329.5,
            null,
            455.3,
            528.48,
            398.26,
            404.23,
            325.79,
            443.62,
            341.34,
            423.15,
            528.85,
            433.81,
            352.87,
            518.83,
            432.17,
            546.76,
            325.53,
            462.25,
            442.34,
            469.75,
            520.64,
            429.2,
            419.69,
            433.55,
            389.66,
            409.48,
            334.43
        ],
        [
            519.57,
            408.18,
            449.42,
            349.61,
            455.3,
            null,
            369.23,
            438.54,
            368.56,
            454.36,
            440.44,
            426.0,
            413.5,
            548.4,
            381.47,
            516.8,
            481.2,
            332.93,
            500.24,
            377.98,
            401.52,
            334.61,
            428.3,
            567.13,
            431.04,
            372.31,
            577.49,
            541.95,
            498.69,
            543.74
        ],
        [
            466.56,
            393.13,
            569.72,
            430.02,
            528.48,
            369.23,
            null,
            435.2,
            383.23,
            379.39,
            525.31,
            357.34,
            472.29,
            500.05,
            323.14,
            420.09,
            432.84,
            519.31,
            514.54,
            329.73,
            479.12,
            341.15,
            411.58,
            370.3,
            370.18,
            377.0,
            400.28,
            447.35,
            328.17,
            555.73
        ],
        [
            340.38,
            450.69,
            399.81,
            421.08,
            398.26,
            438.54,
            435.2,
            null,
            388.94,
            387.42,
            565.08,
            377.05,
            498.67,
            348.02,
            373.24,
            384.32,
            359.28,
            575.8,
            459.46,
            342.34,
            496.07,
            480.6,
            361.02,
            428.23,
            420.32,
            336.23,
            411.42,
            557.81,
            458.42,
            463.4
        ],
        [
            471.52,
            423.77,
            522.47,
            554.12,
            404.23,
            368.56,
            383.23,
            388.94,
            null,
            578.4,
            432.47,
            573.2,
            546.61,
            361.73,
            418.1,
            525.48,
            496.3,
            485.11,
            335.85,
            506.68,
            332.13,
            402.8,
            398.77,
            545.58,
            343.99,
            397.36,
            572.12,
            405.4,
            564.15,
            397.21
        ],
        [
            487.29,
            439.26,
            465.11,
            348.64,
            325.79,
            454.36,
            379.39,
            387.42,
            578.4,
            null,
            405.28,
            378.26,
            464.24,
            366.42,
            491.13,
            518.29,
            520.21,
            527.33,
            320.92,
            412.48,
            486.23,
            447.12,
            546.78,
            553.13,
            435.19,
            564.73,
            487.54,
            383.73,
            451.2,
            531.77
        ],
        [
            436.81,
            336.57,
            524.8,
            354.94,
            443.62,
            440.44,
            525.31,
            565.08,
            432.47,
            405.28,
            null,
            511.91,
            529.25,
            454.96,
            381.35,
            547.12,
            494.33,
            327.15,
            379.07,
            428.18,
            381.57,
            563.3,
            388.83,
            512.82,
            487.95,
            509.78,
            378.6,
            337.51,
            511.0,
            433.04
        ],
        [
            478.55,
            466.25,
            479.67,
            536.87,
            341.34,
            426.0,
            357.34,
            377.05,
            573.2,
            378.26,
            511.91,
            null,
            361.5,
            559.47,
            337.14,
            395.82,
            447.4,
            397.49,
            384.59,
            521.25,
            570.02,
            464.01,
            445.04,
            432.76,
            567.29,
            510.49,
            467.87,
            573.39,
            333.78,
            501.84
        ],
        [
            457.04,
            434.85,
            473.09,
            546.04,
            423.15,
            413.5,
            472.29,
            498.67,
            546.61,
            464.24,
            529.25,
            361.5,
            null,
            556.99,
            517.84,
            491.0,
            472.05,
            556.25,
            535.93,
            444.27,
            409.37,
            393.93,
            424.98,
            537.4,
            534.28,
            466.07,
            521.73,
            534.86,
            339.61,
            506.0
        ],
        [
            384.56,
            426.51,
            380.68,
            564.05,
            528.85,
            548.4,
            500.05,
            348.02,
            361.73,
            366.42,
            454.96,
            559.47,
            556.99,
            null,
            402.54,
            367.1,
            464.39,
            354.84,
            478.76,
            452.77,
            406.3,
            392.79,
            464.93,
            496.02,
            441.7,
            464.37,
            475.24,
            578.19,
            439.76,
            466.35
        ],
        [
            324.83,
            576.57,
            322.29,
            548.16,
            433.81,
            381.47,
            323.14,
            373.24,
            418.1,
            491.13,
            381.35,
            337.14,
            517.84,
            402.54,
            null,
            452.63,
            384.73,
            527.4,
            346.09,
            399.5,
            345.43,
            386.24,
            444.16,
            445.84,
            413.38,
            371.11,
            482.53,
            565.11,
            356.72,
            484.23
        ],
        [
            438.47,
            408.62,
            525.02,
            427.9,
            352.87,
            516.8,
            420.09,
            384.32,
            525.48,
            518.29,
            547.12,
            395.82,
            491.0,
            367.1,
            452.63,
            null,
            413.35,
            334.2,
            483.12,
            429.28,
            326.95,
            324.94,
            564.61,
            529.43,
            523.84,
            479.9,
            562.83,
            556.56,
            417.66,
            545.16
        ],
        [
            388.34,
            392.85,
            579.7,
            345.72,
            518.83,
            481.2,
            432.84,
            359.28,
            496.3,
            520.21,
            494.33,
            447.4,
            472.05,
            464.39,
            384.73,
            413.35,
            null,
            438.5,
            539.96,
            379.02,
            335.97,
            431.36,
            413.1,
            374.82,
            468.79,
            432.79,
            410.34,
            529.28,
            415.66,
            397.76
        ],
        [
            524.27,
            392.32,
            370.98,
            501.77,
            432.17,
            332.93,
            519.31,
            575.8,
            485.11,
            527.33,
            327.15,
            397.49,
            556.25,
            354.84,
            527.4,
            334.2,
            438.5,
            null,
            435.92,
            514.52,
            390.06,
            565.55,
            449.9,
            414.06,
            420.71,
            453.97,
            426.25,
            558.78,
            545.29,
            548.75
        ],
        [
            546.71,
            561.83,
            519.75,
            574.75,
            546.76,
            500.24,
            514.54,
            459.46,
            335.85,
            320.92,
            379.07,
            384.59,
            535.93,
            478.76,
            346.09,
            483.12,
            539.96,
            435.92,
            null,
            564.56,
            424.22,
            436.09,
            453.39,
            366.65,
            474.92,
            427.54,
            443.52,
            514.63,
            551.69,
            452.4
        ],
        [
            487.25,
            363.23,
            381.55,
            417.64,
            325.53,
            377.98,
            329.73,
            342.34,
            506.68,
            412.48,
            428.18,
            521.25,
            444.27,
            452.77,
            399.5,
            429.28,
            379.02,
            514.52,
            564.56,
            null,
            395.97,
            437.68,
            511.2,
            392.19,
            388.46,
            420.54,
            568.14,
            437.36,
            369.63,
            452.77
        ],
        [
            460.06,
            574.58,
            492.06,
            429.99,
            462.25,
            401.52,
            479.12,
            496.07,
            332.13,
            486.23,
            381.57,
            570.02,
            409.37,
            406.3,
            345.43,
            326.95,
            335.97,
            390.06,
            424.22,
            395.97,
            null,
            443.91,
            447.95,
            323.05,
            465.69,
            528.43,
            457.22,
            493.9,
            560.88,
            451.05
        ],
        [
            356.3,
            355.84,
            502.99,
            336.7,
            442.34,
            334.61,
            341.15,
            480.6,
            402.8,
            447.12,
            563.3,
            464.01,
            393.93,
            392.79,
            386.24,
            324.94,
            431.36,
            565.55,
            436.09,
            437.68,
            443.91,
            null,
            339.41,
            382.32,
            532.89,
            563.66,
            557.1,
            410.18,
            502.81,
            383.81
        ],
        [
            401.34,
            394.06,
            531.98,
            506.5,
            469.75,
            428.3,
            411.58,
            361.02,
            398.77,
            546.78,
            388.83,
            445.04,
            424.98,
            464.93,
            444.16,
            564.61,
            413.1,
            449.9,
            453.39,
            511.2,
            447.95,
            339.41,
            null,
            361.69,
            329.43,
            527.41,
            393.87,
            563.4,
            573.02,
            538.89
        ],
        [
            494.93,
            331.02,
            380.06,
            565.85,
            520.64,
            567.13,
            370.3,
            428.23,
            545.58,
            553.13,
            512.82,
            432.76,
            537.4,
            496.02,
            445.84,
            529.43,
            374.82,
            414.06,
            366.65,
            392.19,
            323.05,
            382.32,
            361.69,
            null,
            458.37,
            560.03,
            376.74,
            475.58,
            453.58,
            485.9
        ],
        [
            369.45,
            543.15,
            322.44,
            448.88,
            429.2,
            431.04,
            370.18,
            420.32,
            343.99,
            435.19,
            487.95,
            567.29,
            534.28,
            441.7,
            413.38,
            523.84,
            468.79,
            420.71,
            474.92,
            388.46,
            465.69,
            532.89,
            329.43,
            458.37,
            null,
            505.74,
            444.88,
            571.77,
            504.81,
            573.37
        ],
        [
            530.57,
            334.41,
            396.86,
            478.78,
            419.69,
            372.31,
            377.0,
            336.23,
            397.36,
            564.73,
            509.78,
            510.49,
            466.07,
            464.37,
            371.11,
            479.9,
            432.79,
            453.97,
            427.54,
            420.54,
            528.43,
            563.66,
            527.41,
            560.03,
            505.74,
            null,
            345.72,
            490.26,
            577.62,
            323.76
        ],
        [
            385.83,
            401.77,
            419.31,
            549.21,
            433.55,
            577.49,
            400.28,
            411.42,
            572.12,
            487.54,
            378.6,
            467.87,
            521.73,
            475.24,
            482.53,
            562.83,
            410.34,
            426.25,
            443.52,
            568.14,
            457.22,
            557.1,
            393.87,
            376.74,
            444.88,
            345.72,
            null,
            491.59,
            561.17,
            425.4
        ],
        [
            401.27,
            489.01,
            563.44,
            518.82,
            389.66,
            541.95,
            447.35,
            557.81,
            405.4,
            383.73,
            337.51,
            573.39,
            534.86,
            578.19,
            565.11,
            556.56,
            529.28,
            558.78,
            514.63,
            437.36,
            493.9,
            410.18,
            563.4,
            475.58,
            571.77,
            490.26,
            491.59,
            null,
            467.35,
            428.56
        ],
        [
            487.09,
            528.73,
            430.4,
            374.21,
            409.48,
            498.69,
            328.17,
            458.42,
            564.15,
            451.2,
            511.0,
            333.78,
            339.61,
            439.76,
            356.72,
            417.66,
            415.66,
            545.29,
            551.69,
            369.63,
            560.88,
            502.81,
            573.02,
            453.58,
            504.81,
            577.62,
            561.17,
            467.35,
            null,
            557.95
        ],
        [
            431.02,
            410.55,
            367.27,
            498.52,
            334.43,
            543.74,
            555.73,
            463.4,
            397.21,
            531.77,
            433.04,
            501.84,
            506.0,
            466.35,
            484.23,
            545.16,
            397.76,
            548.75,
            452.4,
            452.77,
            451.05,
            383.81,
            538.89,
            485.9,
            573.37,
            323.76,
            425.4,
            428.56,
            557.95,
            null
        ]
    ],
    "tempos_processamento": [
        6083.25,
        5929.92,
        6903.37,
        5843.38,
        5862.38,
        4705.29,
        6592.11,
        4093.59,
        5700.11,
        6488.64,
        6674.92,
        4649.45,
        3818.3,
        3683.96,
        7097.11,
        2927.0,
        5347.38,
        3456.78,
        3306.66,
        2248.54,
        4618.14,
        5278.93,
        4485.35,
        1983.07,
        2728.52,
        1995.63,
        3668.39,
        3355.8,
        5297.92,
        2627.57
    ],
    "ready_times": [
        1925.39,
        2035.15,
        7493.22,
        1895.18,
        6505.91,
        1535.66,
        1013.43,
        0.0,
        8891.7,
        3249.89,
        5598.32,
        8148.25,
        1693.23,
        4452.59,
        8381.61,
        2951.27,
        2373.41,
        6077.53,
        5571.07,
        1725.53,
        8561.99,
        9266.28,
        1456.87,
        1803.77,
        4460.97,
        6515.47,
        2703.66,
        9537.29,
        4219.65,
        6326.62
    ]
}