{
    "configuracao": {
        "codigo_cenario": "HHHLHHL",
        "nivel_ready_time": "alta",
        "variabilidade_processamento": "alta",
        "media_processamento": "alta",
        "estrutura_setup": "simetrica",
        "variabilidade_setup": "alta",
        "n_maquinas": 10,
        "n_medio_jobs_maquina": 3,
        "n_jobs": 30
    },
    "matriz_setup": [
        [
            null,
            460.12,
            570.75,
            409.77,
            432.28,
            390.19,
            508.41,
            469.6,
            443.97,
            577.16,
            381.22,
            528.17,
            373.13,
            565.82,
            475.2,
            544.19,
            341.34,
            327.29,
            339.64,
            579.45,
            484.37,
            336.56,
            484.09,
            460.2,
            545.04,
            379.87,
            465.42,
            430.65,
            396.45,
            417.21
        ],
        [
            460.12,
            null,
            344.01,
            417.94,
            393.79,
            515.23,
            403.43,
            365.43,
            350.63,
            456.95,
            322.08,
            374.13,
            493.56,
            547.66,
            410.95,
            340.27,
            354.93,
            495.68,
            390.09,
            409.72,
            334.46,
            567.54,
            450.94,
            514.12,
            511.99,
            542.27,
            561.65,
            444.57,
            422.94,
            413.52
        ],
        [
            570.75,
            344.01,
            null,
            445.0,
            496.09,
            457.96,
            549.3,
            514.01,
            494.1,
            323.53,
            341.96,
            418.52,
            357.22,
            514.82,
            418.43,
            488.9,
            363.92,
            477.58,
            480.63,
            525.08,
            579.83,
            497.96,
            427.77,
            399.62,
            532.52,
            554.83,
            383.09,
            384.2,
            547.23,
            361.19
        ],
        [
            409.77,
            417.94,
            445.0,
            null,
            502.39,
            438.32,
            461.26,
            579.38,
            346.69,
            385.64,
            486.6,
            453.94,
            489.3,
            533.53,
            474.52,
            433.25,
            547.84,
            350.78,
            413.53,
            514.89,
            533.4,
            372.04,
            327.2,
            410.5,
            518.72,
            338.84,
            534.74,
            515.19,
            360.94,
            572.23
        ],
        [
            432.28,
            393.79,
            496.09,
            502.39,
            null,
            421.43,
            530.04,
            410.52,
            384.66,
            389.2,
            374.59,
            567.97,
            456.2,
            572.96,
            409.96,
            389.54,
            416.99,
            411.03,
            399.02,
            395.96,
            540.67,
            398.69,
            540.11,
            395.38,
            381.55,
            573.6,
            574.79,
            464.93,
            449.22,
            559.8
        ],
        [
            390.19,
            515.23,
            457.96,
            438.32,
            421.43,
            null,
            542.74,
            522.71,
            407.1,
            555.03,
            455.47,
            512.43,
            341.23,
            363.78,
            512.28,
            536.33,
            447.64,
            504.76,
            440.94,
            344.54,
            439.24,
            387.16,
            481.3,
            368.54,
            453.17,
            401.62,
            327.57,
            535.06,
            561.82,
            405.14
        ],
        [
            508.41,
            403.43,
            549.3,
            461.26,
            530.04,
            542.74,
            null,
            501.55,
            421.15,
            412.41,
            504.01,
            385.28,
            559.06,
            368.41,
            567.77,
            352.42,
            485.97,
            374.67,
            529.22,
            543.5,
            498.71,
            575.12,
            366.81,
            333.65,
            349.9,
            568.44,
            339.72,
            450.6,
            342.22,
            436.58
        ],
        [
            469.6,
            365.43,
            514.01,
            579.38,
            410.52,
            522.71,
            501.55,
            null,
            548.69,
            369.03,
            361.21,
            444.69,
            568.38,
            562.0,
            443.69,
            559.61,
            573.46,
            439.92,
            528.96,
            524.08,
            377.85,
            321.39,
            362.75,
            342.08,
            568.58,
            561.89,
            343.78,
            542.63,
            550.58,
            524.55
        ],
        [
            443.97,
            350.63,
            494.1,
            346.69,
            384.66,
            407.1,
            421.15,
            548.69,
            null,
            536.12,
            449.44,
            458.03,
            566.29,
            367.85,
            567.1,
            396.79,
            531.44,
            529.66,
            351.2,
            435.5,
            385.65,
            388.14,
            548.22,
            441.79,
            555.72,
            427.31,
            439.27,
            496.83,
            345.92,
            457.49
        ],
        [
            577.16,
            456.95,
            323.53,
            385.64,
            389.2,
            555.03,
            412.41,
            369.03,
            536.12,
            null,
            528.52,
            475.35,
            352.5,
            341.81,
            384.78,
            413.56,
            404.63,
            415.35,
            413.54,
            532.37,
            348.02,
            326.12,
            554.41,
            482.09,
            462.33,
            471.35,
            416.81,
            502.78,
            353.26,
            469.07
        ],
        [
            381.22,
            322.08,
            341.96,
            486.6,
            374.59,
            455.47,
            504.01,
            361.21,
            449.44,
            528.52,
            null,
            347.83,
            522.14,
            499.63,
            535.66,
            575.77,
            379.32,
            466.69,
            539.39,
            358.27,
            547.35,
            439.76,
            559.76,
            363.53,
            374.86,
            418.65,
            347.92,
            485.51,
            493.73,
            451.44
        ],
        [
            528.17,
            374.13,
            418.52,
            453.94,
            567.97,
            512.43,
            385.28,
            444.69,
            458.03,
            475.35,
            347.83,
            null,
            485.44,
            343.07,
            395.75,
            558.92,
            436.18,
            331.32,
            346.46,
            515.11,
            340.88,
            422.32,
            451.85,
            464.55,
            569.95,
            465.79,
            343.37,
            576.08,
            509.12,
            433.09
        ],
        [
            373.13,
            493.56,
            357.22,
            489.3,
            456.2,
            341.23,
            559.06,
            568.38,
            566.29,
            352.5,
            522.14,
            485.44,
            null,
            365.36,
            557.9,
            358.94,
            323.3,
            328.19,
            534.49,
            529.06,
            334.47,
            330.6,
            417.27,
            525.76,
            570.78,
            370.46,
            339.71,
            497.28,
            449.78,
            355.25
        ],
        [
            565.82,
            547.66,
            514.82,
            533.53,
            572.96,
            363.78,
            368.41,
            562.0,
            367.85,
            341.81,
            499.63,
            343.07,
            365.36,
            null,
            564.5,
            412.83,
            367.17,
            378.6,
            535.37,
            573.95,
            380.77,
            336.64,
            346.4,
            574.71,
            371.03,
            407.15,
            439.69,
            539.06,
            394.24,
            576.25
        ],
        [
            475.2,
            410.95,
            418.43,
            474.52,
            409.96,
            512.28,
            567.77,
            443.69,
            567.1,
            384.78,
            535.66,
            395.75,
            557.9,
            564.5,
            null,
            566.76,
            418.92,
            366.03,
            373.61,
            523.91,
            435.85,
            343.02,
            486.78,
            465.18,
            453.29,
            396.67,
            493.9,
            397.96,
            344.95,
            552.89
        ],
        [
            544.19,
            340.27,
            488.9,
            433.25,
            389.54,
            536.33,
            352.42,
            559.61,
            396.79,
            413.56,
            575.77,
            558.92,
            358.94,
            412.83,
            566.76,
            null,
            349.75,
            492.24,
            394.04,
            356.41,
            573.79,
            480.05,
            562.78,
            567.62,
            572.02,
            500.47,
            337.97,
            406.45,
            548.21,
            333.57
        ],
        [
            341.34,
            354.93,
            363.92,
            547.84,
            416.99,
            447.64,
            485.97,
            573.46,
            531.44,
            404.63,
            379.32,
            436.18,
            323.3,
            367.17,
            418.92,
            349.75,
            null,
            526.01,
            467.44,
            410.08,
            506.36,
            402.98,
            565.78,
            458.14,
            504.05,
            513.53,
            568.42,
            386.99,
            342.14,
            337.65
        ],
        [
            327.29,
            495.68,
            477.58,
            350.78,
            411.03,
            504.76,
            374.67,
            439.92,
            529.66,
            415.35,
            466.69,
            331.32,
            328.19,
            378.6,
            366.03,
            492.24,
            526.01,
            null,
            421.38,
            525.96,
            340.44,
            340.42,
            420.7,
            493.65,
            570.72,
            355.64,
            370.93,
            327.69,
            514.56,
            560.24
        ],
        [
            339.64,
            390.09,
            480.63,
            413.53,
            399.02,
            440.94,
            529.22,
            528.96,
            351.2,
            413.54,
            539.39,
            346.46,
            534.49,
            535.37,
            373.61,
            394.04,
            467.44,
            421.38,
            null,
            485.79,
            402.38,
            330.11,
            569.86,
            435.43,
            479.95,
            496.12,
            495.8,
            499.3,
            526.68,
            321.92
        ],
        [
            579.45,
            409.72,
            525.08,
            514.89,
            395.96,
            344.54,
            543.5,
            524.08,
            435.5,
            532.37,
            358.27,
            515.11,
            529.06,
            573.95,
            523.91,
            356.41,
            410.08,
            525.96,
            485.79,
            null,
            335.11,
            369.38,
            410.8,
            458.62,
            456.92,
            415.54,
            531.77,
            555.67,
            460.56,
            483.1
        ],
        [
            484.37,
            334.46,
            579.83,
            533.4,
            540.67,
            439.24,
            498.71,
            377.85,
            385.65,
            348.02,
            547.35,
            340.88,
            334.47,
            380.77,
            435.85,
            573.79,
            506.36,
            340.44,
            402.38,
            335.11,
            null,
            567.36,
            373.83,
            543.5,
            522.01,
            571.54,
            565.13,
            565.55,
            459.67,
            537.33
        ],
        [
            336.56,
            567.54,
            497.96,
            372.04,
            398.69,
            387.16,
            575.12,
            321.39,
            388.14,
            326.12,
            439.76,
            422.32,
            330.6,
            336.64,
            343.02,
            480.05,
            402.98,
            340.42,
            330.11,
            369.38,
            567.36,
            null,
            553.33,
            449.33,
            355.97,
            511.17,
            528.91,
            431.85,
            349.64,
            435.35
        ],
        [
            484.09,
            450.94,
            427.77,
            327.2,
            540.11,
            481.3,
            366.81,
            362.75,
            548.22,
            554.41,
            559.76,
            451.85,
            417.27,
            346.4,
            486.78,
            562.78,
            565.78,
            420.7,
            569.86,
            410.8,
            373.83,
            553.33,
            null,
            362.39,
            337.62,
            537.94,
            407.63,
            396.99,
            345.19,
            437.75
        ],
        [
            460.2,
            514.12,
            399.62,
            410.5,
            395.38,
            368.54,
            333.65,
            342.08,
            441.79,
            482.09,
            363.53,
            464.55,
            525.76,
            574.71,
            465.18,
            567.62,
            458.14,
            493.65,
            435.43,
            458.62,
            543.5,
            449.33,
            362.39,
            null,
            345.74,
            489.17,
            534.01,
            527.8,
            512.7,
            520.66
        ],
        [
            545.04,
            511.99,
            532.52,
            518.72,
            381.55,
            453.17,
            349.9,
            568.58,
            555.72,
            462.33,
            374.86,
            569.95,
            570.78,
            371.03,
            453.29,
            572.02,
            504.05,
            570.72,
            479.95,
            456.92,
            522.01,
            355.97,
            337.62,
            345.74,
            null,
            560.21,
            568.83,
            373.69,
            489.83,
            324.72
        ],
        [
            379.87,
            542.27,
            554.83,
            338.84,
            573.6,
            401.62,
            568.44,
            561.89,
            427.31,
            471.35,
            418.65,
            465.79,
            370.46,
            407.15,
            396.67,
            500.47,
            513.53,
            355.64,
            496.12,
            415.54,
            571.54,
            511.17,
            537.94,
            489.17,
            560.21,
            null,
            416.41,
            353.52,
            439.72,
            464.15
        ],
        [
            465.42,
            561.65,
            383.09,
            534.74,
            574.79,
            327.57,
            339.72,
            343.78,
            439.27,
            416.81,
            347.92,
            343.37,
            339.71,
            439.69,
            493.9,
            337.97,
            568.42,
            370.93,
            495.8,
            531.77,
            565.13,
            528.91,
            407.63,
            534.01,
            568.83,
            416.41,
            null,
            558.49,
            466.43,
            531.68
        ],
        [
            430.65,
            444.57,
            384.2,
            515.19,
            464.93,
            535.06,
            450.6,
            542.63,
            496.83,
            502.78,
            485.51,
            576.08,
            497.28,
            539.06,
            397.96,
            406.45,
            386.99,
            327.69,
            499.3,
            555.67,
            565.55,
            431.85,
            396.99,
            527.8,
            373.69,
            353.52,
            558.49,
            null,
            450.54,
            518.28
        ],
        [
            396.45,
            422.94,
            547.23,
            360.94,
            449.22,
            561.82,
            342.22,
            550.58,
            345.92,
            353.26,
            493.73,
            509.12,
            449.78,
            394.24,
            344.95,
            548.21,
            342.14,
            514.56,
            526.68,
            460.56,
            459.67,
            349.64,
            345.19,
            512.7,
            489.83,
            439.72,
            466.43,
            450.54,
            null,
            368.2
        ],
        [
            417.21,
            413.52,
            361.19,
            572.23,
            559.8,
            405.14,
            436.58,
            524.55,
            457.49,
            469.07,
            451.44,
            433.09,
            355.25,
            576.25,
            552.89,
            333.57,
            337.65,
            560.24,
            321.92,
            483.1,
            537.33,
            435.35,
            437.75,
            520.66,
            324.72,
            464.15,
            531.68,
            518.28,
            368.2,
            null
        ]
    ],
    "tempos_processamento": [
        7092.4,
        5352.47,
        3258.06,
        5203.77,
        3003.75,
        6565.11,
        4696.69,
        4341.88,
        2419.08,
        5267.15,
        6088.96,
        5465.11,
        4477.31,
        5213.0,
        2548.36,
        2977.69,
        5429.33,
        4122.13,
        4602.27,
        6957.55,
        5992.34,
        6169.81,
        1913.05,
        6732.74,
        3101.71,
        2948.57,
        4982.39,
        5970.63,
        2978.09,
        4445.02
    ],
    "ready_times": [
        9566.32,
        3961.12,
        788.63,
        7642.46,
        3489.02,
        7440.12,
        2540.4,
        8955.8,
        1228.71,
        6611.22,
        2171.42,
        460.14,
        7009.43,
        8510.79,
        5964.8,
        1021.75,
        448.13,
        8295.48,
        2597.49,
        749.0,
        9596.42,
        2030.78,
        5920.61,
        4444.74,
        1520.89,
        5712.28,
        998.82,
        3734.45,
        3560.28,
        0.0
    ]
}