{
    "configuracao": {
        "codigo_cenario": "HHHLHHL",
        "nivel_ready_time": "alta",
        "variabilidade_processamento": "alta",
        "media_processamento": "alta",
        "estrutura_setup": "simetrica",
        "variabilidade_setup": "alta",
        "n_maquinas": 10,
        "n_medio_jobs_maquina": 3,
        "n_jobs": 30
    },
    "matriz_setup": [
        [
            null,
            363.66,
            508.6,
            557.42,
            528.44,
            380.71,
            510.42,
            355.89,
            481.97,
            347.58,
            577.83,
            352.37,
            578.75,
            494.91,
            569.58,
            343.14,
            395.67,
            553.31,
            448.14,
            411.28,
            509.96,
            460.77,
            576.94,
            504.03,
            364.58,
            522.11,
            571.0,
            553.22,
            552.2,
            561.37
        ],
        [
            363.66,
            null,
            355.09,
            352.28,
            415.86,
            330.97,
            449.7,
            434.39,
            564.67,
            560.06,
            548.32,
            533.08,
            436.95,
            545.01,
            344.94,
            410.44,
            428.26,
            373.14,
            370.34,
            532.03,
            380.9,
            460.96,
            434.55,
            538.42,
            553.71,
            386.95,
            329.35,
            536.29,
            518.11,
            566.69
        ],
        [
            508.6,
            355.09,
            null,
            449.74,
            496.81,
            421.32,
            491.74,
            385.4,
            425.95,
            566.74,
            491.43,
            534.54,
            452.77,
            432.26,
            321.07,
            443.26,
            563.81,
            568.23,
            445.08,
            357.05,
            393.32,
            368.66,
            333.31,
            340.24,
            334.13,
            398.04,
            508.35,
            546.52,
            435.41,
            529.74
        ],
        [
            557.42,
            352.28,
            449.74,
            null,
            548.81,
            570.72,
            489.2,
            364.0,
            536.77,
            490.81,
            360.51,
            551.12,
            525.56,
            533.02,
            526.52,
            522.03,
            566.97,
            404.0,
            339.51,
            420.85,
            475.75,
            498.07,
            504.69,
            379.67,
            388.82,
            463.98,
            559.84,
            389.66,
            345.25,
            458.66
        ],
        [
            528.44,
            415.86,
            496.81,
            548.81,
            null,
            394.53,
            321.6,
            429.01,
            392.76,
            365.09,
            550.31,
            349.52,
            337.11,
            520.9,
            535.54,
            517.93,
            373.28,
            489.59,
            512.91,
            579.41,
            511.51,
            569.35,
            448.34,
            409.44,
            451.31,
            424.22,
            518.6,
            490.91,
            523.0,
            392.87
        ],
        [
            380.71,
            330.97,
            421.32,
            570.72,
            394.53,
            null,
            443.29,
            359.69,
            463.62,
            523.21,
            506.8,
            378.44,
            466.6,
            483.88,
            351.1,
            323.47,
            567.43,
            401.73,
            545.59,
            442.07,
            410.72,
            489.6,
            558.07,
            409.27,
            421.49,
            567.68,
            573.89,
            569.45,
            532.66,
            351.74
        ],
        [
            510.42,
            449.7,
            491.74,
            489.2,
            321.6,
            443.29,
            null,
            426.78,
            571.72,
            328.17,
            523.43,
            321.84,
            395.54,
            361.69,
            549.75,
            485.35,
            526.53,
            445.34,
            393.11,
            417.2,
            408.2,
            342.27,
            425.17,
            510.78,
            528.87,
            373.66,
            341.7,
            443.86,
            494.07,
            526.88
        ],
        [
            355.89,
            434.39,
            385.4,
            364.0,
            429.01,
            359.69,
            426.78,
            null,
            415.81,
            488.44,
            450.28,
            375.71,
            466.59,
            483.27,
            368.86,
            570.34,
            480.34,
            446.57,
            488.97,
            411.88,
            419.54,
            403.52,
            576.4,
            330.37,
            548.74,
            426.71,
            340.98,
            384.88,
            356.88,
            387.5
        ],
        [
            481.97,
            564.67,
            425.95,
            536.77,
            392.76,
            463.62,
            571.72,
            415.81,
            null,
            566.67,
            396.53,
            444.98,
            563.95,
            508.91,
            545.22,
            370.65,
            419.81,
            484.71,
            423.76,
            579.65,
            499.97,
            422.46,
            574.96,
            568.78,
            437.18,
            526.0,
            342.39,
            442.47,
            522.44,
            570.18
        ],
        [
            347.58,
            560.06,
            566.74,
            490.81,
            365.09,
            523.21,
            328.17,
            488.44,
            566.67,
            null,
            547.11,
            430.02,
            531.21,
            431.4,
            376.42,
            339.64,
            346.39,
            519.66,
            489.15,
            477.0,
            351.02,
            474.18,
            541.34,
            496.39,
            459.2,
            497.44,
            461.89,
            505.24,
            377.34,
            456.25
        ],
        [
            577.83,
            548.32,
            491.43,
            360.51,
            550.31,
            506.8,
            523.43,
            450.28,
            396.53,
            547.11,
            null,
            489.1,
            473.21,
            412.25,
            420.41,
            342.38,
            572.65,
            346.39,
            320.31,
            515.27,
            368.68,
            533.22,
            371.09,
            347.07,
            516.11,
            399.48,
            549.93,
            558.65,
            413.77,
            503.16
        ],
        [
            352.37,
            533.08,
            534.54,
            551.12,
            349.52,
            378.44,
            321.84,
            375.71,
            444.98,
            430.02,
            489.1,
            null,
            501.76,
            518.8,
            533.98,
            474.02,
            576.94,
            536.89,
            490.16,
            415.2,
            475.83,
            547.1,
            457.46,
            406.55,
            503.31,
            509.09,
            520.35,
            441.51,
            514.13,
            471.35
        ],
        [
            578.75,
            436.95,
            452.77,
            525.56,
            337.11,
            466.6,
            395.54,
            466.59,
            563.95,
            531.21,
            473.21,
            501.76,
            null,
            560.6,
            564.56,
            417.0,
            348.53,
            448.03,
            369.96,
            397.46,
            562.68,
            379.73,
            480.2,
            393.5,
            566.98,
            568.64,
            393.62,
            482.94,
            523.81,
            338.87
        ],
        [
            494.91,
            545.01,
            432.26,
            533.02,
            520.9,
            483.88,
            361.69,
            483.27,
            508.91,
            431.4,
            412.25,
            518.8,
            560.6,
            null,
            461.55,
            538.02,
            557.4,
            473.83,
            445.49,
            383.25,
            333.78,
            564.2,
            451.12,
            470.27,
            506.3,
            550.54,
            367.15,
            361.49,
            421.33,
            517.2
        ],
        [
            569.58,
            344.94,
            321.07,
            526.52,
            535.54,
            351.1,
            549.75,
            368.86,
            545.22,
            376.42,
            420.41,
            533.98,
            564.56,
            461.55,
            null,
            387.37,
            506.01,
            571.92,
            385.25,
            349.96,
            385.0,
            541.9,
            337.85,
            455.48,
            509.82,
            517.14,
            500.14,
            337.96,
            484.49,
            364.89
        ],
        [
            343.14,
            410.44,
            443.26,
            522.03,
            517.93,
            323.47,
            485.35,
            570.34,
            370.65,
            339.64,
            342.38,
            474.02,
            417.0,
            538.02,
            387.37,
            null,
            579.06,
            459.57,
            423.81,
            501.1,
            417.53,
            462.23,
            433.93,
            411.41,
            431.77,
            539.44,
            501.89,
            545.05,
            499.1,
            437.23
        ],
        [
            395.67,
            428.26,
            563.81,
            566.97,
            373.28,
            567.43,
            526.53,
            480.34,
            419.81,
            346.39,
            572.65,
            576.94,
            348.53,
            557.4,
            506.01,
            579.06,
            null,
            438.81,
            523.51,
            367.1,
            330.07,
            528.28,
            443.98,
            359.09,
            443.19,
            578.81,
            538.01,
            380.6,
            492.66,
            507.0
        ],
        [
            553.31,
            373.14,
            568.23,
            404.0,
            489.59,
            401.73,
            445.34,
            446.57,
            484.71,
            519.66,
            346.39,
            536.89,
            448.03,
            473.83,
            571.92,
            459.57,
            438.81,
            null,
            488.63,
            374.3,
            322.1,
            475.8,
            548.4,
            528.09,
            444.3,
            459.14,
            478.53,
            552.19,
            487.14,
            543.74
        ],
        [
            448.14,
            370.34,
            445.08,
            339.51,
            512.91,
            545.59,
            393.11,
            488.97,
            423.76,
            489.15,
            320.31,
            490.16,
            369.96,
            445.49,
            385.25,
            423.81,
            523.51,
            488.63,
            null,
            554.2,
            555.49,
            403.46,
            488.79,
            408.78,
            376.65,
            521.25,
            341.2,
            503.63,
            501.75,
            420.81
        ],
        [
            411.28,
            532.03,
            357.05,
            420.85,
            579.41,
            442.07,
            417.2,
            411.88,
            579.65,
            477.0,
            515.27,
            415.2,
            397.46,
            383.25,
            349.96,
            501.1,
            367.1,
            374.3,
            554.2,
            null,
            355.81,
            321.34,
            449.78,
            518.08,
            514.83,
            512.69,
            533.23,
            505.25,
            504.13,
            383.25
        ],
        [
            509.96,
            380.9,
            393.32,
            475.75,
            511.51,
            410.72,
            408.2,
            419.54,
            499.97,
            351.02,
            368.68,
            475.83,
            562.68,
            333.78,
            385.0,
            417.53,
            330.07,
            322.1,
            555.49,
            355.81,
            null,
            451.73,
            505.72,
            455.07,
            440.15,
            350.93,
            555.22,
            413.49,
            364.83,
            532.84
        ],
        [
            460.77,
            460.96,
            368.66,
            498.07,
            569.35,
            489.6,
            342.27,
            403.52,
            422.46,
            474.18,
            533.22,
            547.1,
            379.73,
            564.2,
            541.9,
            462.23,
            528.28,
            475.8,
            403.46,
            321.34,
            451.73,
            null,
            393.87,
            409.46,
            526.46,
            388.44,
            541.23,
            490.41,
            395.75,
            486.51
        ],
        [
            576.94,
            434.55,
            333.31,
            504.69,
            448.34,
            558.07,
            425.17,
            576.4,
            574.96,
            541.34,
            371.09,
            457.46,
            480.2,
            451.12,
            337.85,
            433.93,
            443.98,
            548.4,
            488.79,
            449.78,
            505.72,
            393.87,
            null,
            453.93,
            398.1,
            405.75,
            548.36,
            403.78,
            502.53,
            452.2
        ],
        [
            504.03,
            538.42,
            340.24,
            379.67,
            409.44,
            409.27,
            510.78,
            330.37,
            568.78,
            496.39,
            347.07,
            406.55,
            393.5,
            470.27,
            455.48,
            411.41,
            359.09,
            528.09,
            408.78,
            518.08,
            455.07,
            409.46,
            453.93,
            null,
            506.4,
            566.21,
            387.21,
            411.79,
            450.09,
            465.79
        ],
        [
            364.58,
            553.71,
            334.13,
            388.82,
            451.31,
            421.49,
            528.87,
            548.74,
            437.18,
            459.2,
            516.11,
            503.31,
            566.98,
            506.3,
            509.82,
            431.77,
            443.19,
            444.3,
            376.65,
            514.83,
            440.15,
            526.46,
            398.1,
            506.4,
            null,
            376.6,
            356.12,
            434.87,
            393.0,
            352.31
        ],
        [
            522.11,
            386.95,
            398.04,
            463.98,
            424.22,
            567.68,
            373.66,
            426.71,
            526.0,
            497.44,
            399.48,
            509.09,
            568.64,
            550.54,
            517.14,
            539.44,
            578.81,
            459.14,
            521.25,
            512.69,
            350.93,
            388.44,
            405.75,
            566.21,
            376.6,
            null,
            451.21,
            502.79,
            562.99,
            413.06
        ],
        [
            571.0,
            329.35,
            508.35,
            559.84,
            518.6,
            573.89,
            341.7,
            340.98,
            342.39,
            461.89,
            549.93,
            520.35,
            393.62,
            367.15,
            500.14,
            501.89,
            538.01,
            478.53,
            341.2,
            533.23,
            555.22,
            541.23,
            548.36,
            387.21,
            356.12,
            451.21,
            null,
            490.16,
            446.64,
            381.5
        ],
        [
            553.22,
            536.29,
            546.52,
            389.66,
            490.91,
            569.45,
            443.86,
            384.88,
            442.47,
            505.24,
            558.65,
            441.51,
            482.94,
            361.49,
            337.96,
            545.05,
            380.6,
            552.19,
            503.63,
            505.25,
            413.49,
            490.41,
            403.78,
            411.79,
            434.87,
            502.79,
            490.16,
            null,
            333.04,
            357.57
        ],
        [
            552.2,
            518.11,
            435.41,
            345.25,
            523.0,
            532.66,
            494.07,
            356.88,
            522.44,
            377.34,
            413.77,
            514.13,
            523.81,
            421.33,
            484.49,
            499.1,
            492.66,
            487.14,
            501.75,
            504.13,
            364.83,
            395.75,
            502.53,
            450.09,
            393.0,
            562.99,
            446.64,
            333.04,
            null,
            360.12
        ],
        [
            561.37,
            566.69,
            529.74,
            458.66,
            392.87,
            351.74,
            526.88,
            387.5,
            570.18,
            456.25,
            503.16,
            471.35,
            338.87,
            517.2,
            364.89,
            437.23,
            507.0,
            543.74,
            420.81,
            383.25,
            532.84,
            486.51,
            452.2,
            465.79,
            352.31,
            413.06,
            381.5,
            357.57,
            360.12,
            null
        ]
    ],
    "tempos_processamento": [
        2030.42,
        5769.59,
        4963.49,
        3728.35,
        3494.77,
        7181.58,
        2543.19,
        2732.01,
        4521.9,
        7072.86,
        7016.27,
        6254.71,
        5083.63,
        4429.34,
        5742.41,
        6880.5,
        1866.94,
        6461.81,
        2161.34,
        6662.83,
        6996.27,
        4699.96,
        4362.66,
        6030.96,
        4823.05,
        4714.32,
        2540.6,
        6324.03,
        6450.01,
        6517.72
    ],
    "ready_times": [
        2225.43,
        6523.5,
        3866.48,
        1495.12,
        5136.99,
        9416.71,
        6449.78,
        857.36,
        7172.67,
        7487.52,
        9189.1,
        1417.81,
        5074.55,
        177.43,
        6839.35,
        2538.8,
        6869.38,
        4785.91,
        0.0,
        1623.4,
        5645.98,
        8228.25,
        8225.8,
        2510.66,
        5201.29,
        8641.26,
        2171.03,
        4017.57,
        2446.54,
        369.91
    ]
}