{
    "configuracao": {
        "codigo_cenario": "HHHLHHL",
        "nivel_ready_time": "alta",
        "variabilidade_processamento": "alta",
        "media_processamento": "alta",
        "estrutura_setup": "simetrica",
        "variabilidade_setup": "alta",
        "n_maquinas": 10,
        "n_medio_jobs_maquina": 3,
        "n_jobs": 30
    },
    "matriz_setup": [
        [
            null,
            536.15,
            371.56,
            334.89,
            343.95,
            378.71,
            468.18,
            543.87,
            528.67,
            340.79,
            335.58,
            362.06,
            571.87,
            345.06,
            354.96,
            390.87,
            501.22,
            399.2,
            551.25,
            362.74,
            354.31,
            411.08,
            529.67,
            487.13,
            549.31,
            338.48,
            409.54,
            576.54,
            387.82,
            334.58
        ],
        [
            536.15,
            null,
            554.73,
            513.56,
            386.47,
            396.6,
            431.07,
            477.23,
            353.37,
            498.55,
            393.26,
            532.28,
            429.22,
            435.02,
            459.75,
            390.18,
            372.69,
            578.81,
            341.91,
            572.11,
            374.64,
            497.25,
            560.11,
            544.69,
            508.9,
            343.27,
            332.47,
            533.76,
            396.63,
            412.04
        ],
        [
            371.56,
            554.73,
            null,
            498.74,
            350.7,
            486.62,
            445.24,
            377.27,
            354.61,
            484.36,
            570.74,
            553.62,
            476.06,
            488.55,
            510.2,
            472.16,
            434.56,
            504.98,
            464.98,
            502.31,
            402.53,
            468.89,
            536.53,
            520.75,
            374.29,
            373.34,
            356.71,
            567.41,
            429.58,
            579.03
        ],
        [
            334.89,
            513.56,
            498.74,
            null,
            459.26,
            377.76,
            429.79,
            321.94,
            568.99,
            356.6,
            424.19,
            408.66,
            540.23,
            493.06,
            565.24,
            487.13,
            407.38,
            376.87,
            491.5,
            379.03,
            421.92,
            477.28,
            390.93,
            499.67,
            398.31,
            525.45,
            379.17,
            419.22,
            529.68,
            406.73
        ],
        [
            343.95,
            386.47,
            350.7,
            459.26,
            null,
            431.39,
            394.05,
            449.89,
            389.27,
            506.95,
            406.41,
            463.6,
            544.27,
            503.94,
            423.66,
            341.79,
            409.31,
            320.12,
            569.24,
            520.74,
            387.42,
            561.02,
            476.99,
            551.56,
            379.17,
            522.04,
            416.1,
            555.87,
            519.46,
            345.45
        ],
        [
            378.71,
            396.6,
            486.62,
            377.76,
            431.39,
            null,
            494.02,
            413.21,
            437.42,
            358.34,
            515.64,
            509.37,
            521.26,
            481.38,
            455.15,
            405.97,
            469.08,
            556.67,
            518.69,
            549.83,
            490.6,
            369.09,
            460.66,
            516.15,
            505.52,
            481.6,
            423.42,
            358.97,
            378.08,
            385.89
        ],
        [
            468.18,
            431.07,
            445.24,
            429.79,
            394.05,
            494.02,
            null,
            491.6,
            568.3,
            568.41,
            426.88,
            352.92,
            457.91,
            321.97,
            510.59,
            463.37,
            564.36,
            393.33,
            571.01,
            518.95,
            568.31,
            404.19,
            502.36,
            481.56,
            532.65,
            499.49,
            454.69,
            486.09,
            507.0,
            355.3
        ],
        [
            543.87,
            477.23,
            377.27,
            321.94,
            449.89,
            413.21,
            491.6,
            null,
            463.88,
            482.89,
            408.38,
            339.26,
            468.46,
            513.87,
            408.83,
            347.87,
            399.74,
            369.87,
            416.31,
            473.43,
            526.78,
            495.93,
            347.79,
            415.81,
            537.8,
            467.87,
            416.98,
            403.69,
            361.21,
            400.29
        ],
        [
            528.67,
            353.37,
            354.61,
            568.99,
            389.27,
            437.42,
            568.3,
            463.88,
            null,
            416.86,
            545.77,
            572.46,
            418.84,
            484.68,
            393.72,
            341.87,
            428.55,
            409.44,
            322.62,
            442.05,
            449.83,
            569.23,
            441.33,
            462.57,
            341.6,
            365.47,
            567.04,
            511.11,
            536.66,
            342.33
        ],
        [
            340.79,
            498.55,
            484.36,
            356.6,
            506.95,
            358.34,
            568.41,
            482.89,
            416.86,
            null,
            498.25,
            450.8,
            436.71,
            551.87,
            392.95,
            492.56,
            546.33,
            467.27,
            377.51,
            461.2,
            431.82,
            467.66,
            525.93,
            422.31,
            343.2,
            479.41,
            512.14,
            492.04,
            350.12,
            526.3
        ],
        [
            335.58,
            393.26,
            570.74,
            424.19,
            406.41,
            515.64,
            426.88,
            408.38,
            545.77,
            498.25,
            null,
            334.35,
            503.83,
            452.54,
            546.84,
            450.92,
            484.54,
            513.73,
            432.94,
            500.24,
            547.53,
            489.38,
            518.49,
            562.57,
            547.94,
            352.25,
            468.61,
            416.42,
            465.91,
            520.37
        ],
        [
            362.06,
            532.28,
            553.62,
            408.66,
            463.6,
            509.37,
            352.92,
            339.26,
            572.46,
            450.8,
            334.35,
            null,
            444.16,
            352.11,
            535.93,
            349.43,
            574.32,
            452.48,
            400.61,
            437.43,
            467.22,
            373.32,
            507.48,
            373.34,
            505.39,
            465.94,
            422.67,
            532.89,
            433.35,
            337.55
        ],
        [
            571.87,
            429.22,
            476.06,
            540.23,
            544.27,
            521.26,
            457.91,
            468.46,
            418.84,
            436.71,
            503.83,
            444.16,
            null,
            392.34,
            456.06,
            423.1,
            494.84,
            369.29,
            544.22,
            491.41,
            569.65,
            507.42,
            396.33,
            335.65,
            531.73,
            574.65,
            482.93,
            456.32,
            364.94,
            475.27
        ],
        [
            345.06,
            435.02,
            488.55,
            493.06,
            503.94,
            481.38,
            321.97,
            513.87,
            484.68,
            551.87,
            452.54,
            352.11,
            392.34,
            null,
            357.63,
            328.9,
            539.29,
            486.79,
            484.87,
            346.85,
            405.84,
            320.15,
            468.75,
            425.6,
            377.48,
            439.9,
            547.29,
            528.18,
            438.43,
            485.67
        ],
        [
            354.96,
            459.75,
            510.2,
            565.24,
            423.66,
            455.15,
            510.59,
            408.83,
            393.72,
            392.95,
            546.84,
            535.93,
            456.06,
            357.63,
            null,
            538.68,
            458.8,
            476.01,
            325.82,
            550.65,
            469.07,
            395.73,
            562.69,
            410.07,
            436.38,
            552.68,
            472.53,
            484.73,
            343.31,
            567.57
        ],
        [
            390.87,
            390.18,
            472.16,
            487.13,
            341.79,
            405.97,
            463.37,
            347.87,
            341.87,
            492.56,
            450.92,
            349.43,
            423.1,
            328.9,
            538.68,
            null,
            449.0,
            559.21,
            527.05,
            447.51,
            365.57,
            510.85,
            339.95,
            448.35,
            436.32,
            462.09,
            537.98,
            521.02,
            427.32,
            576.0
        ],
        [
            501.22,
            372.69,
            434.56,
            407.38,
            409.31,
            469.08,
            564.36,
            399.74,
            428.55,
            546.33,
            484.54,
            574.32,
            494.84,
            539.29,
            458.8,
            449.0,
            null,
            413.11,
            518.64,
            354.28,
            425.07,
            477.86,
            434.11,
            450.68,
            348.87,
            409.55,
            566.7,
            498.91,
            513.51,
            458.2
        ],
        [
            399.2,
            578.81,
            504.98,
            376.87,
            320.12,
            556.67,
            393.33,
            369.87,
            409.44,
            467.27,
            513.73,
            452.48,
            369.29,
            486.79,
            476.01,
            559.21,
            413.11,
            null,
            438.66,
            321.46,
            490.51,
            323.87,
            381.82,
            337.0,
            542.44,
            563.41,
            387.25,
            427.24,
            390.76,
            538.93
        ],
        [
            551.25,
            341.91,
            464.98,
            491.5,
            569.24,
            518.69,
            571.01,
            416.31,
            322.62,
            377.51,
            432.94,
            400.61,
            544.22,
            484.87,
            325.82,
            527.05,
            518.64,
            438.66,
            null,
            456.73,
            537.94,
            414.25,
            467.35,
            521.02,
            354.8,
            502.22,
            516.48,
            373.22,
            415.3,
            405.78
        ],
        [
            362.74,
            572.11,
            502.31,
            379.03,
            520.74,
            549.83,
            518.95,
            473.43,
            442.05,
            461.2,
            500.24,
            437.43,
            491.41,
            346.85,
            550.65,
            447.51,
            354.28,
            321.46,
            456.73,
            null,
            365.62,
            503.47,
            427.64,
            544.85,
            416.86,
            386.05,
            346.89,
            475.63,
            523.73,
            536.95
        ],
        [
            354.31,
            374.64,
            402.53,
            421.92,
            387.42,
            490.6,
            568.31,
            526.78,
            449.83,
            431.82,
            547.53,
            467.22,
            569.65,
            405.84,
            469.07,
            365.57,
            425.07,
            490.51,
            537.94,
            365.62,
            null,
            421.47,
            538.01,
            455.63,
            332.66,
            400.35,
            344.53,
            532.71,
            566.29,
            378.14
        ],
        [
            411.08,
            497.25,
            468.89,
            477.28,
            561.02,
            369.09,
            404.19,
            495.93,
            569.23,
            467.66,
            489.38,
            373.32,
            507.42,
            320.15,
            395.73,
            510.85,
            477.86,
            323.87,
            414.25,
            503.47,
            421.47,
            null,
            363.44,
            379.43,
            563.45,
            547.56,
            480.43,
            437.42,
            452.7,
            371.42
        ],
        [
            529.67,
            560.11,
            536.53,
            390.93,
            476.99,
            460.66,
            502.36,
            347.79,
            441.33,
            525.93,
            518.49,
            507.48,
            396.33,
            468.75,
            562.69,
            339.95,
            434.11,
            381.82,
            467.35,
            427.64,
            538.01,
            363.44,
            null,
            553.25,
            479.77,
            354.19,
            492.6,
            397.7,
            341.07,
            325.8
        ],
        [
            487.13,
            544.69,
            520.75,
            499.67,
            551.56,
            516.15,
            481.56,
            415.81,
            462.57,
            422.31,
            562.57,
            373.34,
            335.65,
            425.6,
            410.07,
            448.35,
            450.68,
            337.0,
            521.02,
            544.85,
            455.63,
            379.43,
            553.25,
            null,
            525.5,
            499.96,
            463.76,
            493.61,
            566.79,
            486.49
        ],
        [
            549.31,
            508.9,
            374.29,
            398.31,
            379.17,
            505.52,
            532.65,
            537.8,
            341.6,
            343.2,
            547.94,
            505.39,
            531.73,
            377.48,
            436.38,
            436.32,
            348.87,
            542.44,
            354.8,
            416.86,
            332.66,
            563.45,
            479.77,
            525.5,
            null,
            411.2,
            473.16,
            464.01,
            389.91,
            394.97
        ],
        [
            338.48,
            343.27,
            373.34,
            525.45,
            522.04,
            481.6,
            499.49,
            467.87,
            365.47,
            479.41,
            352.25,
            465.94,
            574.65,
            439.9,
            552.68,
            462.09,
            409.55,
            563.41,
            502.22,
            386.05,
            400.35,
            547.56,
            354.19,
            499.96,
            411.2,
            null,
            546.95,
            391.13,
            340.01,
            455.97
        ],
        [
            409.54,
            332.47,
            356.71,
            379.17,
            416.1,
            423.42,
            454.69,
            416.98,
            567.04,
            512.14,
            468.61,
            422.67,
            482.93,
            547.29,
            472.53,
            537.98,
            566.7,
            387.25,
            516.48,
            346.89,
            344.53,
            480.43,
            492.6,
            463.76,
            473.16,
            546.95,
            null,
            509.52,
            485.04,
            395.47
        ],
        [
            576.54,
            533.76,
            567.41,
            419.22,
            555.87,
            358.97,
            486.09,
            403.69,
            511.11,
            492.04,
            416.42,
            532.89,
            456.32,
            528.18,
            484.73,
            521.02,
            498.91,
            427.24,
            373.22,
            475.63,
            532.71,
            437.42,
            397.7,
            493.61,
            464.01,
            391.13,
            509.52,
            null,
            428.91,
            544.1
        ],
        [
            387.82,
            396.63,
            429.58,
            529.68,
            519.46,
            378.08,
            507.0,
            361.21,
            536.66,
            350.12,
            465.91,
            433.35,
            364.94,
            438.43,
            343.31,
            427.32,
            513.51,
            390.76,
            415.3,
            523.73,
            566.29,
            452.7,
            341.07,
            566.79,
            389.91,
            340.01,
            485.04,
            428.91,
            null,
            336.81
        ],
        [
            334.58,
            412.04,
            579.03,
            406.73,
            345.45,
            385.89,
            355.3,
            400.29,
            342.33,
            526.3,
            520.37,
            337.55,
            475.27,
            485.67,
            567.57,
            576.0,
            458.2,
            538.93,
            405.78,
            536.95,
            378.14,
            371.42,
            325.8,
            486.49,
            394.97,
            455.97,
            395.47,
            544.1,
            336.81,
            null
        ]
    ],
    "tempos_processamento": [
        5923.71,
        6381.86,
        2290.33,
        4667.36,
        5949.7,
        5092.09,
        3532.13,
        6350.85,
        4270.43,
        2022.89,
        3481.26,
        2801.03,
        5856.08,
        6618.23,
        6739.47,
        4640.97,
        5026.53,
        5948.88,
        6300.52,
        4561.12,
        3919.93,
        6209.33,
        5637.86,
        6376.99,
        7041.43,
        3708.99,
        2181.37,
        5257.26,
        5868.78,
        3738.31
    ],
    "ready_times": [
        2435.04,
        820.34,
        4646.36,
        4400.88,
        3598.25,
        0.0,
        7711.13,
        2120.35,
        3797.18,
        3197.16,
        3173.43,
        4580.38,
        5175.08,
        8915.61,
        3447.75,
        9157.81,
        1624.85,
        2460.12,
        2837.51,
        9250.18,
        1557.09,
        6192.17,
        1794.01,
        5565.66,
        3807.08,
        2195.88,
        702.06,
        6519.33,
        7758.23,
        2402.94
    ]
}