{
    "configuracao": {
        "codigo_cenario": "HHHLHHL",
        "nivel_ready_time": "alta",
        "variabilidade_processamento": "alta",
        "media_processamento": "alta",
        "estrutura_setup": "simetrica",
        "variabilidade_setup": "alta",
        "n_maquinas": 10,
        "n_medio_jobs_maquina": 3,
        "n_jobs": 30
    },
    "matriz_setup": [
        [
            null,
            509.64,
            538.84,
            445.62,
            329.57,
            328.3,
            522.53,
            491.52,
            378.39,
            451.87,
            386.56,
            372.18,
            422.61,
            356.19,
            575.04,
            422.65,
            511.6,
            531.09,
            344.64,
            456.77,
            557.51,
            485.07,
            528.35,
            571.87,
            338.62,
            338.83,
            428.01,
            537.3,
            531.68,
            377.32
        ],
        [
            509.64,
            null,
            439.28,
            473.0,
            347.7,
            444.66,
            353.02,
            436.81,
            349.99,
            475.88,
            360.23,
            496.0,
            461.72,
            539.27,
            465.39,
            386.49,
            368.77,
            381.06,
            374.7,
            500.61,
            337.82,
            530.9,
            476.51,
            545.36,
            491.77,
            384.36,
            576.27,
            354.51,
            391.19,
            350.25
        ],
        [
            538.84,
            439.28,
            null,
            466.44,
            500.38,
            344.01,
            456.07,
            395.76,
            411.61,
            356.57,
            388.66,
            380.52,
            524.73,
            379.49,
            326.72,
            560.69,
            504.02,
            454.95,
            415.62,
            453.22,
            491.71,
            475.56,
            471.88,
            516.77,
            448.68,
            491.66,
            391.73,
            451.7,
            400.53,
            356.3
        ],
        [
            445.62,
            473.0,
            466.44,
            null,
            395.39,
            571.47,
            550.68,
            395.87,
            422.57,
            397.56,
            397.92,
            521.16,
            342.68,
            462.18,
            351.44,
            509.15,
            558.61,
            524.72,
            498.11,
            490.92,
            521.2,
            401.47,
            331.76,
            495.03,
            567.59,
            488.04,
            520.67,
            385.48,
            523.42,
            462.01
        ],
        [
            329.57,
            347.7,
            500.38,
            395.39,
            null,
            560.01,
            572.6,
            495.81,
            372.58,
            465.7,
            496.98,
            393.53,
            335.44,
            455.18,
            424.32,
            574.56,
            552.38,
            354.89,
            505.6,
            429.16,
            541.14,
            514.83,
            556.02,
            411.07,
            374.09,
            506.05,
            355.32,
            463.13,
            488.29,
            354.17
        ],
        [
            328.3,
            444.66,
            344.01,
            571.47,
            560.01,
            null,
            433.84,
            379.91,
            537.36,
            368.51,
            518.97,
            363.22,
            557.05,
            384.6,
            337.29,
            576.06,
            493.25,
            349.18,
            453.7,
            449.93,
            407.78,
            431.25,
            452.08,
            462.61,
            493.6,
            446.18,
            464.67,
            478.76,
            405.42,
            509.8
        ],
        [
            522.53,
            353.02,
            456.07,
            550.68,
            572.6,
            433.84,
            null,
            500.65,
            407.74,
            384.08,
            502.56,
            574.39,
            570.73,
            336.48,
            382.93,
            326.14,
            562.95,
            561.79,
            482.04,
            346.71,
            497.0,
            449.88,
            361.46,
            439.0,
            441.08,
            478.61,
            411.1,
            564.88,
            540.54,
            354.52
        ],
        [
            491.52,
            436.81,
            395.76,
            395.87,
            495.81,
            379.91,
            500.65,
            null,
            376.2,
            461.0,
            419.14,
            383.02,
            397.24,
            348.19,
            537.25,
            543.36,
            455.99,
            439.22,
            376.76,
            507.75,
            520.82,
            574.36,
            400.52,
            462.36,
            376.01,
            517.06,
            410.79,
            394.58,
            336.5,
            474.41
        ],
        [
            378.39,
            349.99,
            411.61,
            422.57,
            372.58,
            537.36,
            407.74,
            376.2,
            null,
            389.29,
            396.8,
            540.53,
            546.4,
            474.7,
            343.47,
            451.53,
            427.53,
            328.57,
            461.24,
            555.31,
            374.61,
            462.17,
            411.43,
            562.02,
            505.16,
            355.94,
            528.39,
            342.28,
            445.21,
            563.04
        ],
        [
            451.87,
            475.88,
            356.57,
            397.56,
            465.7,
            368.51,
            384.08,
            461.0,
            389.29,
            null,
            574.61,
            488.17,
            566.14,
            320.28,
            460.95,
            367.05,
            469.14,
            541.67,
            481.19,
            340.89,
            427.66,
            351.48,
            542.49,
            420.14,
            552.77,
            497.54,
            498.6,
            339.61,
            540.06,
            344.64
        ],
        [
            386.56,
            360.23,
            388.66,
            397.92,
            496.98,
            518.97,
            502.56,
            419.14,
            396.8,
            574.61,
            null,
            460.44,
            325.7,
            400.07,
            477.04,
            529.99,
            443.79,
            493.21,
            479.51,
            497.93,
            559.65,
            568.39,
            523.78,
            509.38,
            561.96,
            339.63,
            384.98,
            403.8,
            543.41,
            534.57
        ],
        [
            372.18,
            496.0,
            380.52,
            521.16,
            393.53,
            363.22,
            574.39,
            383.02,
            540.53,
            488.17,
            460.44,
            null,
            452.74,
            326.28,
            427.82,
            322.05,
            548.79,
            385.92,
            541.59,
            330.83,
            469.02,
            421.83,
            384.48,
            327.03,
            361.68,
            341.92,
            364.55,
            476.66,
            541.35,
            371.9
        ],
        [
            422.61,
            461.72,
            524.73,
            342.68,
            335.44,
            557.05,
            570.73,
            397.24,
            546.4,
            566.14,
            325.7,
            452.74,
            null,
            434.24,
            417.4,
            394.67,
            539.83,
            405.1,
            355.45,
            572.17,
            386.79,
            554.4,
            349.19,
            457.23,
            486.23,
            398.88,
            504.61,
            458.81,
            404.38,
            458.64
        ],
        [
            356.19,
            539.27,
            379.49,
            462.18,
            455.18,
            384.6,
            336.48,
            348.19,
            474.7,
            320.28,
            400.07,
            326.28,
            434.24,
            null,
            320.25,
            406.19,
            428.38,
            325.66,
            571.09,
            499.12,
            557.77,
            432.56,
            454.85,
            507.53,
            465.83,
            490.91,
            400.13,
            550.19,
            535.35,
            570.69
        ],
        [
            575.04,
            465.39,
            326.72,
            351.44,
            424.32,
            337.29,
            382.93,
            537.25,
            343.47,
            460.95,
            477.04,
            427.82,
            417.4,
            320.25,
            null,
            469.11,
            361.52,
            389.69,
            495.89,
            418.34,
            509.28,
            574.49,
            528.63,
            451.01,
            484.49,
            497.26,
            495.73,
            484.5,
            555.13,
            490.1
        ],
        [
            422.65,
            386.49,
            560.69,
            509.15,
            574.56,
            576.06,
            326.14,
            543.36,
            451.53,
            367.05,
            529.99,
            322.05,
            394.67,
            406.19,
            469.11,
            null,
            404.7,
            490.23,
            486.47,
            450.14,
            358.97,
            336.72,
            538.36,
            444.86,
            380.22,
            453.8,
            508.19,
            444.97,
            411.26,
            409.53
        ],
        [
            511.6,
            368.77,
            504.02,
            558.61,
            552.38,
            493.25,
            562.95,
            455.99,
            427.53,
            469.14,
            443.79,
            548.79,
            539.83,
            428.38,
            361.52,
            404.7,
            null,
            511.38,
            533.33,
            458.79,
            485.19,
            520.82,
            454.53,
            380.77,
            576.91,
            495.42,
            511.29,
            358.67,
            352.27,
            346.71
        ],
        [
            531.09,
            381.06,
            454.95,
            524.72,
            354.89,
            349.18,
            561.79,
            439.22,
            328.57,
            541.67,
            493.21,
            385.92,
            405.1,
            325.66,
            389.69,
            490.23,
            511.38,
            null,
            468.48,
            524.23,
            444.27,
            355.71,
            571.79,
            579.06,
            572.45,
            411.13,
            571.88,
            521.86,
            504.27,
            336.37
        ],
        [
            344.64,
            374.7,
            415.62,
            498.11,
            505.6,
            453.7,
            482.04,
            376.76,
            461.24,
            481.19,
            479.51,
            541.59,
            355.45,
            571.09,
            495.89,
            486.47,
            533.33,
            468.48,
            null,
            556.62,
            416.9,
            524.43,
            536.1,
            453.96,
            330.08,
            346.37,
            548.38,
            371.22,
            462.27,
            322.29
        ],
        [
            456.77,
            500.61,
            453.22,
            490.92,
            429.16,
            449.93,
            346.71,
            507.75,
            555.31,
            340.89,
            497.93,
            330.83,
            572.17,
            499.12,
            418.34,
            450.14,
            458.79,
            524.23,
            556.62,
            null,
            382.38,
            350.37,
            498.83,
            358.15,
            523.87,
            526.02,
            504.9,
            569.09,
            492.04,
            517.18
        ],
        [
            557.51,
            337.82,
            491.71,
            521.2,
            541.14,
            407.78,
            497.0,
            520.82,
            374.61,
            427.66,
            559.65,
            469.02,
            386.79,
            557.77,
            509.28,
            358.97,
            485.19,
            444.27,
            416.9,
            382.38,
            null,
            572.97,
            461.34,
            533.58,
            533.91,
            464.54,
            383.17,
            334.81,
            479.89,
            521.78
        ],
        [
            485.07,
            530.9,
            475.56,
            401.47,
            514.83,
            431.25,
            449.88,
            574.36,
            462.17,
            351.48,
            568.39,
            421.83,
            554.4,
            432.56,
            574.49,
            336.72,
            520.82,
            355.71,
            524.43,
            350.37,
            572.97,
            null,
            327.03,
            375.43,
            531.11,
            393.2,
            440.22,
            475.72,
            445.61,
            424.08
        ],
        [
            528.35,
            476.51,
            471.88,
            331.76,
            556.02,
            452.08,
            361.46,
            400.52,
            411.43,
            542.49,
            523.78,
            384.48,
            349.19,
            454.85,
            528.63,
            538.36,
            454.53,
            571.79,
            536.1,
            498.83,
            461.34,
            327.03,
            null,
            573.27,
            540.16,
            330.45,
            395.68,
            572.8,
            446.55,
            406.12
        ],
        [
            571.87,
            545.36,
            516.77,
            495.03,
            411.07,
            462.61,
            439.0,
            462.36,
            562.02,
            420.14,
            509.38,
            327.03,
            457.23,
            507.53,
            451.01,
            444.86,
            380.77,
            579.06,
            453.96,
            358.15,
            533.58,
            375.43,
            573.27,
            null,
            523.01,
            465.84,
            393.28,
            412.6,
            475.57,
            339.27
        ],
        [
            338.62,
            491.77,
            448.68,
            567.59,
            374.09,
            493.6,
            441.08,
            376.01,
            505.16,
            552.77,
            561.96,
            361.68,
            486.23,
            465.83,
            484.49,
            380.22,
            576.91,
            572.45,
            330.08,
            523.87,
            533.91,
            531.11,
            540.16,
            523.01,
            null,
            379.24,
            377.19,
            481.97,
            446.36,
            449.63
        ],
        [
            338.83,
            384.36,
            491.66,
            488.04,
            506.05,
            446.18,
            478.61,
            517.06,
            355.94,
            497.54,
            339.63,
            341.92,
            398.88,
            490.91,
            497.26,
            453.8,
            495.42,
            411.13,
            346.37,
            526.02,
            464.54,
            393.2,
            330.45,
            465.84,
            379.24,
            null,
            486.48,
            369.44,
            381.73,
            380.45
        ],
        [
            428.01,
            576.27,
            391.73,
            520.67,
            355.32,
            464.67,
            411.1,
            410.79,
            528.39,
            498.6,
            384.98,
            364.55,
            504.61,
            400.13,
            495.73,
            508.19,
            511.29,
            571.88,
            548.38,
            504.9,
            383.17,
            440.22,
            395.68,
            393.28,
            377.19,
            486.48,
            null,
            501.09,
            420.05,
            487.25
        ],
        [
            537.3,
            354.51,
            451.7,
            385.48,
            463.13,
            478.76,
            564.88,
            394.58,
            342.28,
            339.61,
            403.8,
            476.66,
            458.81,
            550.19,
            484.5,
            444.97,
            358.67,
            521.86,
            371.22,
            569.09,
            334.81,
            475.72,
            572.8,
            412.6,
            481.97,
            369.44,
            501.09,
            null,
            473.27,
            368.66
        ],
        [
            531.68,
            391.19,
            400.53,
            523.42,
            488.29,
            405.42,
            540.54,
            336.5,
            445.21,
            540.06,
            543.41,
            541.35,
            404.38,
            535.35,
            555.13,
            411.26,
            352.27,
            504.27,
            462.27,
            492.04,
            479.89,
            445.61,
            446.55,
            475.57,
            446.36,
            381.73,
            420.05,
            473.27,
            null,
            386.93
        ],
        [
            377.32,
            350.25,
            356.3,
            462.01,
            354.17,
            509.8,
            354.52,
            474.41,
            563.04,
            344.64,
            534.57,
            371.9,
            458.64,
            570.69,
            490.1,
            409.53,
            346.71,
            336.37,
            322.29,
            517.18,
            521.78,
            424.08,
            406.12,
            339.27,
            449.63,
            380.45,
            487.25,
            368.66,
            386.93,
            null
        ]
    ],
    "tempos_processamento": [
        6215.16,
        2816.16,
        2187.2,
        5637.62,
        5127.73,
        2891.8,
        6621.52,
        5536.43,
        2863.91,
        5365.99,
        5480.89,
        3969.16,
        1880.24,
        2170.36,
        3058.94,
        6026.09,
        2256.01,
        6279.73,
        2176.83,
        4176.29,
        3092.56,
        6522.18,
        4271.1,
        2261.53,
        5050.42,
        4273.01,
        2684.52,
        2163.93,
        4757.06,
        1821.67
    ],
    "ready_times": [
        2809.02,
        5845.6,
        454.87,
        498.79,
        5838.52,
        1685.81,
        4101.5,
        9023.62,
        8400.88,
        839.46,
        481.51,
        1030.98,
        2919.51,
        3485.59,
        2418.58,
        1903.09,
        6937.99,
        4789.34,
        8066.21,
        6038.48,
        653.98,
        2676.37,
        5008.13,
        1087.72,
        7370.22,
        6400.86,
        0.0,
        3518.4,
        1928.37,
        6251.71
    ]
}