{
    "configuracao": {
        "codigo_cenario": "HHHLHHL",
        "nivel_ready_time": "alta",
        "variabilidade_processamento": "alta",
        "media_processamento": "alta",
        "estrutura_setup": "simetrica",
        "variabilidade_setup": "alta",
        "n_maquinas": 10,
        "n_medio_jobs_maquina": 3,
        "n_jobs": 30
    },
    "matriz_setup": [
        [
            null,
            547.28,
            371.58,
            489.56,
            542.28,
            436.71,
            430.37,
            406.74,
            422.25,
            396.82,
            341.09,
            382.43,
            513.99,
            477.4,
            329.58,
            321.87,
            438.58,
            570.8,
            386.74,
            556.25,
            342.89,
            346.2,
            441.15,
            359.19,
            542.81,
            349.6,
            529.99,
            451.43,
            535.99,
            559.2
        ],
        [
            547.28,
            null,
            423.39,
            334.45,
            567.33,
            573.81,
            528.11,
            556.46,
            393.41,
            441.51,
            524.64,
            536.5,
            426.52,
            460.37,
            473.25,
            543.95,
            355.55,
            570.22,
            394.41,
            374.24,
            389.88,
            451.0,
            445.16,
            422.69,
            376.05,
            538.25,
            381.57,
            503.95,
            402.01,
            552.76
        ],
        [
            371.58,
            423.39,
            null,
            394.47,
            347.53,
            406.99,
            416.65,
            449.86,
            379.38,
            573.54,
            482.23,
            470.47,
            474.4,
            516.06,
            439.44,
            470.31,
            462.58,
            444.28,
            436.39,
            549.05,
            534.74,
            462.14,
            504.33,
            510.7,
            416.71,
            394.41,
            547.85,
            562.02,
            522.44,
            343.41
        ],
        [
            489.56,
            334.45,
            394.47,
            null,
            545.42,
            569.05,
            408.8,
            361.88,
            331.09,
            451.35,
            503.15,
            501.54,
            322.62,
            456.99,
            329.63,
            324.39,
            539.62,
            540.64,
            492.45,
            549.31,
            454.49,
            553.49,
            371.37,
            442.18,
            498.37,
            498.57,
            353.89,
            541.95,
            368.46,
            402.14
        ],
        [
            542.28,
            567.33,
            347.53,
            545.42,
            null,
            578.87,
            401.62,
            510.03,
            432.73,
            430.05,
            335.84,
            438.96,
            395.54,
            359.96,
            520.53,
            382.19,
            332.9,
            369.76,
            487.94,
            321.96,
            370.89,
            400.16,
            352.14,
            511.06,
            361.06,
            523.65,
            542.27,
            458.49,
            440.04,
            437.53
        ],
        [
            436.71,
            573.81,
            406.99,
            569.05,
            578.87,
            null,
            365.51,
            342.78,
            454.25,
            443.03,
            329.19,
            351.82,
            361.79,
            481.91,
            479.46,
            521.1,
            394.91,
            326.83,
            341.42,
            566.47,
            461.79,
            501.2,
            520.07,
            343.68,
            386.92,
            551.34,
            487.13,
            397.95,
            364.67,
            493.6
        ],
        [
            430.37,
            528.11,
            416.65,
            408.8,
            401.62,
            365.51,
            null,
            537.26,
            361.83,
            392.65,
            532.09,
            424.22,
            327.99,
            489.75,
            577.23,
            455.74,
            562.5,
            544.93,
            355.05,
            475.25,
            492.68,
            390.41,
            486.28,
            563.83,
            473.53,
            545.98,
            548.2,
            369.21,
            412.54,
            347.83
        ],
        [
            406.74,
            556.46,
            449.86,
            361.88,
            510.03,
            342.78,
            537.26,
            null,
            357.57,
            381.82,
            572.36,
            361.02,
            468.87,
            530.23,
            455.35,
            483.25,
            525.89,
            345.45,
            383.68,
            331.33,
            530.17,
            435.45,
            441.43,
            575.34,
            326.73,
            517.11,
            394.04,
            455.03,
            516.41,
            415.3
        ],
        [
            422.25,
            393.41,
            379.38,
            331.09,
            432.73,
            454.25,
            361.83,
            357.57,
            null,
            554.08,
            371.69,
            447.25,
            443.07,
            556.34,
            558.24,
            334.5,
            480.51,
            483.31,
            448.32,
            479.41,
            530.8,
            455.03,
            385.21,
            466.34,
            426.97,
            499.46,
            432.76,
            322.69,
            499.91,
            557.24
        ],
        [
            396.82,
            441.51,
            573.54,
            451.35,
            430.05,
            443.03,
            392.65,
            381.82,
            554.08,
            null,
            496.66,
            424.46,
            570.13,
            351.87,
            343.23,
            405.82,
            395.07,
            478.98,
            424.64,
            375.67,
            509.57,
            441.37,
            357.91,
            437.99,
            527.5,
            515.89,
            522.59,
            322.61,
            533.8,
            510.64
        ],
        [
            341.09,
            524.64,
            482.23,
            503.15,
            335.84,
            329.19,
            532.09,
            572.36,
            371.69,
            496.66,
            null,
            404.25,
            471.49,
            376.99,
            430.58,
            576.21,
            369.63,
            561.36,
            399.0,
            400.9,
            527.81,
            354.86,
            472.89,
            364.72,
            326.48,
            499.29,
            425.16,
            322.81,
            428.44,
            481.97
        ],
        [
            382.43,
            536.5,
            470.47,
            501.54,
            438.96,
            351.82,
            424.22,
            361.02,
            447.25,
            424.46,
            404.25,
            null,
            403.26,
            439.2,
            395.5,
            450.01,
            426.02,
            480.15,
            436.81,
            342.61,
            460.74,
            359.48,
            503.52,
            343.99,
            544.09,
            540.81,
            539.78,
            543.25,
            511.82,
            367.41
        ],
        [
            513.99,
            426.52,
            474.4,
            322.62,
            395.54,
            361.79,
            327.99,
            468.87,
            443.07,
            570.13,
            471.49,
            403.26,
            null,
            579.81,
            518.53,
            461.43,
            359.34,
            516.45,
            401.98,
            499.22,
            326.51,
            389.99,
            478.19,
            359.15,
            360.77,
            363.6,
            379.89,
            522.38,
            374.2,
            456.38
        ],
        [
            477.4,
            460.37,
            516.06,
            456.99,
            359.96,
            481.91,
            489.75,
            530.23,
            556.34,
            351.87,
            376.99,
            439.2,
            579.81,
            null,
            389.35,
            536.92,
            433.1,
            324.9,
            459.85,
            471.81,
            386.0,
            368.77,
            336.36,
            472.45,
            495.84,
            376.59,
            501.95,
            431.61,
            479.58,
            398.99
        ],
        [
            329.58,
            473.25,
            439.44,
            329.63,
            520.53,
            479.46,
            577.23,
            455.35,
            558.24,
            343.23,
            430.58,
            395.5,
            518.53,
            389.35,
            null,
            348.82,
            396.83,
            412.7,
            342.01,
            488.06,
            567.9,
            358.23,
            481.55,
            551.59,
            501.62,
            512.76,
            340.83,
            485.51,
            326.14,
            321.28
        ],
        [
            321.87,
            543.95,
            470.31,
            324.39,
            382.19,
            521.1,
            455.74,
            483.25,
            334.5,
            405.82,
            576.21,
            450.01,
            461.43,
            536.92,
            348.82,
            null,
            542.08,
            558.23,
            559.08,
            454.77,
            498.99,
            476.37,
            457.66,
            514.83,
            552.2,
            483.31,
            371.86,
            500.03,
            327.38,
            541.6
        ],
        [
            438.58,
            355.55,
            462.58,
            539.62,
            332.9,
            394.91,
            562.5,
            525.89,
            480.51,
            395.07,
            369.63,
            426.02,
            359.34,
            433.1,
            396.83,
            542.08,
            null,
            405.39,
            414.24,
            491.71,
            449.94,
            508.66,
            431.29,
            538.13,
            554.49,
            543.35,
            566.78,
            467.69,
            354.06,
            384.64
        ],
        [
            570.8,
            570.22,
            444.28,
            540.64,
            369.76,
            326.83,
            544.93,
            345.45,
            483.31,
            478.98,
            561.36,
            480.15,
            516.45,
            324.9,
            412.7,
            558.23,
            405.39,
            null,
            361.1,
            541.87,
            577.58,
            397.33,
            386.02,
            370.5,
            433.44,
            485.5,
            435.33,
            536.96,
            477.45,
            509.94
        ],
        [
            386.74,
            394.41,
            436.39,
            492.45,
            487.94,
            341.42,
            355.05,
            383.68,
            448.32,
            424.64,
            399.0,
            436.81,
            401.98,
            459.85,
            342.01,
            559.08,
            414.24,
            361.1,
            null,
            368.64,
            361.18,
            381.53,
            406.01,
            396.8,
            436.32,
            453.89,
            536.07,
            361.94,
            531.65,
            442.56
        ],
        [
            556.25,
            374.24,
            549.05,
            549.31,
            321.96,
            566.47,
            475.25,
            331.33,
            479.41,
            375.67,
            400.9,
            342.61,
            499.22,
            471.81,
            488.06,
            454.77,
            491.71,
            541.87,
            368.64,
            null,
            501.96,
            514.69,
            495.21,
            504.52,
            346.45,
            506.41,
            439.99,
            357.09,
            426.16,
            487.25
        ],
        [
            342.89,
            389.88,
            534.74,
            454.49,
            370.89,
            461.79,
            492.68,
            530.17,
            530.8,
            509.57,
            527.81,
            460.74,
            326.51,
            386.0,
            567.9,
            498.99,
            449.94,
            577.58,
            361.18,
            501.96,
            null,
            494.87,
            535.66,
            373.49,
            517.5,
            517.91,
            327.69,
            529.89,
            497.84,
            575.73
        ],
        [
            346.2,
            451.0,
            462.14,
            553.49,
            400.16,
            501.2,
            390.41,
            435.45,
            455.03,
            441.37,
            354.86,
            359.48,
            389.99,
            368.77,
            358.23,
            476.37,
            508.66,
            397.33,
            381.53,
            514.69,
            494.87,
            null,
            331.56,
            489.6,
            556.3,
            372.14,
            564.73,
            332.92,
            423.15,
            470.43
        ],
        [
            441.15,
            445.16,
            504.33,
            371.37,
            352.14,
            520.07,
            486.28,
            441.43,
            385.21,
            357.91,
            472.89,
            503.52,
            478.19,
            336.36,
            481.55,
            457.66,
            431.29,
            386.02,
            406.01,
            495.21,
            535.66,
            331.56,
            null,
            400.82,
            441.83,
            514.36,
            478.98,
            420.91,
            575.85,
            375.51
        ],
        [
            359.19,
            422.69,
            510.7,
            442.18,
            511.06,
            343.68,
            563.83,
            575.34,
            466.34,
            437.99,
            364.72,
            343.99,
            359.15,
            472.45,
            551.59,
            514.83,
            538.13,
            370.5,
            396.8,
            504.52,
            373.49,
            489.6,
            400.82,
            null,
            502.73,
            563.54,
            408.53,
            510.02,
            461.9,
            367.44
        ],
        [
            542.81,
            376.05,
            416.71,
            498.37,
            361.06,
            386.92,
            473.53,
            326.73,
            426.97,
            527.5,
            326.48,
            544.09,
            360.77,
            495.84,
            501.62,
            552.2,
            554.49,
            433.44,
            436.32,
            346.45,
            517.5,
            556.3,
            441.83,
            502.73,
            null,
            379.54,
            491.89,
            432.68,
            461.36,
            373.82
        ],
        [
            349.6,
            538.25,
            394.41,
            498.57,
            523.65,
            551.34,
            545.98,
            517.11,
            499.46,
            515.89,
            499.29,
            540.81,
            363.6,
            376.59,
            512.76,
            483.31,
            543.35,
            485.5,
            453.89,
            506.41,
            517.91,
            372.14,
            514.36,
            563.54,
            379.54,
            null,
            330.03,
            574.36,
            505.14,
            431.11
        ],
        [
            529.99,
            381.57,
            547.85,
            353.89,
            542.27,
            487.13,
            548.2,
            394.04,
            432.76,
            522.59,
            425.16,
            539.78,
            379.89,
            501.95,
            340.83,
            371.86,
            566.78,
            435.33,
            536.07,
            439.99,
            327.69,
            564.73,
            478.98,
            408.53,
            491.89,
            330.03,
            null,
            331.17,
            496.54,
            411.91
        ],
        [
            451.43,
            503.95,
            562.02,
            541.95,
            458.49,
            397.95,
            369.21,
            455.03,
            322.69,
            322.61,
            322.81,
            543.25,
            522.38,
            431.61,
            485.51,
            500.03,
            467.69,
            536.96,
            361.94,
            357.09,
            529.89,
            332.92,
            420.91,
            510.02,
            432.68,
            574.36,
            331.17,
            null,
            571.89,
            525.57
        ],
        [
            535.99,
            402.01,
            522.44,
            368.46,
            440.04,
            364.67,
            412.54,
            516.41,
            499.91,
            533.8,
            428.44,
            511.82,
            374.2,
            479.58,
            326.14,
            327.38,
            354.06,
            477.45,
            531.65,
            426.16,
            497.84,
            423.15,
            575.85,
            461.9,
            461.36,
            505.14,
            496.54,
            571.89,
            null,
            512.97
        ],
        [
            559.2,
            552.76,
            343.41,
            402.14,
            437.53,
            493.6,
            347.83,
            415.3,
            557.24,
            510.64,
            481.97,
            367.41,
            456.38,
            398.99,
            321.28,
            541.6,
            384.64,
            509.94,
            442.56,
            487.25,
            575.73,
            470.43,
            375.51,
            367.44,
            373.82,
            431.11,
            411.91,
            525.57,
            512.97,
            null
        ]
    ],
    "tempos_processamento": [
        2503.35,
        5752.22,
        2859.37,
        6797.58,
        5270.68,
        3810.65,
        3938.82,
        2609.25,
        6962.99,
        2527.5,
        2315.66,
        2788.76,
        2276.31,
        3713.53,
        7082.67,
        6048.96,
        2438.82,
        5335.9,
        3066.74,
        2318.56,
        5617.95,
        2363.86,
        5979.42,
        4650.79,
        2201.75,
        4470.0,
        5343.54,
        3018.21,
        3291.74,
        3029.24
    ],
    "ready_times": [
        5682.9,
        7062.01,
        8655.67,
        1592.87,
        8030.99,
        2484.28,
        4406.61,
        1880.58,
        7366.63,
        6926.96,
        1815.82,
        0.0,
        4801.09,
        3069.95,
        7539.84,
        3149.01,
        1021.95,
        3882.29,
        575.27,
        6029.33,
        9701.8,
        7967.61,
        2422.42,
        9036.68,
        8984.48,
        8868.34,
        2747.5,
        1574.13,
        4222.77,
        778.09
    ]
}