{
    "configuracao": {
        "codigo_cenario": "HHLHHHL",
        "nivel_ready_time": "alta",
        "variabilidade_processamento": "alta",
        "media_processamento": "baixa",
        "estrutura_setup": "assimetrica",
        "variabilidade_setup": "alta",
        "n_maquinas": 10,
        "n_medio_jobs_maquina": 3,
        "n_jobs": 30
    },
    "matriz_setup": [
        [
            null,
            408.03,
            480.02,
            355.38,
            329.98,
            353.77,
            529.44,
            429.58,
            426.94,
            370.35,
            575.99,
            400.37,
            359.47,
            565.02,
            471.87,
            415.68,
            408.81,
            433.64,
            478.55,
            433.96,
            552.53,
            418.73,
            486.36,
            493.1,
            555.82,
            380.73,
            496.18,
            435.83,
            399.83,
            398.72
        ],
        [
            382.84,
            null,
            431.66,
            354.17,
            418.51,
            565.55,
            419.72,
            383.94,
            401.6,
            498.85,
            362.63,
            520.64,
            430.58,
            396.11,
            367.81,
            554.38,
            432.96,
            461.44,
            537.03,
            395.37,
            503.05,
            524.01,
            553.83,
            391.4,
            498.16,
            461.08,
            370.94,
            376.28,
            542.15,
            435.01
        ],
        [
            534.79,
            353.13,
            null,
            548.78,
            457.97,
            433.63,
            383.27,
            370.45,
            447.42,
            396.15,
            356.37,
            465.59,
            579.38,
            473.12,
            538.65,
            401.05,
            326.19,
            559.98,
            541.05,
            564.58,
            416.09,
            503.11,
            477.28,
            413.48,
            498.91,
            551.06,
            350.85,
            361.68,
            481.33,
            507.97
        ],
        [
            555.47,
            539.18,
            448.58,
            null,
            390.66,
            364.64,
            557.89,
            372.67,
            527.13,
            537.03,
            533.75,
            344.67,
            433.96,
            418.03,
            385.82,
            510.65,
            514.95,
            327.67,
            477.8,
            522.61,
            451.02,
            468.94,
            404.94,
            535.6,
            382.15,
            375.02,
            457.74,
            399.29,
            533.57,
            505.43
        ],
        [
            352.48,
            373.4,
            541.45,
            497.72,
            null,
            347.28,
            368.54,
            478.25,
            342.83,
            385.6,
            568.79,
            527.35,
            350.85,
            491.73,
            526.89,
            390.73,
            368.59,
            555.44,
            348.21,
            384.76,
            355.48,
            535.8,
            427.55,
            365.75,
            529.23,
            445.19,
            570.45,
            416.98,
            396.79,
            415.56
        ],
        [
            394.32,
            513.88,
            497.48,
            441.06,
            523.46,
            null,
            412.42,
            322.35,
            513.95,
            576.0,
            364.86,
            384.86,
            390.89,
            377.5,
            519.4,
            373.51,
            396.38,
            471.81,
            471.2,
            401.73,
            516.39,
            459.9,
            541.34,
            468.48,
            470.91,
            576.29,
            536.83,
            358.98,
            568.66,
            468.61
        ],
        [
            568.35,
            563.48,
            560.46,
            550.75,
            572.26,
            378.05,
            null,
            418.33,
            409.68,
            334.53,
            366.57,
            541.73,
            478.41,
            455.62,
            329.06,
            435.64,
            511.97,
            417.56,
            527.44,
            336.87,
            553.92,
            397.3,
            424.59,
            353.31,
            390.06,
            419.66,
            361.38,
            455.6,
            552.06,
            488.66
        ],
        [
            394.5,
            500.7,
            538.51,
            336.54,
            427.97,
            432.73,
            422.45,
            null,
            577.79,
            494.07,
            423.23,
            542.29,
            447.59,
            334.67,
            352.45,
            377.64,
            368.58,
            556.72,
            579.74,
            362.45,
            445.64,
            320.71,
            322.22,
            350.09,
            491.79,
            541.71,
            429.17,
            344.19,
            339.7,
            400.72
        ],
        [
            511.57,
            357.97,
            489.22,
            576.45,
            345.25,
            342.26,
            552.17,
            570.3,
            null,
            427.2,
            417.6,
            554.57,
            341.65,
            429.24,
            484.21,
            394.37,
            506.3,
            361.2,
            398.52,
            412.88,
            338.73,
            547.56,
            339.53,
            485.52,
            396.81,
            549.15,
            331.43,
            469.81,
            476.24,
            385.63
        ],
        [
            522.06,
            449.73,
            538.6,
            507.35,
            349.59,
            370.25,
            535.71,
            446.87,
            414.27,
            null,
            558.71,
            530.21,
            365.48,
            529.85,
            434.42,
            569.73,
            481.88,
            412.16,
            416.25,
            444.32,
            534.25,
            441.51,
            424.62,
            398.6,
            532.59,
            323.94,
            367.54,
            559.89,
            521.54,
            530.94
        ],
        [
            391.9,
            330.68,
            464.28,
            355.22,
            349.81,
            450.56,
            371.9,
            376.02,
            371.29,
            454.58,
            null,
            432.55,
            431.43,
            333.02,
            468.06,
            362.16,
            560.81,
            478.31,
            434.01,
            399.65,
            474.66,
            553.94,
            570.76,
            539.81,
            541.73,
            469.42,
            553.2,
            479.67,
            432.81,
            481.5
        ],
        [
            432.67,
            574.88,
            563.46,
            453.37,
            573.87,
            557.61,
            404.23,
            536.95,
            565.0,
            343.42,
            371.87,
            null,
            501.39,
            323.57,
            398.62,
            408.55,
            469.53,
            532.42,
            484.12,
            469.78,
            333.27,
            331.35,
            504.44,
            542.54,
            543.75,
            532.2,
            525.73,
            345.58,
            551.2,
            414.65
        ],
        [
            474.97,
            505.94,
            464.85,
            478.37,
            339.65,
            342.08,
            425.44,
            501.66,
            447.43,
            339.05,
            553.71,
            344.65,
            null,
            435.46,
            408.12,
            428.26,
            464.44,
            463.5,
            457.49,
            331.23,
            454.84,
            427.23,
            320.6,
            537.12,
            397.16,
            570.22,
            559.21,
            389.36,
            324.2,
            336.85
        ],
        [
            421.89,
            440.2,
            428.55,
            536.95,
            543.63,
            360.31,
            389.89,
            371.34,
            330.44,
            365.25,
            469.27,
            430.52,
            390.53,
            null,
            395.78,
            513.83,
            385.64,
            550.07,
            421.2,
            433.62,
            364.75,
            579.72,
            551.13,
            322.43,
            369.19,
            430.08,
            532.35,
            325.01,
            479.02,
            380.73
        ],
        [
            422.18,
            507.48,
            460.48,
            336.48,
            432.06,
            396.5,
            456.01,
            528.38,
            385.34,
            385.97,
            494.06,
            558.06,
            464.61,
            500.81,
            null,
            365.59,
            410.08,
            511.34,
            565.34,
            491.27,
            500.58,
            514.87,
            496.99,
            483.1,
            386.21,
            496.21,
            555.59,
            415.4,
            484.92,
            373.73
        ],
        [
            562.42,
            391.09,
            359.44,
            560.4,
            346.51,
            422.28,
            485.97,
            467.76,
            435.49,
            485.48,
            450.0,
            506.99,
            552.01,
            424.47,
            466.24,
            null,
            437.05,
            435.32,
            456.38,
            500.1,
            539.8,
            511.33,
            579.75,
            439.13,
            341.8,
            537.09,
            349.54,
            503.42,
            562.39,
            562.5
        ],
        [
            567.08,
            390.29,
            354.26,
            468.68,
            447.65,
            547.17,
            575.33,
            362.1,
            413.06,
            357.74,
            506.23,
            412.26,
            544.85,
            425.15,
            512.32,
            510.33,
            null,
            467.61,
            467.7,
            381.81,
            382.39,
            448.53,
            327.29,
            468.73,
            481.47,
            359.37,
            538.67,
            467.02,
            437.11,
            522.27
        ],
        [
            339.4,
            490.34,
            517.05,
            460.13,
            515.99,
            479.26,
            444.61,
            324.94,
            441.55,
            505.44,
            414.67,
            413.11,
            539.17,
            481.83,
            524.89,
            393.0,
            399.23,
            null,
            390.21,
            499.68,
            525.44,
            412.01,
            326.48,
            364.5,
            510.04,
            320.14,
            375.32,
            435.76,
            478.18,
            572.76
        ],
        [
            521.13,
            484.52,
            399.21,
            497.66,
            487.49,
            466.22,
            476.87,
            356.49,
            529.87,
            351.98,
            417.43,
            423.98,
            501.73,
            522.23,
            571.42,
            510.4,
            465.61,
            429.39,
            null,
            517.38,
            335.58,
            444.43,
            570.58,
            340.59,
            439.97,
            331.99,
            515.39,
            385.87,
            449.48,
            519.92
        ],
        [
            434.1,
            421.61,
            438.73,
            443.6,
            531.06,
            431.98,
            379.11,
            467.66,
            538.62,
            394.16,
            420.44,
            380.64,
            548.4,
            479.14,
            548.21,
            472.87,
            559.83,
            569.39,
            513.54,
            null,
            367.66,
            471.61,
            411.03,
            487.43,
            427.57,
            547.79,
            403.14,
            544.74,
            415.34,
            485.35
        ],
        [
            397.16,
            544.25,
            454.59,
            484.78,
            552.78,
            443.68,
            557.75,
            572.43,
            344.17,
            506.06,
            458.9,
            567.31,
            544.65,
            442.31,
            382.74,
            397.54,
            355.67,
            578.91,
            504.86,
            339.12,
            null,
            529.92,
            463.65,
            545.27,
            514.37,
            500.43,
            401.49,
            555.84,
            497.6,
            447.7
        ],
        [
            489.3,
            554.55,
            332.87,
            507.32,
            488.94,
            343.48,
            409.01,
            383.71,
            376.6,
            541.24,
            479.33,
            459.15,
            451.3,
            387.35,
            391.03,
            415.57,
            421.3,
            400.72,
            405.15,
            530.68,
            410.82,
            null,
            470.2,
            385.64,
            545.42,
            414.02,
            484.78,
            362.76,
            407.29,
            386.99
        ],
        [
            351.6,
            328.28,
            577.95,
            382.9,
            445.06,
            395.56,
            574.84,
            464.8,
            571.41,
            375.62,
            404.65,
            434.98,
            465.44,
            539.62,
            491.45,
            388.23,
            396.67,
            543.33,
            324.16,
            325.33,
            478.51,
            570.0,
            null,
            494.95,
            476.88,
            509.91,
            415.23,
            347.11,
            419.6,
            512.61
        ],
        [
            463.93,
            380.23,
            393.76,
            421.8,
            521.99,
            355.67,
            476.23,
            501.05,
            507.31,
            494.47,
            504.32,
            324.6,
            344.82,
            370.08,
            448.83,
            409.34,
            541.76,
            503.32,
            395.85,
            560.28,
            364.36,
            498.39,
            515.24,
            null,
            461.59,
            431.24,
            393.21,
            380.17,
            393.76,
            397.91
        ],
        [
            377.68,
            460.82,
            354.82,
            539.0,
            348.42,
            541.64,
            494.78,
            462.65,
            553.89,
            420.72,
            503.44,
            512.23,
            563.87,
            438.61,
            498.28,
            564.89,
            562.76,
            343.51,
            320.25,
            572.26,
            397.58,
            544.6,
            332.27,
            464.13,
            null,
            425.97,
            381.65,
            521.99,
            435.67,
            427.59
        ],
        [
            441.61,
            342.43,
            342.46,
            400.85,
            426.16,
            347.92,
            410.81,
            326.02,
            416.52,
            513.75,
            475.78,
            372.64,
            547.55,
            385.84,
            576.81,
            472.45,
            538.06,
            461.41,
            420.4,
            522.17,
            484.68,
            414.89,
            431.49,
            418.53,
            431.77,
            null,
            379.29,
            408.23,
            534.55,
            439.55
        ],
        [
            500.18,
            548.42,
            523.89,
            361.52,
            417.93,
            524.98,
            438.13,
            402.18,
            407.43,
            331.43,
            370.9,
            457.22,
            428.79,
            433.89,
            362.63,
            571.17,
            360.57,
            394.41,
            404.27,
            481.7,
            436.19,
            443.41,
            463.49,
            404.9,
            496.5,
            498.86,
            null,
            420.64,
            326.58,
            535.85
        ],
        [
            433.46,
            487.9,
            523.17,
            508.38,
            432.07,
            406.31,
            561.52,
            404.7,
            436.57,
            468.22,
            366.09,
            564.42,
            457.43,
            447.32,
            423.82,
            408.34,
            574.24,
            426.55,
            531.22,
            552.04,
            385.21,
            385.97,
            419.44,
            475.36,
            329.37,
            405.88,
            361.44,
            null,
            361.9,
            574.85
        ],
        [
            578.75,
            407.77,
            430.9,
            552.34,
            540.02,
            489.66,
            344.95,
            396.94,
            423.33,
            391.35,
            516.49,
            362.54,
            560.22,
            576.87,
            544.68,
            441.01,
            418.08,
            399.55,
            397.21,
            329.7,
            400.11,
            339.78,
            540.52,
            484.61,
            423.2,
            415.76,
            351.9,
            419.05,
            null,
            408.02
        ],
        [
            376.52,
            538.59,
            471.07,
            479.58,
            528.36,
            570.48,
            409.36,
            501.02,
            498.6,
            473.11,
            471.16,
            350.97,
            575.58,
            432.86,
            441.94,
            396.71,
            327.06,
            410.29,
            327.79,
            388.79,
            464.51,
            342.06,
            562.92,
            488.28,
            367.0,
            512.35,
            398.81,
            391.8,
            361.89,
            null
        ]
    ],
    "tempos_processamento": [
        565.41,
        499.4,
        439.35,
        376.57,
        417.55,
        634.79,
        369.94,
        433.22,
        624.79,
        463.12,
        569.44,
        206.52,
        548.02,
        183.61,
        448.3,
        711.64,
        523.02,
        629.32,
        438.84,
        244.74,
        370.9,
        602.73,
        227.22,
        684.21,
        375.07,
        383.41,
        700.05,
        256.55,
        716.14,
        273.31
    ],
    "ready_times": [
        90.31,
        1213.56,
        1196.75,
        1359.34,
        1347.59,
        1143.35,
        598.56,
        187.4,
        1600.63,
        0.0,
        1402.83,
        1462.35,
        1297.73,
        1231.76,
        1358.56,
        451.97,
        1219.35,
        666.56,
        1171.43,
        1025.35,
        1678.18,
        1424.33,
        1129.56,
        831.38,
        310.18,
        23.89,
        870.34,
        832.66,
        517.1,
        1575.57
    ]
}