{
    "configuracao": {
        "codigo_cenario": "HHLHHHL",
        "nivel_ready_time": "alta",
        "variabilidade_processamento": "alta",
        "media_processamento": "baixa",
        "estrutura_setup": "assimetrica",
        "variabilidade_setup": "alta",
        "n_maquinas": 10,
        "n_medio_jobs_maquina": 3,
        "n_jobs": 30
    },
    "matriz_setup": [
        [
            null,
            446.69,
            355.05,
            438.97,
            421.01,
            482.02,
            517.09,
            443.92,
            333.53,
            432.9,
            406.86,
            322.09,
            387.92,
            346.68,
            326.19,
            345.09,
            482.39,
            467.69,
            415.1,
            414.64,
            439.92,
            397.61,
            578.49,
            382.93,
            387.86,
            534.63,
            464.88,
            489.88,
            534.48,
            322.14
        ],
        [
            460.15,
            null,
            405.21,
            435.56,
            501.05,
            368.19,
            521.33,
            351.51,
            472.11,
            505.96,
            361.06,
            515.63,
            464.87,
            328.38,
            512.9,
            561.53,
            334.98,
            327.06,
            578.06,
            419.57,
            566.76,
            559.16,
            372.27,
            347.62,
            330.21,
            456.27,
            562.23,
            383.32,
            536.98,
            565.75
        ],
        [
            397.29,
            429.83,
            null,
            341.26,
            426.04,
            479.86,
            405.38,
            415.11,
            365.47,
            572.2,
            569.78,
            476.42,
            480.78,
            558.68,
            413.32,
            478.45,
            506.61,
            447.85,
            542.57,
            451.71,
            514.86,
            389.54,
            513.48,
            403.79,
            550.75,
            517.51,
            358.73,
            427.03,
            356.56,
            479.17
        ],
        [
            404.18,
            374.91,
            561.27,
            null,
            494.35,
            434.01,
            379.48,
            326.67,
            502.97,
            560.22,
            376.26,
            537.36,
            542.45,
            376.17,
            397.59,
            443.13,
            539.63,
            444.99,
            434.3,
            467.29,
            516.47,
            327.69,
            465.66,
            477.53,
            417.72,
            469.22,
            346.41,
            395.49,
            423.87,
            522.67
        ],
        [
            464.08,
            531.02,
            576.06,
            377.94,
            null,
            395.75,
            327.75,
            369.23,
            571.14,
            338.24,
            514.99,
            410.48,
            358.23,
            366.72,
            380.62,
            340.75,
            350.03,
            461.79,
            393.84,
            349.7,
            540.46,
            464.64,
            562.85,
            335.08,
            554.28,
            361.76,
            558.26,
            500.85,
            355.63,
            325.23
        ],
        [
            428.83,
            401.27,
            429.88,
            469.62,
            423.38,
            null,
            500.46,
            459.49,
            491.61,
            516.34,
            542.59,
            496.37,
            329.29,
            488.3,
            442.56,
            509.88,
            333.22,
            548.4,
            547.8,
            475.68,
            442.04,
            342.31,
            482.97,
            499.78,
            411.13,
            320.36,
            345.66,
            511.84,
            512.34,
            419.24
        ],
        [
            442.32,
            544.12,
            524.84,
            571.18,
            369.63,
            356.18,
            null,
            481.52,
            554.29,
            520.54,
            323.29,
            390.91,
            567.5,
            530.88,
            376.8,
            429.89,
            387.08,
            417.13,
            421.31,
            456.03,
            356.84,
            575.59,
            393.66,
            380.93,
            510.66,
            555.11,
            435.54,
            506.89,
            438.15,
            430.84
        ],
        [
            465.81,
            565.54,
            541.48,
            564.98,
            451.41,
            554.12,
            409.12,
            null,
            327.63,
            411.91,
            363.49,
            364.07,
            422.9,
            485.09,
            411.64,
            516.87,
            321.51,
            441.09,
            327.17,
            426.96,
            354.26,
            527.0,
            559.08,
            477.37,
            428.97,
            547.36,
            344.19,
            513.62,
            436.57,
            562.7
        ],
        [
            430.85,
            489.0,
            475.21,
            469.34,
            398.47,
            338.84,
            566.53,
            452.31,
            null,
            471.55,
            429.42,
            365.5,
            542.68,
            406.33,
            508.64,
            332.96,
            335.05,
            398.14,
            543.15,
            455.99,
            545.49,
            358.93,
            531.82,
            343.06,
            342.6,
            497.8,
            518.21,
            490.62,
            393.41,
            507.72
        ],
        [
            532.81,
            339.81,
            385.28,
            389.56,
            411.33,
            570.75,
            325.56,
            562.85,
            467.22,
            null,
            471.62,
            530.76,
            577.2,
            418.97,
            336.47,
            485.99,
            372.56,
            333.18,
            330.39,
            400.65,
            530.68,
            351.71,
            505.89,
            385.14,
            356.04,
            477.07,
            560.71,
            323.79,
            385.88,
            347.07
        ],
        [
            440.41,
            327.87,
            533.59,
            532.96,
            450.27,
            564.51,
            367.94,
            413.99,
            412.45,
            498.57,
            null,
            509.36,
            564.66,
            527.54,
            515.27,
            435.37,
            479.32,
            353.12,
            458.61,
            404.02,
            419.43,
            388.49,
            483.21,
            353.76,
            437.53,
            502.61,
            515.67,
            564.99,
            418.49,
            369.09
        ],
        [
            408.11,
            466.4,
            500.8,
            346.66,
            500.19,
            381.43,
            527.46,
            383.96,
            364.45,
            488.56,
            565.12,
            null,
            473.86,
            552.31,
            323.61,
            323.75,
            384.37,
            410.11,
            389.49,
            325.47,
            574.15,
            561.01,
            465.42,
            541.83,
            578.33,
            568.07,
            377.94,
            371.54,
            562.61,
            450.69
        ],
        [
            451.1,
            336.96,
            377.84,
            521.57,
            501.03,
            371.58,
            344.28,
            569.93,
            356.16,
            398.66,
            542.46,
            387.32,
            null,
            405.38,
            494.11,
            458.96,
            404.75,
            422.45,
            571.52,
            478.94,
            437.97,
            567.1,
            414.46,
            458.03,
            479.44,
            501.57,
            562.28,
            370.33,
            436.72,
            478.25
        ],
        [
            470.32,
            541.79,
            351.67,
            439.03,
            430.66,
            408.97,
            376.79,
            419.48,
            545.07,
            412.58,
            350.67,
            539.97,
            518.38,
            null,
            396.71,
            365.56,
            375.3,
            365.54,
            321.57,
            329.3,
            378.02,
            537.26,
            355.46,
            492.79,
            349.8,
            549.36,
            423.46,
            488.89,
            360.76,
            542.8
        ],
        [
            335.9,
            533.58,
            333.37,
            330.65,
            476.54,
            339.0,
            547.28,
            520.17,
            480.67,
            362.4,
            382.1,
            529.69,
            449.94,
            420.88,
            null,
            565.08,
            547.76,
            570.56,
            361.51,
            570.89,
            466.58,
            360.33,
            339.4,
            545.94,
            350.62,
            463.54,
            481.59,
            510.08,
            577.58,
            556.48
        ],
        [
            520.84,
            563.99,
            352.23,
            567.69,
            497.5,
            492.39,
            334.6,
            522.06,
            420.64,
            377.58,
            413.83,
            360.24,
            326.34,
            417.15,
            435.37,
            null,
            400.65,
            444.25,
            427.16,
            509.29,
            354.92,
            334.52,
            352.46,
            433.63,
            455.36,
            576.4,
            400.63,
            411.48,
            435.58,
            546.0
        ],
        [
            326.7,
            358.93,
            362.98,
            473.41,
            468.16,
            486.89,
            546.67,
            419.06,
            429.14,
            388.5,
            354.91,
            375.13,
            408.38,
            320.71,
            469.62,
            452.66,
            null,
            484.35,
            471.02,
            321.71,
            497.7,
            331.86,
            363.94,
            501.91,
            483.02,
            522.64,
            548.62,
            419.77,
            396.91,
            478.29
        ],
        [
            483.85,
            521.33,
            457.49,
            560.94,
            558.94,
            341.37,
            537.33,
            381.48,
            323.6,
            426.25,
            531.05,
            353.56,
            448.88,
            547.36,
            349.46,
            347.69,
            434.46,
            null,
            500.99,
            567.83,
            517.73,
            341.98,
            502.68,
            502.03,
            484.72,
            416.75,
            569.84,
            358.9,
            362.47,
            578.7
        ],
        [
            563.8,
            484.61,
            490.19,
            388.85,
            457.84,
            452.0,
            493.84,
            434.79,
            433.34,
            543.15,
            458.9,
            432.01,
            343.53,
            431.96,
            433.91,
            500.56,
            526.6,
            512.46,
            null,
            363.26,
            556.54,
            456.48,
            574.64,
            471.13,
            528.64,
            459.31,
            456.23,
            455.94,
            547.03,
            467.54
        ],
        [
            499.89,
            436.77,
            374.91,
            576.3,
            519.75,
            337.86,
            364.22,
            469.04,
            418.72,
            488.46,
            540.21,
            352.2,
            440.97,
            525.88,
            573.46,
            485.98,
            434.9,
            489.13,
            322.47,
            null,
            480.56,
            400.14,
            406.06,
            366.78,
            378.38,
            561.91,
            390.88,
            436.64,
            543.98,
            510.26
        ],
        [
            469.0,
            474.41,
            434.02,
            488.01,
            476.55,
            372.59,
            461.35,
            479.33,
            411.73,
            475.79,
            535.05,
            570.28,
            452.5,
            484.76,
            367.99,
            542.98,
            410.59,
            480.45,
            399.06,
            437.54,
            null,
            419.9,
            381.07,
            383.58,
            515.46,
            460.83,
            434.5,
            473.99,
            403.8,
            419.98
        ],
        [
            501.2,
            337.52,
            394.56,
            363.48,
            409.38,
            543.0,
            344.38,
            350.1,
            455.97,
            399.06,
            466.16,
            351.67,
            389.86,
            397.54,
            365.93,
            477.51,
            528.0,
            421.47,
            426.8,
            475.83,
            446.28,
            null,
            443.07,
            408.21,
            530.86,
            445.63,
            579.05,
            444.26,
            328.18,
            339.22
        ],
        [
            333.14,
            476.63,
            337.49,
            539.37,
            538.58,
            510.6,
            577.61,
            555.54,
            321.12,
            406.76,
            496.09,
            520.39,
            451.76,
            536.26,
            399.44,
            429.53,
            556.32,
            372.93,
            396.63,
            450.26,
            459.44,
            396.28,
            null,
            563.42,
            417.67,
            363.46,
            417.45,
            360.15,
            324.72,
            410.02
        ],
        [
            404.67,
            509.26,
            420.64,
            500.91,
            499.26,
            333.17,
            351.21,
            414.08,
            480.99,
            391.86,
            346.0,
            453.66,
            436.31,
            542.69,
            392.43,
            367.07,
            571.75,
            483.56,
            577.35,
            361.72,
            500.76,
            454.86,
            419.54,
            null,
            399.27,
            432.46,
            523.92,
            544.25,
            409.97,
            324.97
        ],
        [
            575.3,
            569.64,
            402.6,
            457.99,
            546.32,
            369.96,
            410.61,
            377.58,
            506.5,
            331.82,
            557.89,
            497.14,
            446.56,
            448.78,
            345.45,
            579.69,
            373.73,
            476.92,
            545.67,
            510.87,
            330.35,
            472.87,
            374.23,
            521.18,
            null,
            541.12,
            359.1,
            382.79,
            485.07,
            449.93
        ],
        [
            400.45,
            509.53,
            396.36,
            339.96,
            551.11,
            551.52,
            396.26,
            376.94,
            376.83,
            516.29,
            338.86,
            422.53,
            447.06,
            346.53,
            540.5,
            330.26,
            526.3,
            357.48,
            430.27,
            389.67,
            574.26,
            408.69,
            517.96,
            577.89,
            355.04,
            null,
            479.79,
            351.9,
            579.39,
            450.97
        ],
        [
            476.44,
            549.11,
            358.33,
            455.23,
            333.34,
            425.07,
            560.09,
            507.87,
            368.23,
            405.16,
            522.1,
            566.96,
            364.57,
            380.61,
            415.5,
            341.22,
            537.8,
            465.23,
            353.66,
            549.99,
            376.1,
            565.61,
            480.64,
            460.21,
            386.28,
            548.13,
            null,
            480.99,
            555.96,
            515.09
        ],
        [
            509.62,
            537.61,
            495.72,
            524.05,
            321.43,
            579.55,
            509.94,
            489.97,
            397.12,
            324.01,
            526.4,
            383.87,
            526.68,
            351.12,
            440.21,
            540.01,
            506.18,
            531.29,
            462.75,
            465.33,
            448.61,
            569.54,
            467.81,
            490.85,
            350.2,
            436.08,
            545.01,
            null,
            550.23,
            336.48
        ],
        [
            435.4,
            502.76,
            551.42,
            353.81,
            416.87,
            423.81,
            445.67,
            331.51,
            556.46,
            324.15,
            436.39,
            360.79,
            330.47,
            395.41,
            490.32,
            469.69,
            322.53,
            356.91,
            385.87,
            457.77,
            506.88,
            342.85,
            459.41,
            427.84,
            432.99,
            423.99,
            541.48,
            351.47,
            null,
            477.31
        ],
        [
            561.3,
            335.2,
            456.99,
            389.82,
            341.47,
            483.7,
            476.31,
            497.35,
            344.05,
            332.93,
            561.12,
            472.03,
            540.86,
            542.48,
            528.72,
            527.45,
            326.18,
            344.28,
            524.38,
            511.4,
            573.91,
            382.62,
            434.85,
            415.07,
            361.96,
            330.21,
            529.37,
            362.09,
            436.33,
            null
        ]
    ],
    "tempos_processamento": [
        321.96,
        488.52,
        544.14,
        483.76,
        688.69,
        655.0,
        667.2,
        369.59,
        674.92,
        303.33,
        480.79,
        579.36,
        188.75,
        644.99,
        411.41,
        572.89,
        263.9,
        469.53,
        569.13,
        560.13,
        597.08,
        186.67,
        337.66,
        506.35,
        558.52,
        571.52,
        639.75,
        417.11,
        366.19,
        693.47
    ],
    "ready_times": [
        200.1,
        458.61,
        284.81,
        625.83,
        769.0,
        1075.12,
        0.0,
        1496.23,
        1545.56,
        800.5,
        1664.56,
        966.66,
        225.01,
        8.73,
        423.86,
        873.2,
        1388.8,
        1665.57,
        1356.33,
        932.65,
        1651.71,
        1082.0,
        291.58,
        191.36,
        1287.86,
        655.11,
        695.12,
        1685.54,
        27.09,
        1681.09
    ]
}