{
    "configuracao": {
        "codigo_cenario": "HHLHHHL",
        "nivel_ready_time": "alta",
        "variabilidade_processamento": "alta",
        "media_processamento": "baixa",
        "estrutura_setup": "assimetrica",
        "variabilidade_setup": "alta",
        "n_maquinas": 10,
        "n_medio_jobs_maquina": 3,
        "n_jobs": 30
    },
    "matriz_setup": [
        [
            null,
            481.29,
            409.31,
            447.31,
            360.14,
            548.22,
            522.28,
            561.73,
            351.45,
            441.05,
            390.37,
            420.03,
            393.42,
            377.06,
            546.23,
            495.74,
            534.92,
            328.11,
            450.15,
            528.06,
            473.3,
            525.76,
            445.05,
            519.44,
            446.92,
            370.46,
            423.5,
            433.7,
            439.09,
            385.56
        ],
        [
            525.42,
            null,
            415.26,
            559.2,
            489.15,
            420.87,
            472.98,
            499.0,
            341.82,
            387.67,
            542.05,
            478.65,
            407.71,
            456.71,
            531.22,
            502.95,
            457.54,
            572.4,
            492.87,
            448.89,
            522.65,
            551.6,
            488.29,
            459.83,
            437.44,
            506.41,
            458.72,
            460.85,
            408.24,
            549.19
        ],
        [
            498.45,
            418.87,
            null,
            365.51,
            442.18,
            351.29,
            522.34,
            419.86,
            436.52,
            424.72,
            394.97,
            568.42,
            424.5,
            429.36,
            512.7,
            495.33,
            327.06,
            568.57,
            408.53,
            395.36,
            364.87,
            435.14,
            334.55,
            343.67,
            377.44,
            552.81,
            352.1,
            326.3,
            501.18,
            452.67
        ],
        [
            341.73,
            404.59,
            395.56,
            null,
            415.9,
            413.19,
            537.49,
            511.06,
            384.66,
            502.0,
            495.58,
            531.44,
            435.4,
            373.97,
            519.93,
            506.38,
            371.94,
            384.31,
            383.49,
            445.36,
            450.68,
            552.43,
            496.15,
            566.77,
            346.48,
            568.19,
            566.42,
            397.73,
            544.35,
            496.04
        ],
        [
            407.53,
            434.75,
            551.05,
            527.99,
            null,
            408.05,
            353.82,
            346.2,
            410.55,
            385.57,
            506.02,
            462.45,
            567.77,
            381.3,
            382.49,
            473.06,
            463.37,
            481.5,
            386.14,
            461.67,
            509.44,
            446.13,
            377.36,
            440.99,
            413.34,
            352.69,
            502.63,
            559.82,
            334.63,
            578.08
        ],
        [
            545.09,
            382.41,
            544.07,
            550.72,
            406.77,
            null,
            407.25,
            567.7,
            327.21,
            473.48,
            563.54,
            468.36,
            474.96,
            403.1,
            398.64,
            534.66,
            542.03,
            339.69,
            379.83,
            476.43,
            522.08,
            539.73,
            576.77,
            440.73,
            418.63,
            488.73,
            575.78,
            544.4,
            425.76,
            404.23
        ],
        [
            494.42,
            472.15,
            431.33,
            554.29,
            447.86,
            453.0,
            null,
            376.92,
            407.0,
            531.37,
            355.35,
            388.83,
            444.71,
            355.14,
            433.97,
            468.93,
            478.99,
            387.69,
            413.8,
            469.62,
            547.73,
            399.5,
            528.34,
            347.31,
            574.8,
            345.11,
            376.1,
            418.53,
            415.31,
            458.02
        ],
        [
            358.71,
            481.94,
            550.54,
            505.38,
            564.36,
            478.58,
            527.95,
            null,
            498.57,
            340.79,
            460.76,
            404.09,
            475.15,
            520.79,
            390.16,
            455.61,
            439.91,
            551.06,
            510.48,
            494.51,
            539.79,
            533.23,
            550.49,
            523.16,
            365.34,
            467.41,
            550.21,
            541.3,
            343.34,
            400.76
        ],
        [
            519.76,
            571.53,
            472.2,
            548.23,
            396.48,
            351.43,
            473.66,
            407.6,
            null,
            467.83,
            381.88,
            570.75,
            367.76,
            500.18,
            348.02,
            412.47,
            504.37,
            445.05,
            418.96,
            574.04,
            343.09,
            336.04,
            553.5,
            473.63,
            494.0,
            477.07,
            343.24,
            439.19,
            357.83,
            400.91
        ],
        [
            538.14,
            385.57,
            475.45,
            391.69,
            435.37,
            512.96,
            491.4,
            485.95,
            369.05,
            null,
            354.12,
            343.56,
            345.47,
            453.57,
            495.56,
            413.38,
            333.45,
            527.63,
            546.16,
            487.39,
            501.79,
            415.13,
            516.9,
            366.89,
            505.38,
            335.48,
            534.49,
            516.83,
            488.12,
            503.0
        ],
        [
            360.86,
            366.5,
            525.96,
            426.34,
            553.12,
            369.63,
            554.63,
            473.42,
            534.04,
            399.62,
            null,
            561.86,
            553.3,
            453.74,
            437.4,
            403.79,
            438.89,
            460.7,
            354.13,
            387.49,
            552.18,
            377.61,
            557.79,
            397.02,
            473.02,
            529.48,
            388.95,
            334.49,
            409.01,
            473.91
        ],
        [
            409.27,
            380.49,
            389.22,
            550.83,
            406.01,
            552.25,
            485.92,
            492.54,
            488.33,
            543.99,
            355.37,
            null,
            571.33,
            512.69,
            489.79,
            561.37,
            532.49,
            570.15,
            523.39,
            512.09,
            556.75,
            424.39,
            488.35,
            356.24,
            399.44,
            322.23,
            389.42,
            566.67,
            459.53,
            480.55
        ],
        [
            335.21,
            450.7,
            406.32,
            393.24,
            408.3,
            518.88,
            393.82,
            504.89,
            423.37,
            456.03,
            540.17,
            415.54,
            null,
            544.63,
            422.71,
            458.82,
            355.88,
            379.16,
            543.32,
            362.67,
            438.55,
            322.22,
            523.13,
            322.07,
            424.65,
            427.65,
            346.87,
            533.12,
            554.42,
            579.26
        ],
        [
            509.15,
            390.58,
            447.67,
            516.17,
            391.48,
            357.19,
            523.48,
            571.26,
            559.97,
            436.89,
            579.3,
            507.48,
            464.97,
            null,
            380.53,
            476.83,
            436.02,
            339.55,
            375.13,
            394.21,
            338.75,
            563.66,
            334.29,
            375.2,
            461.22,
            357.19,
            551.93,
            325.71,
            562.65,
            453.63
        ],
        [
            370.31,
            578.79,
            321.54,
            477.34,
            343.03,
            552.25,
            448.19,
            492.27,
            487.45,
            343.51,
            324.6,
            562.07,
            323.92,
            333.34,
            null,
            528.81,
            377.85,
            433.2,
            410.06,
            542.06,
            334.12,
            502.65,
            460.46,
            378.06,
            368.34,
            343.86,
            410.6,
            396.66,
            379.61,
            434.65
        ],
        [
            380.48,
            374.44,
            481.28,
            373.27,
            521.24,
            472.15,
            515.31,
            485.61,
            345.11,
            474.1,
            363.2,
            443.67,
            499.49,
            467.63,
            353.05,
            null,
            572.28,
            362.02,
            426.9,
            382.61,
            419.73,
            336.18,
            387.96,
            451.31,
            478.72,
            516.27,
            429.2,
            407.87,
            482.06,
            376.54
        ],
        [
            330.83,
            575.78,
            409.48,
            438.82,
            355.81,
            341.01,
            387.03,
            414.27,
            491.58,
            484.99,
            566.61,
            397.3,
            432.47,
            496.86,
            470.21,
            457.17,
            null,
            504.81,
            457.12,
            493.32,
            478.62,
            424.38,
            579.9,
            368.11,
            438.75,
            370.86,
            516.36,
            391.36,
            466.65,
            545.81
        ],
        [
            571.92,
            552.89,
            563.01,
            426.58,
            493.49,
            347.47,
            372.32,
            529.11,
            555.93,
            489.29,
            352.33,
            506.47,
            507.03,
            508.43,
            492.39,
            548.51,
            422.72,
            null,
            546.82,
            388.19,
            476.56,
            436.53,
            355.44,
            550.13,
            416.09,
            570.58,
            398.37,
            569.28,
            534.68,
            538.49
        ],
        [
            566.1,
            432.2,
            475.64,
            386.57,
            579.37,
            527.86,
            459.43,
            338.71,
            452.42,
            500.93,
            546.14,
            438.34,
            436.51,
            324.51,
            338.48,
            350.4,
            391.15,
            436.31,
            null,
            329.92,
            343.76,
            489.07,
            512.61,
            475.67,
            507.41,
            334.02,
            399.8,
            348.01,
            540.38,
            372.07
        ],
        [
            408.01,
            456.18,
            324.72,
            390.82,
            574.32,
            518.38,
            491.66,
            391.21,
            381.16,
            363.39,
            367.69,
            532.88,
            327.48,
            426.5,
            500.55,
            427.57,
            517.19,
            445.38,
            402.7,
            null,
            564.5,
            473.55,
            463.46,
            365.05,
            424.01,
            350.09,
            572.83,
            407.7,
            468.18,
            333.85
        ],
        [
            530.15,
            488.22,
            535.02,
            481.91,
            483.56,
            370.4,
            389.84,
            549.4,
            482.05,
            460.16,
            392.87,
            480.99,
            567.94,
            548.45,
            556.45,
            506.89,
            400.31,
            351.82,
            561.93,
            570.8,
            null,
            516.13,
            369.73,
            578.88,
            480.87,
            557.94,
            356.02,
            511.09,
            368.71,
            474.71
        ],
        [
            333.54,
            537.05,
            467.36,
            427.01,
            493.32,
            551.56,
            407.34,
            452.23,
            515.22,
            475.41,
            573.73,
            323.4,
            570.3,
            524.74,
            562.63,
            469.16,
            327.4,
            340.88,
            425.43,
            399.0,
            464.5,
            null,
            456.65,
            386.32,
            415.8,
            460.62,
            373.46,
            336.53,
            497.15,
            510.45
        ],
        [
            413.88,
            549.98,
            575.97,
            540.17,
            326.14,
            413.13,
            377.17,
            405.11,
            447.92,
            507.31,
            516.39,
            431.66,
            562.0,
            488.6,
            353.62,
            560.14,
            401.57,
            443.69,
            437.97,
            334.78,
            531.06,
            398.33,
            null,
            379.65,
            327.83,
            443.81,
            405.14,
            488.58,
            342.17,
            405.86
        ],
        [
            578.79,
            417.26,
            542.95,
            363.57,
            461.71,
            515.28,
            531.35,
            401.27,
            431.95,
            358.31,
            479.03,
            325.62,
            511.36,
            491.24,
            396.75,
            535.12,
            547.56,
            326.13,
            490.58,
            543.84,
            408.91,
            480.14,
            429.73,
            null,
            387.45,
            578.53,
            473.3,
            332.58,
            354.36,
            396.54
        ],
        [
            345.9,
            322.54,
            511.95,
            537.18,
            526.36,
            476.7,
            329.08,
            439.51,
            575.16,
            505.27,
            437.22,
            402.47,
            422.19,
            440.61,
            488.07,
            382.6,
            469.32,
            527.78,
            564.83,
            575.44,
            326.64,
            425.18,
            364.17,
            379.81,
            null,
            424.95,
            572.68,
            419.01,
            470.13,
            410.1
        ],
        [
            407.35,
            434.94,
            395.11,
            379.0,
            416.53,
            562.75,
            326.77,
            348.04,
            419.86,
            390.79,
            487.84,
            513.73,
            421.16,
            574.32,
            546.17,
            542.47,
            411.16,
            403.12,
            433.21,
            323.4,
            408.64,
            390.78,
            538.08,
            438.34,
            368.63,
            null,
            532.79,
            416.07,
            334.18,
            419.45
        ],
        [
            404.6,
            555.01,
            329.62,
            367.24,
            333.22,
            337.2,
            533.98,
            544.72,
            450.46,
            365.88,
            414.75,
            326.89,
            395.79,
            406.13,
            422.43,
            442.21,
            522.09,
            384.53,
            511.25,
            416.96,
            533.87,
            460.84,
            542.36,
            334.4,
            570.33,
            335.33,
            null,
            335.42,
            340.78,
            563.89
        ],
        [
            455.85,
            566.57,
            546.99,
            381.0,
            328.39,
            562.16,
            510.79,
            344.16,
            355.09,
            324.63,
            536.69,
            478.57,
            478.21,
            473.98,
            385.95,
            518.23,
            446.77,
            475.44,
            324.86,
            535.09,
            422.28,
            544.52,
            358.8,
            401.7,
            515.1,
            381.8,
            516.33,
            null,
            546.34,
            568.22
        ],
        [
            533.96,
            532.43,
            476.44,
            561.34,
            510.76,
            455.69,
            390.37,
            403.15,
            333.29,
            327.02,
            378.7,
            560.18,
            571.8,
            558.23,
            446.84,
            517.01,
            574.98,
            536.64,
            443.63,
            445.52,
            517.24,
            405.31,
            361.99,
            375.8,
            410.91,
            533.48,
            433.67,
            346.48,
            null,
            485.69
        ],
        [
            406.5,
            540.55,
            499.14,
            499.35,
            395.5,
            402.79,
            406.95,
            391.7,
            512.23,
            549.89,
            402.93,
            411.36,
            460.03,
            444.8,
            482.21,
            320.52,
            366.64,
            552.23,
            525.62,
            514.79,
            528.58,
            343.54,
            359.06,
            422.3,
            344.53,
            568.3,
            368.02,
            358.43,
            344.99,
            null
        ]
    ],
    "tempos_processamento": [
        454.27,
        518.51,
        668.8,
        425.44,
        352.83,
        696.35,
        254.67,
        405.92,
        192.55,
        499.39,
        383.54,
        259.27,
        550.4,
        213.36,
        512.94,
        206.32,
        664.49,
        554.84,
        718.07,
        535.31,
        209.05,
        477.75,
        243.9,
        447.14,
        198.5,
        293.68,
        387.85,
        234.71,
        442.47,
        498.47
    ],
    "ready_times": [
        1464.8,
        1667.67,
        739.43,
        849.37,
        1035.85,
        0.0,
        426.26,
        312.42,
        435.87,
        526.03,
        849.89,
        1298.96,
        1568.3,
        798.85,
        1181.66,
        1759.45,
        499.96,
        1590.36,
        1417.5,
        515.03,
        952.94,
        867.66,
        965.04,
        1714.35,
        1331.62,
        941.53,
        1244.71,
        912.07,
        1491.1,
        228.01
    ]
}