{
    "configuracao": {
        "codigo_cenario": "HHLHHHL",
        "nivel_ready_time": "alta",
        "variabilidade_processamento": "alta",
        "media_processamento": "baixa",
        "estrutura_setup": "assimetrica",
        "variabilidade_setup": "alta",
        "n_maquinas": 10,
        "n_medio_jobs_maquina": 3,
        "n_jobs": 30
    },
    "matriz_setup": [
        [
            null,
            515.6,
            549.65,
            482.57,
            418.77,
            400.69,
            520.17,
            320.48,
            578.2,
            450.75,
            432.99,
            517.99,
            525.37,
            529.87,
            432.47,
            486.0,
            460.24,
            355.87,
            515.5,
            424.88,
            578.43,
            327.52,
            513.7,
            383.76,
            466.31,
            406.72,
            538.73,
            369.06,
            466.13,
            481.38
        ],
        [
            336.49,
            null,
            559.18,
            439.6,
            399.65,
            537.14,
            513.8,
            339.69,
            455.09,
            435.44,
            471.61,
            342.16,
            487.43,
            485.08,
            404.67,
            321.4,
            534.73,
            501.2,
            389.66,
            462.11,
            414.68,
            467.94,
            467.07,
            417.01,
            342.41,
            573.03,
            490.73,
            532.72,
            519.55,
            322.65
        ],
        [
            326.95,
            401.12,
            null,
            404.67,
            369.05,
            503.8,
            331.76,
            436.08,
            377.11,
            324.43,
            547.13,
            498.22,
            350.02,
            542.66,
            493.9,
            375.7,
            533.41,
            453.58,
            449.89,
            349.13,
            484.74,
            381.14,
            395.94,
            477.36,
            324.43,
            395.63,
            332.79,
            405.51,
            351.64,
            406.61
        ],
        [
            483.39,
            419.84,
            577.25,
            null,
            429.73,
            399.49,
            376.59,
            560.64,
            439.1,
            432.35,
            537.82,
            421.47,
            451.98,
            333.92,
            371.87,
            424.96,
            324.3,
            347.17,
            365.32,
            572.65,
            357.67,
            326.26,
            425.85,
            335.34,
            464.15,
            499.44,
            426.48,
            500.3,
            453.95,
            473.19
        ],
        [
            547.93,
            486.46,
            531.17,
            451.14,
            null,
            544.49,
            547.61,
            403.09,
            409.63,
            501.47,
            431.3,
            375.1,
            544.03,
            471.58,
            356.52,
            364.14,
            567.29,
            364.59,
            506.38,
            335.54,
            394.91,
            530.13,
            382.65,
            466.45,
            402.08,
            453.52,
            525.81,
            565.72,
            477.05,
            357.55
        ],
        [
            431.63,
            482.31,
            484.66,
            524.89,
            453.71,
            null,
            410.14,
            505.3,
            346.05,
            432.23,
            471.15,
            376.02,
            418.24,
            407.59,
            400.48,
            578.6,
            345.84,
            495.57,
            357.19,
            499.27,
            450.93,
            399.39,
            471.39,
            565.1,
            557.46,
            322.18,
            553.7,
            406.26,
            531.85,
            433.08
        ],
        [
            459.61,
            380.56,
            445.27,
            339.27,
            369.69,
            386.68,
            null,
            400.24,
            560.49,
            342.49,
            335.07,
            418.06,
            435.96,
            341.78,
            561.05,
            441.17,
            483.26,
            538.33,
            517.28,
            490.92,
            491.25,
            485.75,
            543.69,
            535.75,
            544.81,
            426.04,
            346.96,
            409.65,
            364.87,
            414.3
        ],
        [
            343.98,
            394.12,
            457.42,
            459.65,
            545.84,
            443.62,
            434.53,
            null,
            512.28,
            428.22,
            564.57,
            334.86,
            538.34,
            391.49,
            341.21,
            342.13,
            406.08,
            426.78,
            526.76,
            359.74,
            520.56,
            393.97,
            447.16,
            353.83,
            361.33,
            529.61,
            341.97,
            490.42,
            447.85,
            577.61
        ],
        [
            358.21,
            492.92,
            491.66,
            565.6,
            437.33,
            363.98,
            436.88,
            494.47,
            null,
            558.95,
            355.72,
            454.2,
            360.37,
            539.31,
            500.97,
            455.8,
            509.0,
            342.81,
            340.59,
            350.34,
            372.54,
            401.57,
            376.23,
            566.23,
            457.96,
            394.84,
            405.19,
            457.32,
            571.21,
            416.34
        ],
        [
            449.01,
            490.58,
            542.24,
            396.88,
            571.57,
            498.65,
            502.17,
            347.54,
            328.48,
            null,
            404.66,
            528.6,
            437.18,
            521.02,
            370.62,
            348.24,
            401.64,
            494.58,
            379.99,
            538.14,
            467.87,
            534.93,
            510.95,
            435.2,
            362.68,
            347.37,
            376.9,
            412.94,
            523.3,
            410.04
        ],
        [
            445.01,
            494.02,
            441.13,
            356.75,
            431.98,
            351.3,
            570.54,
            465.45,
            353.21,
            390.71,
            null,
            358.45,
            325.74,
            458.46,
            513.72,
            500.66,
            566.36,
            356.21,
            401.25,
            328.5,
            512.25,
            348.63,
            509.6,
            509.84,
            323.55,
            431.0,
            423.41,
            511.03,
            570.37,
            459.49
        ],
        [
            467.38,
            456.76,
            521.49,
            324.92,
            438.77,
            561.42,
            458.32,
            567.58,
            387.21,
            351.15,
            431.79,
            null,
            378.11,
            333.29,
            402.43,
            431.21,
            482.71,
            370.4,
            572.67,
            513.09,
            333.18,
            342.07,
            360.04,
            334.62,
            376.81,
            320.98,
            436.66,
            440.79,
            334.73,
            381.63
        ],
        [
            337.99,
            393.34,
            380.03,
            525.57,
            575.18,
            537.23,
            513.17,
            465.2,
            491.65,
            409.62,
            533.95,
            483.16,
            null,
            574.32,
            517.11,
            522.89,
            422.65,
            491.19,
            362.18,
            455.23,
            534.4,
            442.22,
            386.24,
            406.28,
            466.85,
            323.62,
            435.66,
            569.62,
            379.38,
            473.38
        ],
        [
            556.87,
            458.82,
            465.27,
            370.28,
            456.23,
            480.73,
            486.11,
            469.86,
            476.35,
            375.28,
            531.57,
            441.36,
            568.08,
            null,
            395.8,
            472.14,
            325.09,
            393.28,
            491.89,
            497.32,
            374.52,
            438.22,
            524.8,
            402.06,
            434.75,
            392.56,
            344.74,
            364.67,
            376.67,
            517.22
        ],
        [
            563.35,
            410.74,
            339.73,
            499.5,
            520.88,
            405.19,
            419.2,
            423.41,
            512.7,
            527.95,
            388.88,
            538.91,
            349.79,
            535.72,
            null,
            507.71,
            353.2,
            462.18,
            388.73,
            519.07,
            405.2,
            521.49,
            468.18,
            509.23,
            333.15,
            421.73,
            402.52,
            405.26,
            410.58,
            579.7
        ],
        [
            572.35,
            438.65,
            543.17,
            321.24,
            442.69,
            472.48,
            456.31,
            350.12,
            334.91,
            372.79,
            325.77,
            323.01,
            382.72,
            327.54,
            363.9,
            null,
            470.94,
            499.49,
            501.93,
            536.42,
            540.45,
            452.53,
            534.02,
            528.0,
            486.79,
            507.14,
            336.73,
            333.78,
            556.92,
            504.54
        ],
        [
            532.78,
            373.66,
            414.9,
            571.13,
            578.38,
            577.94,
            431.72,
            479.25,
            528.23,
            356.85,
            403.76,
            438.32,
            391.93,
            331.59,
            517.36,
            358.62,
            null,
            495.69,
            469.21,
            486.94,
            513.56,
            452.22,
            389.32,
            324.76,
            513.48,
            416.71,
            460.71,
            421.54,
            495.95,
            496.84
        ],
        [
            461.27,
            572.09,
            411.14,
            504.71,
            335.45,
            473.44,
            406.72,
            352.37,
            437.5,
            475.22,
            412.92,
            347.45,
            323.21,
            353.11,
            437.04,
            555.92,
            488.11,
            null,
            562.25,
            495.55,
            409.12,
            556.58,
            387.3,
            454.97,
            571.28,
            320.86,
            321.62,
            482.35,
            431.76,
            443.86
        ],
        [
            404.27,
            495.54,
            444.42,
            579.43,
            521.61,
            434.69,
            402.0,
            486.24,
            358.97,
            369.99,
            458.01,
            337.29,
            458.42,
            504.65,
            330.49,
            355.37,
            410.08,
            416.22,
            null,
            564.52,
            385.08,
            332.85,
            414.27,
            389.09,
            449.57,
            480.14,
            574.05,
            370.02,
            486.86,
            471.41
        ],
        [
            441.83,
            352.37,
            395.8,
            399.04,
            399.63,
            455.43,
            400.95,
            413.03,
            547.27,
            438.32,
            446.55,
            522.47,
            419.87,
            495.66,
            367.85,
            441.18,
            553.18,
            503.6,
            527.9,
            null,
            399.34,
            500.54,
            432.9,
            508.21,
            349.63,
            384.61,
            563.68,
            332.59,
            417.95,
            507.74
        ],
        [
            402.53,
            410.06,
            452.48,
            409.63,
            548.55,
            397.4,
            332.39,
            486.76,
            377.43,
            450.74,
            448.59,
            389.23,
            448.97,
            354.94,
            448.32,
            419.85,
            483.11,
            574.87,
            472.97,
            514.19,
            null,
            544.96,
            414.75,
            398.5,
            366.54,
            410.45,
            439.53,
            380.81,
            512.39,
            443.28
        ],
        [
            343.13,
            518.49,
            382.99,
            355.02,
            372.27,
            381.99,
            447.32,
            388.62,
            408.93,
            567.92,
            558.57,
            414.43,
            558.45,
            353.47,
            432.99,
            388.96,
            400.92,
            412.1,
            530.97,
            440.41,
            527.27,
            null,
            501.39,
            350.73,
            366.51,
            338.85,
            409.1,
            342.29,
            421.57,
            513.67
        ],
        [
            441.07,
            328.17,
            536.78,
            467.19,
            455.0,
            321.01,
            422.27,
            534.02,
            419.88,
            551.87,
            501.34,
            420.2,
            492.99,
            552.25,
            518.96,
            447.71,
            330.26,
            329.19,
            502.32,
            446.07,
            327.54,
            551.93,
            null,
            469.34,
            495.21,
            516.18,
            345.48,
            528.37,
            418.93,
            474.38
        ],
        [
            375.96,
            347.6,
            362.71,
            401.73,
            439.37,
            404.17,
            570.84,
            415.09,
            524.1,
            556.52,
            433.17,
            399.62,
            479.3,
            339.41,
            475.73,
            438.06,
            466.77,
            506.41,
            391.16,
            453.0,
            494.82,
            471.39,
            496.65,
            null,
            353.2,
            438.46,
            577.46,
            381.38,
            398.71,
            355.43
        ],
        [
            463.16,
            461.0,
            519.24,
            338.89,
            444.12,
            463.12,
            478.32,
            395.16,
            446.04,
            493.82,
            535.57,
            494.7,
            507.94,
            547.46,
            325.31,
            427.99,
            525.6,
            393.79,
            471.63,
            478.43,
            457.29,
            406.55,
            462.65,
            369.79,
            null,
            493.82,
            509.77,
            356.29,
            528.66,
            347.18
        ],
        [
            470.14,
            463.37,
            570.64,
            552.91,
            400.32,
            411.52,
            454.51,
            571.22,
            489.62,
            397.16,
            352.5,
            577.13,
            328.01,
            379.72,
            530.0,
            540.18,
            514.88,
            333.11,
            436.56,
            391.52,
            545.09,
            562.54,
            368.76,
            532.4,
            566.37,
            null,
            547.48,
            495.54,
            537.57,
            328.35
        ],
        [
            467.7,
            511.09,
            438.74,
            345.19,
            418.68,
            481.17,
            543.23,
            453.01,
            504.5,
            551.37,
            515.46,
            429.4,
            371.0,
            335.31,
            538.04,
            454.6,
            464.05,
            494.32,
            531.74,
            549.62,
            475.13,
            466.98,
            405.76,
            578.55,
            450.56,
            498.3,
            null,
            469.59,
            432.0,
            396.76
        ],
        [
            520.4,
            363.81,
            409.26,
            525.4,
            364.9,
            399.75,
            423.79,
            431.44,
            461.18,
            445.85,
            551.11,
            564.32,
            446.21,
            544.76,
            445.92,
            469.5,
            343.35,
            457.92,
            441.23,
            321.16,
            332.36,
            459.12,
            579.51,
            481.14,
            479.78,
            371.09,
            404.19,
            null,
            519.37,
            346.57
        ],
        [
            437.61,
            431.35,
            553.33,
            323.97,
            556.92,
            433.17,
            338.88,
            328.43,
            487.49,
            338.08,
            521.08,
            556.03,
            322.64,
            566.24,
            520.4,
            444.28,
            533.45,
            470.89,
            553.13,
            407.92,
            412.24,
            403.17,
            398.04,
            449.62,
            484.6,
            569.09,
            353.51,
            480.27,
            null,
            556.5
        ],
        [
            491.59,
            368.89,
            424.17,
            500.19,
            475.9,
            366.73,
            418.36,
            364.68,
            532.42,
            548.63,
            329.63,
            398.49,
            547.81,
            322.4,
            541.87,
            454.57,
            508.61,
            463.77,
            370.81,
            362.05,
            346.73,
            499.27,
            524.66,
            419.17,
            458.69,
            467.41,
            551.54,
            493.91,
            324.83,
            null
        ]
    ],
    "tempos_processamento": [
        232.86,
        657.87,
        703.85,
        310.09,
        680.48,
        656.68,
        447.4,
        652.02,
        264.53,
        359.21,
        189.31,
        186.8,
        507.86,
        380.34,
        469.67,
        199.24,
        552.68,
        299.87,
        445.67,
        534.53,
        243.22,
        621.93,
        446.75,
        333.76,
        688.71,
        393.51,
        182.9,
        717.93,
        290.48,
        248.45
    ],
    "ready_times": [
        73.09,
        553.13,
        0.0,
        894.28,
        1482.24,
        1181.96,
        91.86,
        1225.43,
        133.47,
        1374.38,
        1252.25,
        678.76,
        152.2,
        1369.07,
        526.61,
        1722.42,
        868.32,
        1112.39,
        834.18,
        136.51,
        1585.66,
        1384.29,
        1413.12,
        762.55,
        1612.77,
        224.31,
        884.3,
        434.57,
        1207.65,
        940.48
    ]
}