{
    "configuracao": {
        "codigo_cenario": "HHHLHLH",
        "nivel_ready_time": "alta",
        "variabilidade_processamento": "alta",
        "media_processamento": "alta",
        "estrutura_setup": "simetrica",
        "variabilidade_setup": "alta",
        "n_maquinas": 2,
        "n_medio_jobs_maquina": 10,
        "n_jobs": 20
    },
    "matriz_setup": [
        [
            null,
            399.61,
            376.58,
            476.58,
            450.07,
            435.3,
            531.28,
            443.63,
            463.53,
            524.73,
            534.23,
            409.65,
            526.96,
            420.02,
            411.82,
            551.55,
            386.6,
            326.37,
            332.13,
            542.9
        ],
        [
            399.61,
            null,
            540.97,
            551.52,
            501.7,
            359.0,
            475.6,
            415.68,
            334.88,
            504.94,
            499.67,
            349.61,
            387.78,
            544.42,
            554.11,
            493.61,
            549.0,
            350.03,
            386.84,
            407.53
        ],
        [
            376.58,
            540.97,
            null,
            339.4,
            531.3,
            460.0,
            474.46,
            429.53,
            529.03,
            323.29,
            438.72,
            455.74,
            379.74,
            471.56,
            437.0,
            523.7,
            452.7,
            463.74,
            338.15,
            352.89
        ],
        [
            476.58,
            551.52,
            339.4,
            null,
            334.4,
            531.73,
            413.4,
            421.71,
            555.63,
            349.38,
            520.77,
            569.64,
            544.64,
            532.21,
            446.62,
            483.49,
            517.89,
            465.72,
            545.12,
            565.82
        ],
        [
            450.07,
            501.7,
            531.3,
            334.4,
            null,
            387.89,
            439.35,
            531.28,
            497.15,
            532.08,
            561.95,
            322.98,
            561.46,
            504.17,
            321.31,
            330.94,
            346.22,
            478.35,
            341.61,
            341.43
        ],
        [
            435.3,
            359.0,
            460.0,
            531.73,
            387.89,
            null,
            511.23,
            558.82,
            504.36,
            395.68,
            386.33,
            399.81,
            463.91,
            405.29,
            515.92,
            544.24,
            457.19,
            542.87,
            532.51,
            500.98
        ],
        [
            531.28,
            475.6,
            474.46,
            413.4,
            439.35,
            511.23,
            null,
            483.51,
            335.54,
            568.29,
            390.92,
            465.31,
            516.44,
            417.58,
            351.67,
            382.26,
            359.75,
            460.83,
            448.76,
            507.07
        ],
        [
            443.63,
            415.68,
            429.53,
            421.71,
            531.28,
            558.82,
            483.51,
            null,
            328.03,
            423.12,
            423.44,
            471.37,
            422.99,
            545.48,
            407.2,
            518.84,
            376.11,
            541.56,
            358.97,
            531.99
        ],
        [
            463.53,
            334.88,
            529.03,
            555.63,
            497.15,
            504.36,
            335.54,
            328.03,
            null,
            400.13,
            323.34,
            536.83,
            392.92,
            383.65,
            501.46,
            478.68,
            465.87,
            444.43,
            320.73,
            573.68
        ],
        [
            524.73,
            504.94,
            323.29,
            349.38,
            532.08,
            395.68,
            568.29,
            423.12,
            400.13,
            null,
            546.83,
            460.28,
            438.18,
            443.46,
            354.33,
            574.07,
            446.92,
            386.9,
            331.92,
            559.19
        ],
        [
            534.23,
            499.67,
            438.72,
            520.77,
            561.95,
            386.33,
            390.92,
            423.44,
            323.34,
            546.83,
            null,
            546.49,
            528.98,
            545.22,
            369.69,
            511.96,
            506.82,
            549.28,
            356.71,
            525.26
        ],
        [
            409.65,
            349.61,
            455.74,
            569.64,
            322.98,
            399.81,
            465.31,
            471.37,
            536.83,
            460.28,
            546.49,
            null,
            444.48,
            415.45,
            418.59,
            521.84,
            504.6,
            369.75,
            408.15,
            511.82
        ],
        [
            526.96,
            387.78,
            379.74,
            544.64,
            561.46,
            463.91,
            516.44,
            422.99,
            392.92,
            438.18,
            528.98,
            444.48,
            null,
            467.69,
            458.13,
            573.03,
            468.86,
            557.42,
            415.54,
            325.5
        ],
        [
            420.02,
            544.42,
            471.56,
            532.21,
            504.17,
            405.29,
            417.58,
            545.48,
            383.65,
            443.46,
            545.22,
            415.45,
            467.69,
            null,
            484.87,
            502.37,
            548.72,
            380.07,
            482.16,
            375.63
        ],
        [
            411.82,
            554.11,
            437.0,
            446.62,
            321.31,
            515.92,
            351.67,
            407.2,
            501.46,
            354.33,
            369.69,
            418.59,
            458.13,
            484.87,
            null,
            528.93,
            567.21,
            407.19,
            563.52,
            324.13
        ],
        [
            551.55,
            493.61,
            523.7,
            483.49,
            330.94,
            544.24,
            382.26,
            518.84,
            478.68,
            574.07,
            511.96,
            521.84,
            573.03,
            502.37,
            528.93,
            null,
            436.58,
            572.39,
            338.79,
            387.85
        ],
        [
            386.6,
            549.0,
            452.7,
            517.89,
            346.22,
            457.19,
            359.75,
            376.11,
            465.87,
            446.92,
            506.82,
            504.6,
            468.86,
            548.72,
            567.21,
            436.58,
            null,
            495.09,
            340.1,
            347.24
        ],
        [
            326.37,
            350.03,
            463.74,
            465.72,
            478.35,
            542.87,
            460.83,
            541.56,
            444.43,
            386.9,
            549.28,
            369.75,
            557.42,
            380.07,
            407.19,
            572.39,
            495.09,
            null,
            355.84,
            471.98
        ],
        [
            332.13,
            386.84,
            338.15,
            545.12,
            341.61,
            532.51,
            448.76,
            358.97,
            320.73,
            331.92,
            356.71,
            408.15,
            415.54,
            482.16,
            563.52,
            338.79,
            340.1,
            355.84,
            null,
            404.47
        ],
        [
            542.9,
            407.53,
            352.89,
            565.82,
            341.43,
            500.98,
            507.07,
            531.99,
            573.68,
            559.19,
            525.26,
            511.82,
            325.5,
            375.63,
            324.13,
            387.85,
            347.24,
            471.98,
            404.47,
            null
        ]
    ],
    "tempos_processamento": [
        6865.03,
        4210.81,
        6407.98,
        6881.06,
        6678.38,
        2375.6,
        4871.96,
        6838.06,
        3994.35,
        3104.77,
        5202.01,
        2793.14,
        5247.36,
        6210.58,
        3818.01,
        4091.99,
        4882.03,
        3008.72,
        7009.5,
        5840.91
    ],
    "ready_times": [
        30136.42,
        24614.68,
        25135.45,
        0.0,
        41070.03,
        606.05,
        29389.25,
        26736.19,
        21200.52,
        5657.92,
        21837.89,
        5668.34,
        21695.05,
        43062.33,
        8267.3,
        38559.43,
        22758.11,
        8409.87,
        22641.94,
        20146.72
    ]
}