{
    "configuracao": {
        "codigo_cenario": "HHHLHLH",
        "nivel_ready_time": "alta",
        "variabilidade_processamento": "alta",
        "media_processamento": "alta",
        "estrutura_setup": "simetrica",
        "variabilidade_setup": "alta",
        "n_maquinas": 2,
        "n_medio_jobs_maquina": 10,
        "n_jobs": 20
    },
    "matriz_setup": [
        [
            null,
            387.55,
            414.8,
            544.17,
            513.1,
            495.64,
            322.38,
            471.7,
            474.93,
            377.34,
            399.87,
            497.9,
            402.87,
            493.55,
            351.52,
            547.83,
            542.62,
            535.0,
            560.54,
            465.51
        ],
        [
            387.55,
            null,
            352.69,
            335.23,
            558.8,
            530.07,
            572.41,
            403.8,
            487.2,
            409.02,
            477.6,
            391.8,
            377.31,
            381.97,
            404.29,
            463.21,
            391.64,
            523.63,
            333.24,
            547.81
        ],
        [
            414.8,
            352.69,
            null,
            558.56,
            509.87,
            475.6,
            467.21,
            447.67,
            487.53,
            418.07,
            398.61,
            370.32,
            498.46,
            322.78,
            425.4,
            572.75,
            535.05,
            417.0,
            448.43,
            552.85
        ],
        [
            544.17,
            335.23,
            558.56,
            null,
            386.01,
            540.47,
            415.62,
            544.42,
            335.09,
            542.15,
            509.28,
            426.89,
            506.39,
            568.55,
            560.87,
            352.54,
            363.22,
            447.7,
            428.01,
            418.9
        ],
        [
            513.1,
            558.8,
            509.87,
            386.01,
            null,
            477.41,
            514.8,
            417.81,
            381.62,
            447.46,
            468.05,
            343.24,
            366.02,
            479.55,
            446.75,
            371.72,
            494.34,
            329.97,
            414.66,
            576.17
        ],
        [
            495.64,
            530.07,
            475.6,
            540.47,
            477.41,
            null,
            370.16,
            477.7,
            482.25,
            495.91,
            558.6,
            538.49,
            574.35,
            510.65,
            462.15,
            386.32,
            549.2,
            395.52,
            524.26,
            390.71
        ],
        [
            322.38,
            572.41,
            467.21,
            415.62,
            514.8,
            370.16,
            null,
            377.93,
            372.81,
            524.83,
            359.36,
            519.93,
            508.54,
            427.4,
            325.43,
            409.35,
            426.11,
            430.42,
            520.09,
            397.25
        ],
        [
            471.7,
            403.8,
            447.67,
            544.42,
            417.81,
            477.7,
            377.93,
            null,
            361.73,
            522.26,
            491.47,
            419.23,
            376.19,
            475.17,
            458.11,
            426.7,
            460.29,
            503.45,
            369.82,
            436.2
        ],
        [
            474.93,
            487.2,
            487.53,
            335.09,
            381.62,
            482.25,
            372.81,
            361.73,
            null,
            407.28,
            355.92,
            444.84,
            342.28,
            353.66,
            407.13,
            343.16,
            466.48,
            506.79,
            374.18,
            511.62
        ],
        [
            377.34,
            409.02,
            418.07,
            542.15,
            447.46,
            495.91,
            524.83,
            522.26,
            407.28,
            null,
            375.31,
            516.71,
            567.8,
            359.73,
            332.66,
            349.37,
            451.65,
            485.97,
            556.06,
            527.41
        ],
        [
            399.87,
            477.6,
            398.61,
            509.28,
            468.05,
            558.6,
            359.36,
            491.47,
            355.92,
            375.31,
            null,
            378.41,
            488.13,
            361.42,
            539.45,
            325.03,
            455.39,
            502.7,
            499.88,
            340.23
        ],
        [
            497.9,
            391.8,
            370.32,
            426.89,
            343.24,
            538.49,
            519.93,
            419.23,
            444.84,
            516.71,
            378.41,
            null,
            413.61,
            362.71,
            457.96,
            453.71,
            355.35,
            427.51,
            399.6,
            442.28
        ],
        [
            402.87,
            377.31,
            498.46,
            506.39,
            366.02,
            574.35,
            508.54,
            376.19,
            342.28,
            567.8,
            488.13,
            413.61,
            null,
            416.78,
            480.1,
            517.26,
            450.88,
            415.61,
            407.04,
            500.24
        ],
        [
            493.55,
            381.97,
            322.78,
            568.55,
            479.55,
            510.65,
            427.4,
            475.17,
            353.66,
            359.73,
            361.42,
            362.71,
            416.78,
            null,
            469.81,
            497.05,
            520.13,
            508.04,
            457.19,
            461.11
        ],
        [
            351.52,
            404.29,
            425.4,
            560.87,
            446.75,
            462.15,
            325.43,
            458.11,
            407.13,
            332.66,
            539.45,
            457.96,
            480.1,
            469.81,
            null,
            475.44,
            429.45,
            370.57,
            511.59,
            331.02
        ],
        [
            547.83,
            463.21,
            572.75,
            352.54,
            371.72,
            386.32,
            409.35,
            426.7,
            343.16,
            349.37,
            325.03,
            453.71,
            517.26,
            497.05,
            475.44,
            null,
            406.86,
            457.66,
            515.18,
            536.19
        ],
        [
            542.62,
            391.64,
            535.05,
            363.22,
            494.34,
            549.2,
            426.11,
            460.29,
            466.48,
            451.65,
            455.39,
            355.35,
            450.88,
            520.13,
            429.45,
            406.86,
            null,
            515.37,
            465.61,
            466.4
        ],
        [
            535.0,
            523.63,
            417.0,
            447.7,
            329.97,
            395.52,
            430.42,
            503.45,
            506.79,
            485.97,
            502.7,
            427.51,
            415.61,
            508.04,
            370.57,
            457.66,
            515.37,
            null,
            568.58,
            538.47
        ],
        [
            560.54,
            333.24,
            448.43,
            428.01,
            414.66,
            524.26,
            520.09,
            369.82,
            374.18,
            556.06,
            499.88,
            399.6,
            407.04,
            457.19,
            511.59,
            515.18,
            465.61,
            568.58,
            null,
            334.99
        ],
        [
            465.51,
            547.81,
            552.85,
            418.9,
            576.17,
            390.71,
            397.25,
            436.2,
            511.62,
            527.41,
            340.23,
            442.28,
            500.24,
            461.11,
            331.02,
            536.19,
            466.4,
            538.47,
            334.99,
            null
        ]
    ],
    "tempos_processamento": [
        2034.47,
        2407.82,
        1910.44,
        5830.08,
        4807.24,
        5561.57,
        1978.75,
        2172.83,
        4214.57,
        6635.99,
        7081.14,
        1876.41,
        6415.19,
        3862.08,
        3996.33,
        5820.05,
        5016.63,
        3227.82,
        6213.94,
        4006.71
    ],
    "ready_times": [
        36831.65,
        1161.48,
        17452.16,
        17610.74,
        11538.56,
        22906.39,
        3078.64,
        33295.37,
        32087.57,
        11096.41,
        19157.98,
        0.0,
        13143.87,
        16109.6,
        26043.0,
        38150.92,
        17997.61,
        28795.65,
        36310.26,
        32124.26
    ]
}