{
    "configuracao": {
        "codigo_cenario": "HHHLHLH",
        "nivel_ready_time": "alta",
        "variabilidade_processamento": "alta",
        "media_processamento": "alta",
        "estrutura_setup": "simetrica",
        "variabilidade_setup": "alta",
        "n_maquinas": 2,
        "n_medio_jobs_maquina": 10,
        "n_jobs": 20
    },
    "matriz_setup": [
        [
            null,
            503.38,
            420.33,
            320.45,
            557.02,
            423.01,
            396.22,
            539.47,
            518.86,
            468.99,
            506.93,
            454.4,
            499.47,
            517.75,
            479.65,
            439.51,
            390.4,
            551.01,
            571.2,
            551.72
        ],
        [
            503.38,
            null,
            456.46,
            529.62,
            485.76,
            571.37,
            336.63,
            473.34,
            533.56,
            422.45,
            529.3,
            391.68,
            347.98,
            570.21,
            320.66,
            453.82,
            479.95,
            320.32,
            426.23,
            452.16
        ],
        [
            420.33,
            456.46,
            null,
            500.66,
            412.45,
            475.23,
            376.8,
            562.57,
            433.23,
            535.9,
            576.02,
            362.09,
            383.01,
            573.09,
            425.39,
            493.94,
            485.57,
            448.0,
            362.39,
            328.48
        ],
        [
            320.45,
            529.62,
            500.66,
            null,
            385.0,
            432.63,
            443.53,
            389.79,
            369.55,
            377.64,
            422.56,
            386.63,
            422.91,
            335.99,
            356.52,
            359.23,
            463.27,
            499.06,
            347.54,
            453.75
        ],
        [
            557.02,
            485.76,
            412.45,
            385.0,
            null,
            395.22,
            333.94,
            536.58,
            403.31,
            514.5,
            536.11,
            488.56,
            493.92,
            381.96,
            551.38,
            411.28,
            414.8,
            414.54,
            480.02,
            567.02
        ],
        [
            423.01,
            571.37,
            475.23,
            432.63,
            395.22,
            null,
            506.67,
            400.47,
            541.0,
            579.49,
            528.19,
            419.51,
            524.67,
            552.32,
            409.93,
            549.07,
            427.76,
            540.34,
            400.42,
            576.93
        ],
        [
            396.22,
            336.63,
            376.8,
            443.53,
            333.94,
            506.67,
            null,
            445.66,
            555.24,
            490.03,
            408.17,
            481.16,
            401.95,
            451.52,
            407.83,
            402.06,
            403.21,
            540.45,
            450.35,
            365.92
        ],
        [
            539.47,
            473.34,
            562.57,
            389.79,
            536.58,
            400.47,
            445.66,
            null,
            392.84,
            432.34,
            538.06,
            323.29,
            373.24,
            361.62,
            573.26,
            445.8,
            524.0,
            364.49,
            481.61,
            503.2
        ],
        [
            518.86,
            533.56,
            433.23,
            369.55,
            403.31,
            541.0,
            555.24,
            392.84,
            null,
            513.25,
            501.03,
            437.86,
            470.94,
            407.99,
            426.95,
            446.56,
            348.72,
            406.45,
            478.51,
            409.0
        ],
        [
            468.99,
            422.45,
            535.9,
            377.64,
            514.5,
            579.49,
            490.03,
            432.34,
            513.25,
            null,
            543.79,
            495.4,
            402.44,
            366.78,
            366.94,
            457.15,
            536.08,
            369.39,
            538.77,
            322.39
        ],
        [
            506.93,
            529.3,
            576.02,
            422.56,
            536.11,
            528.19,
            408.17,
            538.06,
            501.03,
            543.79,
            null,
            482.82,
            511.63,
            366.08,
            438.31,
            428.44,
            484.86,
            480.67,
            327.45,
            406.63
        ],
        [
            454.4,
            391.68,
            362.09,
            386.63,
            488.56,
            419.51,
            481.16,
            323.29,
            437.86,
            495.4,
            482.82,
            null,
            486.04,
            330.51,
            369.23,
            465.46,
            336.96,
            421.29,
            341.34,
            554.76
        ],
        [
            499.47,
            347.98,
            383.01,
            422.91,
            493.92,
            524.67,
            401.95,
            373.24,
            470.94,
            402.44,
            511.63,
            486.04,
            null,
            444.71,
            353.03,
            419.89,
            359.03,
            375.47,
            467.7,
            364.56
        ],
        [
            517.75,
            570.21,
            573.09,
            335.99,
            381.96,
            552.32,
            451.52,
            361.62,
            407.99,
            366.78,
            366.08,
            330.51,
            444.71,
            null,
            527.87,
            385.5,
            386.08,
            523.18,
            540.18,
            542.12
        ],
        [
            479.65,
            320.66,
            425.39,
            356.52,
            551.38,
            409.93,
            407.83,
            573.26,
            426.95,
            366.94,
            438.31,
            369.23,
            353.03,
            527.87,
            null,
            519.06,
            334.67,
            347.36,
            405.79,
            402.52
        ],
        [
            439.51,
            453.82,
            493.94,
            359.23,
            411.28,
            549.07,
            402.06,
            445.8,
            446.56,
            457.15,
            428.44,
            465.46,
            419.89,
            385.5,
            519.06,
            null,
            371.77,
            377.41,
            368.65,
            413.45
        ],
        [
            390.4,
            479.95,
            485.57,
            463.27,
            414.8,
            427.76,
            403.21,
            524.0,
            348.72,
            536.08,
            484.86,
            336.96,
            359.03,
            386.08,
            334.67,
            371.77,
            null,
            516.92,
            543.82,
            326.9
        ],
        [
            551.01,
            320.32,
            448.0,
            499.06,
            414.54,
            540.34,
            540.45,
            364.49,
            406.45,
            369.39,
            480.67,
            421.29,
            375.47,
            523.18,
            347.36,
            377.41,
            516.92,
            null,
            324.65,
            520.06
        ],
        [
            571.2,
            426.23,
            362.39,
            347.54,
            480.02,
            400.42,
            450.35,
            481.61,
            478.51,
            538.77,
            327.45,
            341.34,
            467.7,
            540.18,
            405.79,
            368.65,
            543.82,
            324.65,
            null,
            502.54
        ],
        [
            551.72,
            452.16,
            328.48,
            453.75,
            567.02,
            576.93,
            365.92,
            503.2,
            409.0,
            322.39,
            406.63,
            554.76,
            364.56,
            542.12,
            402.52,
            413.45,
            326.9,
            520.06,
            502.54,
            null
        ]
    ],
    "tempos_processamento": [
        3238.6,
        5582.52,
        3506.7,
        3237.58,
        7151.89,
        4811.26,
        3409.1,
        4644.1,
        2028.0,
        2536.02,
        6397.86,
        2085.49,
        4381.18,
        2318.22,
        3396.2,
        7130.39,
        4934.68,
        5093.54,
        4941.61,
        7161.62
    ],
    "ready_times": [
        32510.38,
        29275.71,
        43018.12,
        41915.92,
        34386.83,
        37014.65,
        27738.31,
        25529.32,
        33936.1,
        33642.28,
        34696.16,
        0.0,
        2406.37,
        12072.02,
        27783.95,
        30422.09,
        26016.38,
        23110.17,
        17992.63,
        12426.72
    ]
}