{
    "configuracao": {
        "codigo_cenario": "HHHLHLH",
        "nivel_ready_time": "alta",
        "variabilidade_processamento": "alta",
        "media_processamento": "alta",
        "estrutura_setup": "simetrica",
        "variabilidade_setup": "alta",
        "n_maquinas": 2,
        "n_medio_jobs_maquina": 10,
        "n_jobs": 20
    },
    "matriz_setup": [
        [
            null,
            365.85,
            466.44,
            550.82,
            506.21,
            402.89,
            513.44,
            328.0,
            494.29,
            534.5,
            320.74,
            516.31,
            435.33,
            560.07,
            578.72,
            367.28,
            332.33,
            446.74,
            364.12,
            516.42
        ],
        [
            365.85,
            null,
            563.85,
            386.58,
            420.95,
            350.17,
            544.93,
            577.7,
            519.64,
            500.62,
            486.42,
            324.73,
            379.79,
            487.63,
            509.84,
            483.25,
            533.61,
            337.36,
            545.9,
            467.41
        ],
        [
            466.44,
            563.85,
            null,
            525.88,
            537.03,
            571.38,
            475.47,
            488.87,
            555.23,
            512.43,
            518.14,
            351.53,
            488.31,
            366.1,
            370.81,
            344.21,
            551.33,
            400.81,
            552.58,
            568.34
        ],
        [
            550.82,
            386.58,
            525.88,
            null,
            500.41,
            465.15,
            540.14,
            548.62,
            434.75,
            469.35,
            364.61,
            444.67,
            557.18,
            392.13,
            461.29,
            518.32,
            414.34,
            415.5,
            551.86,
            536.83
        ],
        [
            506.21,
            420.95,
            537.03,
            500.41,
            null,
            572.52,
            458.13,
            378.86,
            490.61,
            565.99,
            344.83,
            360.9,
            410.23,
            384.12,
            417.19,
            501.42,
            344.88,
            442.73,
            428.9,
            444.4
        ],
        [
            402.89,
            350.17,
            571.38,
            465.15,
            572.52,
            null,
            351.49,
            442.48,
            455.9,
            387.15,
            389.09,
            572.14,
            351.84,
            331.23,
            480.33,
            426.04,
            406.65,
            351.53,
            370.04,
            387.96
        ],
        [
            513.44,
            544.93,
            475.47,
            540.14,
            458.13,
            351.49,
            null,
            483.56,
            538.02,
            493.36,
            355.75,
            575.03,
            460.19,
            330.82,
            446.07,
            483.48,
            328.04,
            481.49,
            388.72,
            529.94
        ],
        [
            328.0,
            577.7,
            488.87,
            548.62,
            378.86,
            442.48,
            483.56,
            null,
            506.54,
            502.14,
            534.29,
            442.04,
            430.89,
            523.07,
            457.03,
            429.8,
            373.55,
            362.75,
            345.86,
            512.13
        ],
        [
            494.29,
            519.64,
            555.23,
            434.75,
            490.61,
            455.9,
            538.02,
            506.54,
            null,
            402.09,
            467.03,
            370.51,
            548.96,
            532.05,
            330.62,
            334.84,
            525.54,
            426.99,
            343.25,
            560.69
        ],
        [
            534.5,
            500.62,
            512.43,
            469.35,
            565.99,
            387.15,
            493.36,
            502.14,
            402.09,
            null,
            551.12,
            495.98,
            533.92,
            452.54,
            518.97,
            556.35,
            517.45,
            376.3,
            479.26,
            430.26
        ],
        [
            320.74,
            486.42,
            518.14,
            364.61,
            344.83,
            389.09,
            355.75,
            534.29,
            467.03,
            551.12,
            null,
            523.95,
            400.54,
            567.62,
            442.67,
            528.04,
            473.83,
            537.34,
            529.64,
            560.0
        ],
        [
            516.31,
            324.73,
            351.53,
            444.67,
            360.9,
            572.14,
            575.03,
            442.04,
            370.51,
            495.98,
            523.95,
            null,
            487.18,
            521.6,
            482.65,
            558.97,
            520.61,
            393.83,
            357.86,
            578.15
        ],
        [
            435.33,
            379.79,
            488.31,
            557.18,
            410.23,
            351.84,
            460.19,
            430.89,
            548.96,
            533.92,
            400.54,
            487.18,
            null,
            511.79,
            358.57,
            354.3,
            398.14,
            385.92,
            567.05,
            468.7
        ],
        [
            560.07,
            487.63,
            366.1,
            392.13,
            384.12,
            331.23,
            330.82,
            523.07,
            532.05,
            452.54,
            567.62,
            521.6,
            511.79,
            null,
            478.47,
            401.56,
            563.53,
            383.07,
            535.08,
            334.29
        ],
        [
            578.72,
            509.84,
            370.81,
            461.29,
            417.19,
            480.33,
            446.07,
            457.03,
            330.62,
            518.97,
            442.67,
            482.65,
            358.57,
            478.47,
            null,
            507.64,
            516.45,
            521.1,
            344.18,
            406.01
        ],
        [
            367.28,
            483.25,
            344.21,
            518.32,
            501.42,
            426.04,
            483.48,
            429.8,
            334.84,
            556.35,
            528.04,
            558.97,
            354.3,
            401.56,
            507.64,
            null,
            362.38,
            411.64,
            439.38,
            327.23
        ],
        [
            332.33,
            533.61,
            551.33,
            414.34,
            344.88,
            406.65,
            328.04,
            373.55,
            525.54,
            517.45,
            473.83,
            520.61,
            398.14,
            563.53,
            516.45,
            362.38,
            null,
            528.45,
            366.01,
            498.9
        ],
        [
            446.74,
            337.36,
            400.81,
            415.5,
            442.73,
            351.53,
            481.49,
            362.75,
            426.99,
            376.3,
            537.34,
            393.83,
            385.92,
            383.07,
            521.1,
            411.64,
            528.45,
            null,
            337.55,
            519.14
        ],
        [
            364.12,
            545.9,
            552.58,
            551.86,
            428.9,
            370.04,
            388.72,
            345.86,
            343.25,
            479.26,
            529.64,
            357.86,
            567.05,
            535.08,
            344.18,
            439.38,
            366.01,
            337.55,
            null,
            473.55
        ],
        [
            516.42,
            467.41,
            568.34,
            536.83,
            444.4,
            387.96,
            529.94,
            512.13,
            560.69,
            430.26,
            560.0,
            578.15,
            468.7,
            334.29,
            406.01,
            327.23,
            498.9,
            519.14,
            473.55,
            null
        ]
    ],
    "tempos_processamento": [
        2488.97,
        6117.38,
        2326.82,
        5399.73,
        6306.14,
        3179.75,
        5812.57,
        5055.11,
        3640.32,
        2945.65,
        6475.18,
        5552.79,
        6144.38,
        1871.08,
        4710.61,
        3259.22,
        5410.61,
        5794.41,
        5205.98,
        6305.61
    ],
    "ready_times": [
        26785.4,
        31230.86,
        26717.74,
        127.97,
        7494.11,
        19762.51,
        14434.72,
        32999.19,
        11497.91,
        28488.14,
        18687.89,
        36433.98,
        41525.64,
        20722.6,
        0.0,
        28338.51,
        34339.0,
        5606.14,
        217.72,
        32953.09
    ]
}