{
    "configuracao": {
        "codigo_cenario": "HLHLHLH",
        "nivel_ready_time": "alta",
        "variabilidade_processamento": "baixa",
        "media_processamento": "alta",
        "estrutura_setup": "simetrica",
        "variabilidade_setup": "alta",
        "n_maquinas": 2,
        "n_medio_jobs_maquina": 10,
        "n_jobs": 20
    },
    "matriz_setup": [
        [
            null,
            463.1,
            572.47,
            429.47,
            513.94,
            540.3,
            531.86,
            538.99,
            561.17,
            440.44,
            393.8,
            553.64,
            337.08,
            345.78,
            394.52,
            517.23,
            379.18,
            546.82,
            437.18,
            531.47
        ],
        [
            463.1,
            null,
            431.72,
            536.76,
            435.01,
            467.6,
            427.12,
            571.1,
            331.7,
            447.73,
            422.57,
            346.86,
            471.97,
            410.95,
            465.32,
            509.8,
            355.59,
            413.37,
            431.18,
            571.04
        ],
        [
            572.47,
            431.72,
            null,
            510.49,
            457.82,
            553.1,
            541.75,
            379.55,
            481.81,
            459.43,
            373.05,
            474.46,
            404.47,
            569.77,
            457.64,
            559.6,
            578.88,
            449.47,
            334.37,
            380.49
        ],
        [
            429.47,
            536.76,
            510.49,
            null,
            458.67,
            391.87,
            491.47,
            415.51,
            411.88,
            504.78,
            329.09,
            332.07,
            564.33,
            379.64,
            430.17,
            346.58,
            536.73,
            561.13,
            450.99,
            352.21
        ],
        [
            513.94,
            435.01,
            457.82,
            458.67,
            null,
            570.85,
            497.51,
            321.86,
            385.35,
            394.24,
            524.94,
            520.45,
            551.39,
            324.68,
            343.78,
            518.43,
            462.17,
            365.72,
            579.54,
            338.96
        ],
        [
            540.3,
            467.6,
            553.1,
            391.87,
            570.85,
            null,
            559.31,
            373.32,
            394.43,
            452.02,
            425.33,
            540.24,
            346.31,
            539.26,
            354.08,
            320.48,
            555.41,
            327.33,
            374.54,
            481.93
        ],
        [
            531.86,
            427.12,
            541.75,
            491.47,
            497.51,
            559.31,
            null,
            398.48,
            330.01,
            412.89,
            572.17,
            550.09,
            358.26,
            467.42,
            357.96,
            527.47,
            422.27,
            340.83,
            528.93,
            379.53
        ],
        [
            538.99,
            571.1,
            379.55,
            415.51,
            321.86,
            373.32,
            398.48,
            null,
            515.63,
            441.66,
            341.81,
            467.25,
            522.53,
            567.29,
            448.68,
            503.32,
            526.1,
            509.19,
            341.49,
            410.1
        ],
        [
            561.17,
            331.7,
            481.81,
            411.88,
            385.35,
            394.43,
            330.01,
            515.63,
            null,
            347.61,
            440.34,
            367.27,
            362.24,
            536.47,
            539.33,
            437.76,
            530.71,
            359.81,
            459.19,
            495.27
        ],
        [
            440.44,
            447.73,
            459.43,
            504.78,
            394.24,
            452.02,
            412.89,
            441.66,
            347.61,
            null,
            428.56,
            452.55,
            578.15,
            366.94,
            408.39,
            352.85,
            469.75,
            346.26,
            403.88,
            523.29
        ],
        [
            393.8,
            422.57,
            373.05,
            329.09,
            524.94,
            425.33,
            572.17,
            341.81,
            440.34,
            428.56,
            null,
            432.84,
            545.98,
            551.44,
            399.0,
            386.1,
            469.04,
            400.64,
            327.58,
            368.39
        ],
        [
            553.64,
            346.86,
            474.46,
            332.07,
            520.45,
            540.24,
            550.09,
            467.25,
            367.27,
            452.55,
            432.84,
            null,
            566.61,
            381.75,
            384.8,
            499.25,
            525.9,
            568.74,
            498.3,
            459.71
        ],
        [
            337.08,
            471.97,
            404.47,
            564.33,
            551.39,
            346.31,
            358.26,
            522.53,
            362.24,
            578.15,
            545.98,
            566.61,
            null,
            477.86,
            416.89,
            509.85,
            531.92,
            575.38,
            530.99,
            374.42
        ],
        [
            345.78,
            410.95,
            569.77,
            379.64,
            324.68,
            539.26,
            467.42,
            567.29,
            536.47,
            366.94,
            551.44,
            381.75,
            477.86,
            null,
            398.58,
            321.37,
            340.38,
            561.66,
            339.11,
            423.1
        ],
        [
            394.52,
            465.32,
            457.64,
            430.17,
            343.78,
            354.08,
            357.96,
            448.68,
            539.33,
            408.39,
            399.0,
            384.8,
            416.89,
            398.58,
            null,
            507.48,
            550.02,
            514.92,
            444.51,
            565.43
        ],
        [
            517.23,
            509.8,
            559.6,
            346.58,
            518.43,
            320.48,
            527.47,
            503.32,
            437.76,
            352.85,
            386.1,
            499.25,
            509.85,
            321.37,
            507.48,
            null,
            469.82,
            525.29,
            526.92,
            323.64
        ],
        [
            379.18,
            355.59,
            578.88,
            536.73,
            462.17,
            555.41,
            422.27,
            526.1,
            530.71,
            469.75,
            469.04,
            525.9,
            531.92,
            340.38,
            550.02,
            469.82,
            null,
            522.64,
            445.75,
            432.58
        ],
        [
            546.82,
            413.37,
            449.47,
            561.13,
            365.72,
            327.33,
            340.83,
            509.19,
            359.81,
            346.26,
            400.64,
            568.74,
            575.38,
            561.66,
            514.92,
            525.29,
            522.64,
            null,
            446.41,
            553.84
        ],
        [
            437.18,
            431.18,
            334.37,
            450.99,
            579.54,
            374.54,
            528.93,
            341.49,
            459.19,
            403.88,
            327.58,
            498.3,
            530.99,
            339.11,
            444.51,
            526.92,
            445.75,
            446.41,
            null,
            425.34
        ],
        [
            531.47,
            571.04,
            380.49,
            352.21,
            338.96,
            481.93,
            379.53,
            410.1,
            495.27,
            523.29,
            368.39,
            459.71,
            374.42,
            423.1,
            565.43,
            323.64,
            432.58,
            553.84,
            425.34,
            null
        ]
    ],
    "tempos_processamento": [
        4594.31,
        4666.74,
        4579.27,
        4297.67,
        4654.16,
        4402.63,
        4424.26,
        4540.61,
        4549.43,
        4602.93,
        4250.18,
        4359.9,
        4344.13,
        4737.93,
        4379.75,
        4436.15,
        4305.37,
        4554.91,
        4264.49,
        4544.2
    ],
    "ready_times": [
        22159.53,
        17085.1,
        2365.09,
        22868.05,
        32883.11,
        33291.15,
        2922.73,
        24879.67,
        10281.05,
        2554.9,
        6627.89,
        12341.83,
        21040.84,
        30184.31,
        4793.17,
        23310.21,
        8534.89,
        81.36,
        7836.11,
        0.0
    ]
}