{
    "configuracao": {
        "codigo_cenario": "HLHLHLH",
        "nivel_ready_time": "alta",
        "variabilidade_processamento": "baixa",
        "media_processamento": "alta",
        "estrutura_setup": "simetrica",
        "variabilidade_setup": "alta",
        "n_maquinas": 2,
        "n_medio_jobs_maquina": 10,
        "n_jobs": 20
    },
    "matriz_setup": [
        [
            null,
            377.06,
            497.44,
            512.56,
            377.47,
            531.11,
            347.69,
            552.32,
            406.62,
            480.4,
            341.39,
            492.35,
            387.25,
            464.29,
            355.24,
            482.8,
            357.79,
            491.55,
            427.9,
            380.76
        ],
        [
            377.06,
            null,
            457.4,
            399.15,
            504.63,
            487.38,
            460.42,
            482.5,
            486.6,
            507.96,
            535.69,
            508.71,
            413.47,
            577.04,
            452.42,
            338.46,
            506.71,
            578.91,
            452.38,
            390.32
        ],
        [
            497.44,
            457.4,
            null,
            517.33,
            433.98,
            412.07,
            578.85,
            517.24,
            492.14,
            414.93,
            357.03,
            561.09,
            320.2,
            529.16,
            377.5,
            525.17,
            556.28,
            362.61,
            575.88,
            494.97
        ],
        [
            512.56,
            399.15,
            517.33,
            null,
            438.38,
            491.09,
            390.35,
            337.21,
            512.87,
            408.92,
            470.54,
            515.62,
            552.66,
            543.28,
            380.09,
            346.07,
            550.92,
            521.61,
            323.94,
            445.96
        ],
        [
            377.47,
            504.63,
            433.98,
            438.38,
            null,
            501.72,
            550.74,
            343.24,
            386.56,
            431.56,
            423.61,
            337.53,
            443.6,
            557.62,
            441.74,
            403.8,
            578.83,
            450.89,
            325.79,
            442.73
        ],
        [
            531.11,
            487.38,
            412.07,
            491.09,
            501.72,
            null,
            432.86,
            368.48,
            483.2,
            503.4,
            461.15,
            571.76,
            439.95,
            354.3,
            336.45,
            495.39,
            408.75,
            492.95,
            562.22,
            484.83
        ],
        [
            347.69,
            460.42,
            578.85,
            390.35,
            550.74,
            432.86,
            null,
            348.02,
            408.01,
            559.17,
            353.54,
            328.34,
            453.8,
            494.11,
            425.83,
            473.62,
            579.15,
            444.0,
            447.03,
            519.08
        ],
        [
            552.32,
            482.5,
            517.24,
            337.21,
            343.24,
            368.48,
            348.02,
            null,
            567.97,
            557.27,
            481.77,
            387.73,
            462.93,
            422.88,
            348.9,
            524.84,
            387.0,
            374.35,
            456.55,
            442.75
        ],
        [
            406.62,
            486.6,
            492.14,
            512.87,
            386.56,
            483.2,
            408.01,
            567.97,
            null,
            376.53,
            514.39,
            479.45,
            498.21,
            483.61,
            336.77,
            473.14,
            431.79,
            520.93,
            569.29,
            539.11
        ],
        [
            480.4,
            507.96,
            414.93,
            408.92,
            431.56,
            503.4,
            559.17,
            557.27,
            376.53,
            null,
            557.96,
            471.71,
            323.81,
            337.86,
            378.0,
            514.2,
            577.68,
            395.62,
            553.12,
            481.84
        ],
        [
            341.39,
            535.69,
            357.03,
            470.54,
            423.61,
            461.15,
            353.54,
            481.77,
            514.39,
            557.96,
            null,
            542.16,
            559.28,
            347.01,
            321.12,
            392.87,
            551.81,
            369.47,
            569.43,
            327.35
        ],
        [
            492.35,
            508.71,
            561.09,
            515.62,
            337.53,
            571.76,
            328.34,
            387.73,
            479.45,
            471.71,
            542.16,
            null,
            373.18,
            370.01,
            478.79,
            410.01,
            328.54,
            519.9,
            438.86,
            344.22
        ],
        [
            387.25,
            413.47,
            320.2,
            552.66,
            443.6,
            439.95,
            453.8,
            462.93,
            498.21,
            323.81,
            559.28,
            373.18,
            null,
            537.82,
            375.7,
            559.48,
            552.79,
            425.94,
            426.49,
            428.42
        ],
        [
            464.29,
            577.04,
            529.16,
            543.28,
            557.62,
            354.3,
            494.11,
            422.88,
            483.61,
            337.86,
            347.01,
            370.01,
            537.82,
            null,
            413.67,
            393.54,
            441.99,
            552.23,
            492.34,
            505.71
        ],
        [
            355.24,
            452.42,
            377.5,
            380.09,
            441.74,
            336.45,
            425.83,
            348.9,
            336.77,
            378.0,
            321.12,
            478.79,
            375.7,
            413.67,
            null,
            413.77,
            488.08,
            425.43,
            406.48,
            454.23
        ],
        [
            482.8,
            338.46,
            525.17,
            346.07,
            403.8,
            495.39,
            473.62,
            524.84,
            473.14,
            514.2,
            392.87,
            410.01,
            559.48,
            393.54,
            413.77,
            null,
            495.62,
            344.29,
            489.83,
            429.5
        ],
        [
            357.79,
            506.71,
            556.28,
            550.92,
            578.83,
            408.75,
            579.15,
            387.0,
            431.79,
            577.68,
            551.81,
            328.54,
            552.79,
            441.99,
            488.08,
            495.62,
            null,
            427.98,
            391.32,
            461.82
        ],
        [
            491.55,
            578.91,
            362.61,
            521.61,
            450.89,
            492.95,
            444.0,
            374.35,
            520.93,
            395.62,
            369.47,
            519.9,
            425.94,
            552.23,
            425.43,
            344.29,
            427.98,
            null,
            557.73,
            423.79
        ],
        [
            427.9,
            452.38,
            575.88,
            323.94,
            325.79,
            562.22,
            447.03,
            456.55,
            569.29,
            553.12,
            569.43,
            438.86,
            426.49,
            492.34,
            406.48,
            489.83,
            391.32,
            557.73,
            null,
            549.85
        ],
        [
            380.76,
            390.32,
            494.97,
            445.96,
            442.73,
            484.83,
            519.08,
            442.75,
            539.11,
            481.84,
            327.35,
            344.22,
            428.42,
            505.71,
            454.23,
            429.5,
            461.82,
            423.79,
            549.85,
            null
        ]
    ],
    "tempos_processamento": [
        4767.12,
        4577.65,
        4238.08,
        4743.29,
        4737.08,
        4452.51,
        4762.64,
        4336.33,
        4523.83,
        4437.49,
        4381.38,
        4651.58,
        4745.09,
        4577.19,
        4664.57,
        4433.66,
        4382.3,
        4236.22,
        4415.25,
        4377.64
    ],
    "ready_times": [
        43259.75,
        6616.22,
        10819.45,
        27083.93,
        3056.4,
        24561.27,
        26749.41,
        6685.95,
        33868.37,
        25267.15,
        12220.8,
        7188.81,
        26401.24,
        15342.34,
        0.0,
        13312.02,
        28517.56,
        7677.1,
        18845.85,
        12706.01
    ]
}