{
    "configuracao": {
        "codigo_cenario": "HLHLHLH",
        "nivel_ready_time": "alta",
        "variabilidade_processamento": "baixa",
        "media_processamento": "alta",
        "estrutura_setup": "simetrica",
        "variabilidade_setup": "alta",
        "n_maquinas": 2,
        "n_medio_jobs_maquina": 10,
        "n_jobs": 20
    },
    "matriz_setup": [
        [
            null,
            411.04,
            540.84,
            513.65,
            360.34,
            485.5,
            337.86,
            358.18,
            456.23,
            341.83,
            350.13,
            405.12,
            492.94,
            464.53,
            360.69,
            552.76,
            512.17,
            448.79,
            552.97,
            432.58
        ],
        [
            411.04,
            null,
            554.31,
            387.55,
            421.04,
            365.49,
            378.54,
            459.51,
            378.88,
            423.21,
            410.19,
            505.91,
            419.07,
            573.64,
            497.26,
            528.7,
            412.52,
            389.67,
            477.52,
            575.4
        ],
        [
            540.84,
            554.31,
            null,
            504.92,
            380.02,
            410.73,
            402.84,
            539.96,
            433.85,
            447.1,
            548.59,
            327.4,
            368.36,
            497.01,
            368.47,
            515.59,
            370.66,
            518.2,
            389.04,
            335.0
        ],
        [
            513.65,
            387.55,
            504.92,
            null,
            353.22,
            480.18,
            329.29,
            434.03,
            365.74,
            539.78,
            411.86,
            523.28,
            403.68,
            335.73,
            420.21,
            328.12,
            467.48,
            518.26,
            394.98,
            535.08
        ],
        [
            360.34,
            421.04,
            380.02,
            353.22,
            null,
            514.83,
            550.01,
            420.22,
            450.6,
            480.96,
            377.55,
            495.41,
            427.2,
            578.25,
            351.27,
            363.47,
            510.84,
            464.74,
            578.7,
            507.29
        ],
        [
            485.5,
            365.49,
            410.73,
            480.18,
            514.83,
            null,
            415.34,
            425.7,
            363.4,
            529.85,
            577.87,
            349.9,
            563.07,
            410.1,
            544.7,
            534.45,
            456.61,
            547.33,
            332.51,
            405.42
        ],
        [
            337.86,
            378.54,
            402.84,
            329.29,
            550.01,
            415.34,
            null,
            461.44,
            511.76,
            473.89,
            505.95,
            448.93,
            533.06,
            461.72,
            476.76,
            437.77,
            403.69,
            328.74,
            412.07,
            537.15
        ],
        [
            358.18,
            459.51,
            539.96,
            434.03,
            420.22,
            425.7,
            461.44,
            null,
            335.56,
            551.48,
            573.4,
            471.44,
            568.28,
            469.85,
            444.12,
            454.97,
            479.0,
            408.03,
            546.86,
            322.58
        ],
        [
            456.23,
            378.88,
            433.85,
            365.74,
            450.6,
            363.4,
            511.76,
            335.56,
            null,
            461.92,
            427.62,
            426.94,
            542.11,
            400.91,
            399.43,
            404.22,
            448.89,
            525.12,
            381.73,
            387.21
        ],
        [
            341.83,
            423.21,
            447.1,
            539.78,
            480.96,
            529.85,
            473.89,
            551.48,
            461.92,
            null,
            373.93,
            473.57,
            450.71,
            483.01,
            481.18,
            439.45,
            506.64,
            561.0,
            345.3,
            352.05
        ],
        [
            350.13,
            410.19,
            548.59,
            411.86,
            377.55,
            577.87,
            505.95,
            573.4,
            427.62,
            373.93,
            null,
            423.42,
            528.49,
            381.38,
            362.95,
            325.8,
            522.21,
            329.76,
            531.07,
            330.11
        ],
        [
            405.12,
            505.91,
            327.4,
            523.28,
            495.41,
            349.9,
            448.93,
            471.44,
            426.94,
            473.57,
            423.42,
            null,
            367.38,
            413.49,
            544.24,
            472.5,
            366.68,
            412.86,
            358.23,
            577.63
        ],
        [
            492.94,
            419.07,
            368.36,
            403.68,
            427.2,
            563.07,
            533.06,
            568.28,
            542.11,
            450.71,
            528.49,
            367.38,
            null,
            445.64,
            457.74,
            323.81,
            375.41,
            555.51,
            443.54,
            332.19
        ],
        [
            464.53,
            573.64,
            497.01,
            335.73,
            578.25,
            410.1,
            461.72,
            469.85,
            400.91,
            483.01,
            381.38,
            413.49,
            445.64,
            null,
            376.36,
            410.15,
            354.95,
            576.26,
            448.01,
            494.12
        ],
        [
            360.69,
            497.26,
            368.47,
            420.21,
            351.27,
            544.7,
            476.76,
            444.12,
            399.43,
            481.18,
            362.95,
            544.24,
            457.74,
            376.36,
            null,
            399.4,
            456.82,
            335.53,
            356.78,
            413.57
        ],
        [
            552.76,
            528.7,
            515.59,
            328.12,
            363.47,
            534.45,
            437.77,
            454.97,
            404.22,
            439.45,
            325.8,
            472.5,
            323.81,
            410.15,
            399.4,
            null,
            406.63,
            422.19,
            553.84,
            451.75
        ],
        [
            512.17,
            412.52,
            370.66,
            467.48,
            510.84,
            456.61,
            403.69,
            479.0,
            448.89,
            506.64,
            522.21,
            366.68,
            375.41,
            354.95,
            456.82,
            406.63,
            null,
            347.29,
            466.04,
            434.81
        ],
        [
            448.79,
            389.67,
            518.2,
            518.26,
            464.74,
            547.33,
            328.74,
            408.03,
            525.12,
            561.0,
            329.76,
            412.86,
            555.51,
            576.26,
            335.53,
            422.19,
            347.29,
            null,
            337.52,
            334.13
        ],
        [
            552.97,
            477.52,
            389.04,
            394.98,
            578.7,
            332.51,
            412.07,
            546.86,
            381.73,
            345.3,
            531.07,
            358.23,
            443.54,
            448.01,
            356.78,
            553.84,
            466.04,
            337.52,
            null,
            453.57
        ],
        [
            432.58,
            575.4,
            335.0,
            535.08,
            507.29,
            405.42,
            537.15,
            322.58,
            387.21,
            352.05,
            330.11,
            577.63,
            332.19,
            494.12,
            413.57,
            451.75,
            434.81,
            334.13,
            453.57,
            null
        ]
    ],
    "tempos_processamento": [
        4302.59,
        4578.85,
        4263.66,
        4497.07,
        4514.6,
        4302.91,
        4670.51,
        4453.28,
        4410.08,
        4506.21,
        4548.57,
        4370.71,
        4743.79,
        4551.08,
        4487.64,
        4368.71,
        4290.85,
        4613.52,
        4505.48,
        4295.91
    ],
    "ready_times": [
        16751.87,
        17652.86,
        34072.36,
        27227.44,
        30652.34,
        40983.94,
        11809.07,
        27316.27,
        21361.82,
        16377.73,
        12283.35,
        32734.56,
        0.0,
        27688.77,
        16628.79,
        27010.97,
        30781.56,
        64.3,
        2988.04,
        5689.45
    ]
}