{
    "configuracao": {
        "codigo_cenario": "HLHLHLH",
        "nivel_ready_time": "alta",
        "variabilidade_processamento": "baixa",
        "media_processamento": "alta",
        "estrutura_setup": "simetrica",
        "variabilidade_setup": "alta",
        "n_maquinas": 2,
        "n_medio_jobs_maquina": 10,
        "n_jobs": 20
    },
    "matriz_setup": [
        [
            null,
            573.01,
            573.94,
            521.09,
            327.6,
            415.03,
            544.15,
            433.87,
            485.44,
            530.75,
            518.14,
            388.11,
            428.94,
            448.9,
            519.47,
            536.55,
            352.42,
            518.05,
            564.52,
            530.11
        ],
        [
            573.01,
            null,
            500.28,
            542.12,
            504.14,
            571.46,
            514.18,
            556.51,
            560.06,
            335.83,
            459.14,
            390.46,
            350.83,
            510.03,
            577.39,
            499.54,
            537.42,
            526.25,
            375.32,
            578.27
        ],
        [
            573.94,
            500.28,
            null,
            457.5,
            467.96,
            407.4,
            352.48,
            375.96,
            359.25,
            436.73,
            565.79,
            381.98,
            397.63,
            432.06,
            469.47,
            448.02,
            547.65,
            566.37,
            358.02,
            449.75
        ],
        [
            521.09,
            542.12,
            457.5,
            null,
            426.25,
            395.35,
            509.99,
            335.3,
            428.76,
            464.0,
            322.72,
            535.42,
            492.81,
            519.05,
            518.18,
            397.61,
            376.26,
            380.75,
            351.84,
            574.46
        ],
        [
            327.6,
            504.14,
            467.96,
            426.25,
            null,
            504.73,
            517.06,
            492.1,
            574.39,
            427.08,
            500.08,
            535.66,
            416.83,
            517.68,
            473.4,
            486.77,
            495.51,
            378.71,
            347.27,
            489.11
        ],
        [
            415.03,
            571.46,
            407.4,
            395.35,
            504.73,
            null,
            524.67,
            388.0,
            393.81,
            326.84,
            441.36,
            334.17,
            579.44,
            400.77,
            568.63,
            473.98,
            503.67,
            530.98,
            400.02,
            369.82
        ],
        [
            544.15,
            514.18,
            352.48,
            509.99,
            517.06,
            524.67,
            null,
            520.64,
            532.96,
            336.73,
            430.25,
            462.02,
            465.7,
            460.06,
            545.69,
            350.84,
            489.44,
            500.82,
            437.44,
            526.17
        ],
        [
            433.87,
            556.51,
            375.96,
            335.3,
            492.1,
            388.0,
            520.64,
            null,
            442.7,
            540.73,
            480.29,
            378.03,
            368.98,
            467.58,
            366.33,
            502.11,
            371.82,
            533.85,
            571.13,
            366.61
        ],
        [
            485.44,
            560.06,
            359.25,
            428.76,
            574.39,
            393.81,
            532.96,
            442.7,
            null,
            359.37,
            560.39,
            555.1,
            488.95,
            440.16,
            328.95,
            419.31,
            531.41,
            537.87,
            367.64,
            510.18
        ],
        [
            530.75,
            335.83,
            436.73,
            464.0,
            427.08,
            326.84,
            336.73,
            540.73,
            359.37,
            null,
            325.12,
            388.86,
            387.5,
            497.11,
            375.83,
            514.96,
            351.96,
            427.07,
            576.87,
            522.34
        ],
        [
            518.14,
            459.14,
            565.79,
            322.72,
            500.08,
            441.36,
            430.25,
            480.29,
            560.39,
            325.12,
            null,
            576.5,
            381.75,
            573.49,
            450.78,
            479.99,
            577.31,
            557.19,
            323.44,
            453.02
        ],
        [
            388.11,
            390.46,
            381.98,
            535.42,
            535.66,
            334.17,
            462.02,
            378.03,
            555.1,
            388.86,
            576.5,
            null,
            513.56,
            568.73,
            486.33,
            424.03,
            493.95,
            497.09,
            432.42,
            491.79
        ],
        [
            428.94,
            350.83,
            397.63,
            492.81,
            416.83,
            579.44,
            465.7,
            368.98,
            488.95,
            387.5,
            381.75,
            513.56,
            null,
            484.69,
            572.69,
            492.71,
            340.01,
            441.97,
            370.08,
            437.27
        ],
        [
            448.9,
            510.03,
            432.06,
            519.05,
            517.68,
            400.77,
            460.06,
            467.58,
            440.16,
            497.11,
            573.49,
            568.73,
            484.69,
            null,
            439.88,
            557.39,
            415.74,
            421.25,
            442.86,
            439.85
        ],
        [
            519.47,
            577.39,
            469.47,
            518.18,
            473.4,
            568.63,
            545.69,
            366.33,
            328.95,
            375.83,
            450.78,
            486.33,
            572.69,
            439.88,
            null,
            427.92,
            492.37,
            467.75,
            565.95,
            322.35
        ],
        [
            536.55,
            499.54,
            448.02,
            397.61,
            486.77,
            473.98,
            350.84,
            502.11,
            419.31,
            514.96,
            479.99,
            424.03,
            492.71,
            557.39,
            427.92,
            null,
            368.18,
            521.05,
            419.11,
            563.86
        ],
        [
            352.42,
            537.42,
            547.65,
            376.26,
            495.51,
            503.67,
            489.44,
            371.82,
            531.41,
            351.96,
            577.31,
            493.95,
            340.01,
            415.74,
            492.37,
            368.18,
            null,
            356.02,
            329.5,
            507.67
        ],
        [
            518.05,
            526.25,
            566.37,
            380.75,
            378.71,
            530.98,
            500.82,
            533.85,
            537.87,
            427.07,
            557.19,
            497.09,
            441.97,
            421.25,
            467.75,
            521.05,
            356.02,
            null,
            498.11,
            566.42
        ],
        [
            564.52,
            375.32,
            358.02,
            351.84,
            347.27,
            400.02,
            437.44,
            571.13,
            367.64,
            576.87,
            323.44,
            432.42,
            370.08,
            442.86,
            565.95,
            419.11,
            329.5,
            498.11,
            null,
            342.19
        ],
        [
            530.11,
            578.27,
            449.75,
            574.46,
            489.11,
            369.82,
            526.17,
            366.61,
            510.18,
            522.34,
            453.02,
            491.79,
            437.27,
            439.85,
            322.35,
            563.86,
            507.67,
            566.42,
            342.19,
            null
        ]
    ],
    "tempos_processamento": [
        4298.47,
        4694.18,
        4615.22,
        4743.51,
        4427.81,
        4545.66,
        4653.6,
        4582.26,
        4485.58,
        4374.82,
        4387.54,
        4604.88,
        4760.26,
        4281.9,
        4459.13,
        4398.89,
        4237.12,
        4623.73,
        4237.08,
        4757.78
    ],
    "ready_times": [
        27036.32,
        12532.17,
        19823.78,
        24630.29,
        12480.74,
        6147.53,
        19824.48,
        3462.01,
        4526.21,
        226.5,
        4086.52,
        18894.56,
        14175.9,
        32206.97,
        0.0,
        14594.52,
        40746.18,
        23048.45,
        34471.02,
        3499.15
    ]
}