{
    "configuracao": {
        "codigo_cenario": "HLHLHLH",
        "nivel_ready_time": "alta",
        "variabilidade_processamento": "baixa",
        "media_processamento": "alta",
        "estrutura_setup": "simetrica",
        "variabilidade_setup": "alta",
        "n_maquinas": 2,
        "n_medio_jobs_maquina": 10,
        "n_jobs": 20
    },
    "matriz_setup": [
        [
            null,
            477.23,
            363.93,
            409.09,
            570.87,
            485.04,
            544.51,
            510.65,
            400.48,
            490.63,
            566.29,
            569.94,
            554.59,
            363.45,
            494.18,
            538.05,
            415.4,
            501.38,
            557.01,
            558.09
        ],
        [
            477.23,
            null,
            564.28,
            486.22,
            462.27,
            503.11,
            483.22,
            488.01,
            471.17,
            440.27,
            424.8,
            468.58,
            321.4,
            498.94,
            387.6,
            410.6,
            346.31,
            396.38,
            478.97,
            469.16
        ],
        [
            363.93,
            564.28,
            null,
            454.39,
            450.74,
            381.48,
            424.72,
            477.96,
            414.41,
            577.5,
            355.6,
            334.36,
            383.13,
            522.11,
            541.79,
            508.47,
            330.18,
            356.86,
            467.24,
            371.22
        ],
        [
            409.09,
            486.22,
            454.39,
            null,
            543.53,
            368.12,
            377.36,
            472.79,
            382.02,
            552.17,
            413.46,
            527.3,
            355.26,
            385.85,
            392.83,
            443.97,
            355.46,
            487.82,
            559.48,
            450.62
        ],
        [
            570.87,
            462.27,
            450.74,
            543.53,
            null,
            483.0,
            435.93,
            562.3,
            420.4,
            404.13,
            556.25,
            357.13,
            425.68,
            467.73,
            358.92,
            478.7,
            372.83,
            444.62,
            384.38,
            368.4
        ],
        [
            485.04,
            503.11,
            381.48,
            368.12,
            483.0,
            null,
            426.7,
            559.03,
            414.06,
            376.06,
            352.09,
            452.7,
            487.91,
            545.24,
            439.8,
            479.43,
            493.77,
            560.91,
            512.51,
            463.3
        ],
        [
            544.51,
            483.22,
            424.72,
            377.36,
            435.93,
            426.7,
            null,
            426.08,
            557.17,
            407.96,
            559.47,
            399.41,
            320.7,
            534.05,
            355.51,
            362.54,
            391.04,
            528.53,
            408.2,
            334.24
        ],
        [
            510.65,
            488.01,
            477.96,
            472.79,
            562.3,
            559.03,
            426.08,
            null,
            521.93,
            361.2,
            459.39,
            531.25,
            372.33,
            482.16,
            425.15,
            366.64,
            406.45,
            493.58,
            423.03,
            565.34
        ],
        [
            400.48,
            471.17,
            414.41,
            382.02,
            420.4,
            414.06,
            557.17,
            521.93,
            null,
            493.09,
            537.97,
            510.45,
            480.76,
            345.32,
            498.49,
            428.43,
            414.81,
            325.34,
            431.43,
            337.19
        ],
        [
            490.63,
            440.27,
            577.5,
            552.17,
            404.13,
            376.06,
            407.96,
            361.2,
            493.09,
            null,
            323.83,
            469.06,
            392.29,
            328.1,
            366.44,
            375.82,
            377.94,
            541.63,
            439.6,
            344.43
        ],
        [
            566.29,
            424.8,
            355.6,
            413.46,
            556.25,
            352.09,
            559.47,
            459.39,
            537.97,
            323.83,
            null,
            458.78,
            560.81,
            447.46,
            380.01,
            483.9,
            351.76,
            549.76,
            443.79,
            487.34
        ],
        [
            569.94,
            468.58,
            334.36,
            527.3,
            357.13,
            452.7,
            399.41,
            531.25,
            510.45,
            469.06,
            458.78,
            null,
            381.8,
            522.82,
            474.61,
            443.16,
            497.31,
            449.29,
            450.41,
            364.41
        ],
        [
            554.59,
            321.4,
            383.13,
            355.26,
            425.68,
            487.91,
            320.7,
            372.33,
            480.76,
            392.29,
            560.81,
            381.8,
            null,
            343.75,
            545.68,
            575.06,
            561.48,
            568.61,
            401.03,
            337.41
        ],
        [
            363.45,
            498.94,
            522.11,
            385.85,
            467.73,
            545.24,
            534.05,
            482.16,
            345.32,
            328.1,
            447.46,
            522.82,
            343.75,
            null,
            510.4,
            376.56,
            410.3,
            383.78,
            321.39,
            376.84
        ],
        [
            494.18,
            387.6,
            541.79,
            392.83,
            358.92,
            439.8,
            355.51,
            425.15,
            498.49,
            366.44,
            380.01,
            474.61,
            545.68,
            510.4,
            null,
            402.7,
            536.68,
            411.94,
            556.54,
            381.42
        ],
        [
            538.05,
            410.6,
            508.47,
            443.97,
            478.7,
            479.43,
            362.54,
            366.64,
            428.43,
            375.82,
            483.9,
            443.16,
            575.06,
            376.56,
            402.7,
            null,
            566.09,
            525.99,
            448.43,
            543.74
        ],
        [
            415.4,
            346.31,
            330.18,
            355.46,
            372.83,
            493.77,
            391.04,
            406.45,
            414.81,
            377.94,
            351.76,
            497.31,
            561.48,
            410.3,
            536.68,
            566.09,
            null,
            467.45,
            540.3,
            353.84
        ],
        [
            501.38,
            396.38,
            356.86,
            487.82,
            444.62,
            560.91,
            528.53,
            493.58,
            325.34,
            541.63,
            549.76,
            449.29,
            568.61,
            383.78,
            411.94,
            525.99,
            467.45,
            null,
            353.42,
            480.02
        ],
        [
            557.01,
            478.97,
            467.24,
            559.48,
            384.38,
            512.51,
            408.2,
            423.03,
            431.43,
            439.6,
            443.79,
            450.41,
            401.03,
            321.39,
            556.54,
            448.43,
            540.3,
            353.42,
            null,
            509.92
        ],
        [
            558.09,
            469.16,
            371.22,
            450.62,
            368.4,
            463.3,
            334.24,
            565.34,
            337.19,
            344.43,
            487.34,
            364.41,
            337.41,
            376.84,
            381.42,
            543.74,
            353.84,
            480.02,
            509.92,
            null
        ]
    ],
    "tempos_processamento": [
        4450.74,
        4763.05,
        4649.19,
        4251.22,
        4296.92,
        4285.58,
        4603.22,
        4671.43,
        4308.68,
        4552.66,
        4537.58,
        4761.35,
        4691.16,
        4750.87,
        4510.9,
        4497.43,
        4665.26,
        4671.71,
        4548.9,
        4766.56
    ],
    "ready_times": [
        33203.9,
        0.0,
        34550.89,
        18378.6,
        12505.39,
        3447.28,
        188.94,
        5899.13,
        27900.66,
        39362.87,
        30620.15,
        1211.2,
        8924.62,
        43664.11,
        8567.36,
        15194.86,
        32552.88,
        15913.16,
        1930.86,
        30156.22
    ]
}