{
    "configuracao": {
        "codigo_cenario": "HLHLHLH",
        "nivel_ready_time": "alta",
        "variabilidade_processamento": "baixa",
        "media_processamento": "alta",
        "estrutura_setup": "simetrica",
        "variabilidade_setup": "alta",
        "n_maquinas": 2,
        "n_medio_jobs_maquina": 10,
        "n_jobs": 20
    },
    "matriz_setup": [
        [
            null,
            542.31,
            392.22,
            367.6,
            331.49,
            365.59,
            346.77,
            563.64,
            557.73,
            366.16,
            571.43,
            374.87,
            536.73,
            351.04,
            413.01,
            563.06,
            528.47,
            350.65,
            382.99,
            336.91
        ],
        [
            542.31,
            null,
            369.17,
            391.64,
            531.83,
            563.8,
            451.83,
            559.63,
            325.09,
            563.51,
            352.79,
            347.51,
            537.49,
            388.66,
            514.28,
            384.19,
            407.12,
            413.24,
            328.94,
            360.54
        ],
        [
            392.22,
            369.17,
            null,
            506.63,
            380.61,
            533.95,
            368.99,
            348.81,
            326.54,
            384.22,
            344.06,
            391.93,
            393.89,
            559.21,
            532.89,
            506.25,
            539.36,
            432.02,
            471.8,
            432.23
        ],
        [
            367.6,
            391.64,
            506.63,
            null,
            509.4,
            533.69,
            494.15,
            470.23,
            328.91,
            347.27,
            548.09,
            382.3,
            518.79,
            410.87,
            373.56,
            475.06,
            559.34,
            513.26,
            420.34,
            378.03
        ],
        [
            331.49,
            531.83,
            380.61,
            509.4,
            null,
            523.06,
            426.43,
            354.4,
            538.56,
            573.63,
            460.25,
            323.4,
            446.96,
            425.65,
            422.53,
            334.77,
            482.89,
            538.97,
            473.1,
            549.62
        ],
        [
            365.59,
            563.8,
            533.95,
            533.69,
            523.06,
            null,
            359.39,
            515.89,
            577.95,
            496.76,
            561.61,
            539.56,
            372.57,
            450.66,
            385.8,
            374.84,
            576.83,
            451.06,
            440.91,
            533.25
        ],
        [
            346.77,
            451.83,
            368.99,
            494.15,
            426.43,
            359.39,
            null,
            513.51,
            464.94,
            332.9,
            476.02,
            532.86,
            326.62,
            330.46,
            540.48,
            532.02,
            555.47,
            550.89,
            395.27,
            476.35
        ],
        [
            563.64,
            559.63,
            348.81,
            470.23,
            354.4,
            515.89,
            513.51,
            null,
            391.03,
            478.43,
            357.28,
            556.55,
            562.17,
            439.41,
            488.28,
            578.87,
            349.68,
            356.38,
            487.83,
            349.6
        ],
        [
            557.73,
            325.09,
            326.54,
            328.91,
            538.56,
            577.95,
            464.94,
            391.03,
            null,
            543.01,
            416.72,
            352.68,
            349.87,
            453.12,
            508.97,
            435.52,
            568.83,
            395.09,
            484.05,
            448.39
        ],
        [
            366.16,
            563.51,
            384.22,
            347.27,
            573.63,
            496.76,
            332.9,
            478.43,
            543.01,
            null,
            527.07,
            552.08,
            345.84,
            453.2,
            576.63,
            326.97,
            383.42,
            379.05,
            450.55,
            485.46
        ],
        [
            571.43,
            352.79,
            344.06,
            548.09,
            460.25,
            561.61,
            476.02,
            357.28,
            416.72,
            527.07,
            null,
            525.22,
            401.81,
            524.62,
            439.54,
            380.48,
            412.63,
            428.57,
            438.39,
            443.67
        ],
        [
            374.87,
            347.51,
            391.93,
            382.3,
            323.4,
            539.56,
            532.86,
            556.55,
            352.68,
            552.08,
            525.22,
            null,
            353.09,
            411.18,
            400.97,
            547.74,
            505.05,
            566.3,
            422.0,
            451.03
        ],
        [
            536.73,
            537.49,
            393.89,
            518.79,
            446.96,
            372.57,
            326.62,
            562.17,
            349.87,
            345.84,
            401.81,
            353.09,
            null,
            351.46,
            398.51,
            541.95,
            479.57,
            505.79,
            423.67,
            486.63
        ],
        [
            351.04,
            388.66,
            559.21,
            410.87,
            425.65,
            450.66,
            330.46,
            439.41,
            453.12,
            453.2,
            524.62,
            411.18,
            351.46,
            null,
            330.46,
            531.34,
            559.81,
            376.24,
            484.05,
            325.65
        ],
        [
            413.01,
            514.28,
            532.89,
            373.56,
            422.53,
            385.8,
            540.48,
            488.28,
            508.97,
            576.63,
            439.54,
            400.97,
            398.51,
            330.46,
            null,
            506.37,
            389.48,
            529.79,
            357.23,
            540.7
        ],
        [
            563.06,
            384.19,
            506.25,
            475.06,
            334.77,
            374.84,
            532.02,
            578.87,
            435.52,
            326.97,
            380.48,
            547.74,
            541.95,
            531.34,
            506.37,
            null,
            469.75,
            360.18,
            522.39,
            567.64
        ],
        [
            528.47,
            407.12,
            539.36,
            559.34,
            482.89,
            576.83,
            555.47,
            349.68,
            568.83,
            383.42,
            412.63,
            505.05,
            479.57,
            559.81,
            389.48,
            469.75,
            null,
            504.84,
            564.12,
            348.47
        ],
        [
            350.65,
            413.24,
            432.02,
            513.26,
            538.97,
            451.06,
            550.89,
            356.38,
            395.09,
            379.05,
            428.57,
            566.3,
            505.79,
            376.24,
            529.79,
            360.18,
            504.84,
            null,
            335.05,
            568.7
        ],
        [
            382.99,
            328.94,
            471.8,
            420.34,
            473.1,
            440.91,
            395.27,
            487.83,
            484.05,
            450.55,
            438.39,
            422.0,
            423.67,
            484.05,
            357.23,
            522.39,
            564.12,
            335.05,
            null,
            321.2
        ],
        [
            336.91,
            360.54,
            432.23,
            378.03,
            549.62,
            533.25,
            476.35,
            349.6,
            448.39,
            485.46,
            443.67,
            451.03,
            486.63,
            325.65,
            540.7,
            567.64,
            348.47,
            568.7,
            321.2,
            null
        ]
    ],
    "tempos_processamento": [
        4517.91,
        4270.99,
        4722.97,
        4255.68,
        4279.09,
        4372.86,
        4462.73,
        4711.84,
        4665.68,
        4641.54,
        4409.3,
        4679.29,
        4685.13,
        4615.99,
        4303.74,
        4655.96,
        4598.94,
        4544.65,
        4387.43,
        4658.72
    ],
    "ready_times": [
        11743.67,
        27712.36,
        17879.36,
        1335.02,
        36587.49,
        23387.65,
        13911.72,
        4301.82,
        38704.13,
        5634.17,
        27521.86,
        31053.56,
        33501.61,
        25524.3,
        36273.25,
        32316.92,
        26032.4,
        35672.03,
        23868.77,
        0.0
    ]
}