{
    "configuracao": {
        "codigo_cenario": "HLHLHHL",
        "nivel_ready_time": "alta",
        "variabilidade_processamento": "baixa",
        "media_processamento": "alta",
        "estrutura_setup": "simetrica",
        "variabilidade_setup": "alta",
        "n_maquinas": 10,
        "n_medio_jobs_maquina": 3,
        "n_jobs": 30
    },
    "matriz_setup": [
        [
            null,
            490.04,
            424.94,
            366.55,
            401.8,
            497.89,
            497.1,
            505.36,
            370.27,
            507.92,
            518.44,
            376.96,
            562.01,
            576.0,
            536.97,
            323.0,
            329.25,
            399.21,
            414.35,
            380.95,
            457.73,
            392.78,
            555.05,
            472.57,
            380.61,
            463.11,
            552.27,
            365.44,
            562.55,
            361.58
        ],
        [
            490.04,
            null,
            558.27,
            501.78,
            566.11,
            547.76,
            477.26,
            430.5,
            567.29,
            561.46,
            470.08,
            325.66,
            444.8,
            430.74,
            367.34,
            334.08,
            549.11,
            465.8,
            575.13,
            408.83,
            340.85,
            448.97,
            348.13,
            479.12,
            320.34,
            388.83,
            525.28,
            530.84,
            559.84,
            419.85
        ],
        [
            424.94,
            558.27,
            null,
            528.8,
            323.63,
            451.89,
            446.88,
            456.26,
            427.5,
            412.22,
            504.59,
            470.56,
            528.73,
            418.79,
            487.11,
            324.63,
            455.83,
            397.18,
            487.52,
            572.31,
            355.82,
            331.69,
            493.8,
            455.27,
            455.33,
            429.87,
            451.68,
            495.97,
            327.71,
            576.76
        ],
        [
            366.55,
            501.78,
            528.8,
            null,
            477.87,
            400.69,
            577.57,
            550.54,
            342.04,
            455.54,
            478.65,
            394.42,
            394.25,
            443.49,
            566.53,
            351.52,
            546.67,
            321.37,
            542.9,
            435.79,
            516.23,
            501.53,
            548.2,
            546.55,
            535.07,
            325.55,
            486.81,
            560.94,
            366.86,
            345.94
        ],
        [
            401.8,
            566.11,
            323.63,
            477.87,
            null,
            465.52,
            409.15,
            424.25,
            337.43,
            543.74,
            523.08,
            574.86,
            346.29,
            467.89,
            446.93,
            455.39,
            491.95,
            415.04,
            444.47,
            522.27,
            541.89,
            557.23,
            335.1,
            366.66,
            537.24,
            460.47,
            370.9,
            570.2,
            398.86,
            463.23
        ],
        [
            497.89,
            547.76,
            451.89,
            400.69,
            465.52,
            null,
            555.66,
            438.22,
            462.97,
            523.94,
            392.48,
            542.65,
            370.2,
            543.69,
            355.49,
            323.39,
            578.55,
            501.4,
            508.56,
            447.07,
            409.41,
            425.59,
            499.99,
            320.75,
            387.25,
            471.98,
            500.09,
            411.36,
            390.68,
            539.62
        ],
        [
            497.1,
            477.26,
            446.88,
            577.57,
            409.15,
            555.66,
            null,
            467.51,
            415.16,
            463.86,
            516.58,
            515.46,
            425.28,
            473.91,
            462.43,
            365.55,
            377.5,
            444.74,
            567.24,
            451.19,
            325.46,
            485.97,
            509.87,
            403.08,
            413.08,
            572.95,
            494.33,
            371.11,
            415.63,
            407.82
        ],
        [
            505.36,
            430.5,
            456.26,
            550.54,
            424.25,
            438.22,
            467.51,
            null,
            564.59,
            557.93,
            488.12,
            571.97,
            413.41,
            347.63,
            404.24,
            512.16,
            520.3,
            560.55,
            513.88,
            362.66,
            458.98,
            532.43,
            332.87,
            335.45,
            413.77,
            333.52,
            364.8,
            340.45,
            492.64,
            357.09
        ],
        [
            370.27,
            567.29,
            427.5,
            342.04,
            337.43,
            462.97,
            415.16,
            564.59,
            null,
            353.38,
            563.32,
            323.63,
            411.59,
            561.56,
            578.87,
            404.86,
            330.78,
            337.96,
            342.56,
            470.54,
            403.11,
            390.26,
            472.27,
            523.19,
            327.8,
            444.13,
            450.68,
            554.16,
            441.12,
            460.75
        ],
        [
            507.92,
            561.46,
            412.22,
            455.54,
            543.74,
            523.94,
            463.86,
            557.93,
            353.38,
            null,
            536.81,
            392.6,
            429.14,
            369.5,
            509.36,
            493.45,
            437.05,
            327.76,
            508.27,
            413.3,
            337.79,
            530.87,
            324.5,
            365.29,
            331.86,
            481.07,
            427.56,
            502.99,
            472.85,
            454.54
        ],
        [
            518.44,
            470.08,
            504.59,
            478.65,
            523.08,
            392.48,
            516.58,
            488.12,
            563.32,
            536.81,
            null,
            385.22,
            392.16,
            347.59,
            361.66,
            557.69,
            485.99,
            360.22,
            444.83,
            325.59,
            330.14,
            502.98,
            337.23,
            458.19,
            333.57,
            425.96,
            344.97,
            501.74,
            392.49,
            321.06
        ],
        [
            376.96,
            325.66,
            470.56,
            394.42,
            574.86,
            542.65,
            515.46,
            571.97,
            323.63,
            392.6,
            385.22,
            null,
            334.05,
            463.11,
            342.89,
            456.02,
            392.36,
            418.95,
            528.55,
            527.02,
            453.3,
            569.23,
            473.71,
            326.45,
            514.56,
            544.87,
            547.05,
            469.22,
            445.97,
            497.09
        ],
        [
            562.01,
            444.8,
            528.73,
            394.25,
            346.29,
            370.2,
            425.28,
            413.41,
            411.59,
            429.14,
            392.16,
            334.05,
            null,
            474.55,
            541.8,
            563.18,
            559.37,
            485.15,
            350.71,
            329.51,
            354.5,
            566.83,
            344.63,
            453.39,
            382.9,
            474.83,
            485.61,
            465.69,
            320.84,
            387.45
        ],
        [
            576.0,
            430.74,
            418.79,
            443.49,
            467.89,
            543.69,
            473.91,
            347.63,
            561.56,
            369.5,
            347.59,
            463.11,
            474.55,
            null,
            566.42,
            352.84,
            502.11,
            457.78,
            540.25,
            411.75,
            440.62,
            500.52,
            554.52,
            425.3,
            502.6,
            489.12,
            418.22,
            553.77,
            523.13,
            418.02
        ],
        [
            536.97,
            367.34,
            487.11,
            566.53,
            446.93,
            355.49,
            462.43,
            404.24,
            578.87,
            509.36,
            361.66,
            342.89,
            541.8,
            566.42,
            null,
            492.15,
            389.8,
            498.56,
            352.21,
            354.46,
            565.81,
            481.57,
            359.04,
            338.7,
            474.49,
            573.36,
            443.11,
            323.73,
            329.65,
            411.89
        ],
        [
            323.0,
            334.08,
            324.63,
            351.52,
            455.39,
            323.39,
            365.55,
            512.16,
            404.86,
            493.45,
            557.69,
            456.02,
            563.18,
            352.84,
            492.15,
            null,
            573.95,
            424.26,
            412.09,
            383.45,
            464.33,
            503.39,
            320.77,
            429.79,
            488.41,
            447.26,
            572.92,
            568.57,
            467.59,
            492.34
        ],
        [
            329.25,
            549.11,
            455.83,
            546.67,
            491.95,
            578.55,
            377.5,
            520.3,
            330.78,
            437.05,
            485.99,
            392.36,
            559.37,
            502.11,
            389.8,
            573.95,
            null,
            546.19,
            371.3,
            411.0,
            321.35,
            339.75,
            441.13,
            497.93,
            401.77,
            559.32,
            522.74,
            426.59,
            435.33,
            479.76
        ],
        [
            399.21,
            465.8,
            397.18,
            321.37,
            415.04,
            501.4,
            444.74,
            560.55,
            337.96,
            327.76,
            360.22,
            418.95,
            485.15,
            457.78,
            498.56,
            424.26,
            546.19,
            null,
            477.79,
            414.1,
            467.26,
            406.57,
            461.3,
            481.7,
            410.54,
            503.62,
            542.2,
            375.86,
            448.28,
            431.01
        ],
        [
            414.35,
            575.13,
            487.52,
            542.9,
            444.47,
            508.56,
            567.24,
            513.88,
            342.56,
            508.27,
            444.83,
            528.55,
            350.71,
            540.25,
            352.21,
            412.09,
            371.3,
            477.79,
            null,
            460.78,
            471.23,
            342.48,
            465.45,
            571.7,
            523.44,
            438.06,
            544.63,
            350.74,
            518.09,
            409.56
        ],
        [
            380.95,
            408.83,
            572.31,
            435.79,
            522.27,
            447.07,
            451.19,
            362.66,
            470.54,
            413.3,
            325.59,
            527.02,
            329.51,
            411.75,
            354.46,
            383.45,
            411.0,
            414.1,
            460.78,
            null,
            433.65,
            431.01,
            546.38,
            447.42,
            551.6,
            534.92,
            531.51,
            497.12,
            478.8,
            497.68
        ],
        [
            457.73,
            340.85,
            355.82,
            516.23,
            541.89,
            409.41,
            325.46,
            458.98,
            403.11,
            337.79,
            330.14,
            453.3,
            354.5,
            440.62,
            565.81,
            464.33,
            321.35,
            467.26,
            471.23,
            433.65,
            null,
            328.03,
            341.52,
            546.13,
            415.09,
            497.11,
            390.4,
            337.23,
            482.84,
            324.57
        ],
        [
            392.78,
            448.97,
            331.69,
            501.53,
            557.23,
            425.59,
            485.97,
            532.43,
            390.26,
            530.87,
            502.98,
            569.23,
            566.83,
            500.52,
            481.57,
            503.39,
            339.75,
            406.57,
            342.48,
            431.01,
            328.03,
            null,
            381.77,
            445.07,
            385.76,
            391.37,
            577.5,
            463.32,
            555.49,
            570.85
        ],
        [
            555.05,
            348.13,
            493.8,
            548.2,
            335.1,
            499.99,
            509.87,
            332.87,
            472.27,
            324.5,
            337.23,
            473.71,
            344.63,
            554.52,
            359.04,
            320.77,
            441.13,
            461.3,
            465.45,
            546.38,
            341.52,
            381.77,
            null,
            386.45,
            460.35,
            518.7,
            506.78,
            356.07,
            376.29,
            522.51
        ],
        [
            472.57,
            479.12,
            455.27,
            546.55,
            366.66,
            320.75,
            403.08,
            335.45,
            523.19,
            365.29,
            458.19,
            326.45,
            453.39,
            425.3,
            338.7,
            429.79,
            497.93,
            481.7,
            571.7,
            447.42,
            546.13,
            445.07,
            386.45,
            null,
            444.87,
            498.02,
            552.48,
            490.06,
            512.88,
            545.29
        ],
        [
            380.61,
            320.34,
            455.33,
            535.07,
            537.24,
            387.25,
            413.08,
            413.77,
            327.8,
            331.86,
            333.57,
            514.56,
            382.9,
            502.6,
            474.49,
            488.41,
            401.77,
            410.54,
            523.44,
            551.6,
            415.09,
            385.76,
            460.35,
            444.87,
            null,
            538.16,
            555.75,
            499.82,
            538.86,
            481.52
        ],
        [
            463.11,
            388.83,
            429.87,
            325.55,
            460.47,
            471.98,
            572.95,
            333.52,
            444.13,
            481.07,
            425.96,
            544.87,
            474.83,
            489.12,
            573.36,
            447.26,
            559.32,
            503.62,
            438.06,
            534.92,
            497.11,
            391.37,
            518.7,
            498.02,
            538.16,
            null,
            509.81,
            435.99,
            371.6,
            412.88
        ],
        [
            552.27,
            525.28,
            451.68,
            486.81,
            370.9,
            500.09,
            494.33,
            364.8,
            450.68,
            427.56,
            344.97,
            547.05,
            485.61,
            418.22,
            443.11,
            572.92,
            522.74,
            542.2,
            544.63,
            531.51,
            390.4,
            577.5,
            506.78,
            552.48,
            555.75,
            509.81,
            null,
            500.78,
            480.33,
            440.47
        ],
        [
            365.44,
            530.84,
            495.97,
            560.94,
            570.2,
            411.36,
            371.11,
            340.45,
            554.16,
            502.99,
            501.74,
            469.22,
            465.69,
            553.77,
            323.73,
            568.57,
            426.59,
            375.86,
            350.74,
            497.12,
            337.23,
            463.32,
            356.07,
            490.06,
            499.82,
            435.99,
            500.78,
            null,
            384.87,
            565.85
        ],
        [
            562.55,
            559.84,
            327.71,
            366.86,
            398.86,
            390.68,
            415.63,
            492.64,
            441.12,
            472.85,
            392.49,
            445.97,
            320.84,
            523.13,
            329.65,
            467.59,
            435.33,
            448.28,
            518.09,
            478.8,
            482.84,
            555.49,
            376.29,
            512.88,
            538.86,
            371.6,
            480.33,
            384.87,
            null,
            360.95
        ],
        [
            361.58,
            419.85,
            576.76,
            345.94,
            463.23,
            539.62,
            407.82,
            357.09,
            460.75,
            454.54,
            321.06,
            497.09,
            387.45,
            418.02,
            411.89,
            492.34,
            479.76,
            431.01,
            409.56,
            497.68,
            324.57,
            570.85,
            522.51,
            545.29,
            481.52,
            412.88,
            440.47,
            565.85,
            360.95,
            null
        ]
    ],
    "tempos_processamento": [
        4404.54,
        4351.93,
        4618.25,
        4249.41,
        4383.86,
        4445.54,
        4769.4,
        4663.53,
        4479.62,
        4364.28,
        4593.0,
        4417.53,
        4490.57,
        4406.72,
        4647.55,
        4365.09,
        4710.8,
        4348.48,
        4286.62,
        4296.78,
        4759.91,
        4556.49,
        4247.3,
        4454.33,
        4530.68,
        4559.06,
        4271.42,
        4624.89,
        4538.17,
        4731.11
    ],
    "ready_times": [
        6094.1,
        8276.51,
        1169.46,
        9531.42,
        7913.76,
        4032.77,
        2356.37,
        2374.94,
        1271.14,
        0.0,
        6559.11,
        3119.14,
        5865.67,
        6759.8,
        8534.99,
        2698.41,
        340.63,
        4708.37,
        4499.7,
        5040.86,
        9640.45,
        268.5,
        2904.61,
        1679.91,
        7259.38,
        5553.01,
        8179.57,
        3254.15,
        831.54,
        9365.99
    ]
}