{
    "configuracao": {
        "codigo_cenario": "HLHLHHL",
        "nivel_ready_time": "alta",
        "variabilidade_processamento": "baixa",
        "media_processamento": "alta",
        "estrutura_setup": "simetrica",
        "variabilidade_setup": "alta",
        "n_maquinas": 10,
        "n_medio_jobs_maquina": 3,
        "n_jobs": 30
    },
    "matriz_setup": [
        [
            null,
            433.1,
            479.07,
            395.58,
            359.22,
            415.45,
            370.21,
            517.54,
            528.95,
            552.13,
            379.73,
            444.63,
            364.86,
            461.75,
            448.55,
            452.06,
            468.35,
            428.2,
            549.53,
            364.78,
            520.99,
            478.43,
            398.83,
            574.32,
            510.06,
            539.93,
            350.64,
            478.75,
            496.23,
            515.33
        ],
        [
            433.1,
            null,
            519.33,
            567.81,
            356.24,
            441.74,
            340.8,
            436.0,
            512.63,
            571.04,
            396.47,
            468.07,
            509.25,
            481.53,
            527.27,
            322.25,
            511.31,
            534.85,
            447.95,
            419.24,
            550.53,
            462.8,
            493.89,
            439.11,
            499.86,
            431.71,
            352.39,
            420.33,
            566.82,
            518.43
        ],
        [
            479.07,
            519.33,
            null,
            515.02,
            399.5,
            428.01,
            488.19,
            457.71,
            537.06,
            377.93,
            408.02,
            395.69,
            386.29,
            467.22,
            343.28,
            479.57,
            521.9,
            439.38,
            417.16,
            523.6,
            339.41,
            405.84,
            560.4,
            345.01,
            409.41,
            451.51,
            393.17,
            522.55,
            338.15,
            354.58
        ],
        [
            395.58,
            567.81,
            515.02,
            null,
            443.77,
            329.37,
            411.31,
            423.12,
            340.42,
            358.54,
            431.7,
            504.85,
            372.78,
            437.69,
            508.3,
            498.01,
            498.52,
            492.5,
            571.92,
            457.05,
            454.98,
            507.14,
            553.78,
            394.18,
            364.8,
            341.73,
            505.55,
            430.65,
            463.39,
            372.59
        ],
        [
            359.22,
            356.24,
            399.5,
            443.77,
            null,
            364.76,
            496.09,
            412.83,
            358.85,
            390.86,
            320.9,
            332.83,
            484.03,
            443.17,
            543.5,
            490.97,
            391.26,
            549.99,
            456.3,
            372.16,
            478.8,
            429.31,
            479.84,
            477.71,
            470.1,
            334.98,
            508.4,
            379.09,
            464.94,
            441.03
        ],
        [
            415.45,
            441.74,
            428.01,
            329.37,
            364.76,
            null,
            472.2,
            324.08,
            455.18,
            346.34,
            371.11,
            567.18,
            437.0,
            517.74,
            507.57,
            365.02,
            330.76,
            566.74,
            442.62,
            442.86,
            531.02,
            571.23,
            370.25,
            426.53,
            372.7,
            529.36,
            463.52,
            438.12,
            488.3,
            320.47
        ],
        [
            370.21,
            340.8,
            488.19,
            411.31,
            496.09,
            472.2,
            null,
            453.95,
            333.4,
            523.94,
            391.74,
            443.07,
            507.65,
            423.72,
            456.08,
            564.7,
            356.53,
            415.45,
            469.52,
            438.15,
            547.69,
            416.98,
            482.38,
            393.85,
            457.76,
            480.3,
            477.95,
            383.19,
            432.48,
            342.16
        ],
        [
            517.54,
            436.0,
            457.71,
            423.12,
            412.83,
            324.08,
            453.95,
            null,
            470.59,
            525.98,
            476.11,
            513.13,
            411.94,
            415.41,
            526.44,
            456.1,
            421.34,
            510.83,
            393.92,
            388.86,
            572.88,
            515.94,
            513.62,
            464.61,
            362.46,
            477.86,
            553.3,
            425.71,
            458.37,
            551.42
        ],
        [
            528.95,
            512.63,
            537.06,
            340.42,
            358.85,
            455.18,
            333.4,
            470.59,
            null,
            405.59,
            345.3,
            523.85,
            437.89,
            414.53,
            486.93,
            445.13,
            521.09,
            519.8,
            377.04,
            363.69,
            506.84,
            336.96,
            405.79,
            430.88,
            434.31,
            350.16,
            351.2,
            540.2,
            535.89,
            344.52
        ],
        [
            552.13,
            571.04,
            377.93,
            358.54,
            390.86,
            346.34,
            523.94,
            525.98,
            405.59,
            null,
            499.31,
            496.04,
            536.82,
            556.98,
            535.46,
            498.05,
            399.36,
            540.06,
            436.82,
            559.82,
            565.74,
            336.33,
            388.84,
            472.98,
            516.23,
            355.76,
            510.52,
            565.01,
            383.78,
            406.49
        ],
        [
            379.73,
            396.47,
            408.02,
            431.7,
            320.9,
            371.11,
            391.74,
            476.11,
            345.3,
            499.31,
            null,
            377.25,
            444.09,
            487.53,
            476.5,
            345.48,
            574.02,
            481.84,
            383.35,
            489.45,
            361.05,
            369.13,
            547.42,
            365.44,
            393.15,
            327.88,
            502.73,
            526.02,
            420.73,
            507.56
        ],
        [
            444.63,
            468.07,
            395.69,
            504.85,
            332.83,
            567.18,
            443.07,
            513.13,
            523.85,
            496.04,
            377.25,
            null,
            509.5,
            329.23,
            514.76,
            361.19,
            568.28,
            538.86,
            480.97,
            488.0,
            453.12,
            354.59,
            333.56,
            450.47,
            483.22,
            501.58,
            549.44,
            578.5,
            341.37,
            500.14
        ],
        [
            364.86,
            509.25,
            386.29,
            372.78,
            484.03,
            437.0,
            507.65,
            411.94,
            437.89,
            536.82,
            444.09,
            509.5,
            null,
            536.8,
            416.65,
            335.37,
            474.15,
            466.15,
            394.28,
            534.77,
            368.42,
            393.57,
            452.88,
            560.71,
            470.8,
            379.4,
            481.66,
            517.15,
            514.35,
            320.36
        ],
        [
            461.75,
            481.53,
            467.22,
            437.69,
            443.17,
            517.74,
            423.72,
            415.41,
            414.53,
            556.98,
            487.53,
            329.23,
            536.8,
            null,
            571.69,
            562.12,
            475.71,
            397.29,
            539.3,
            539.72,
            355.03,
            434.03,
            345.58,
            383.59,
            348.62,
            473.55,
            393.73,
            428.61,
            505.19,
            393.16
        ],
        [
            448.55,
            527.27,
            343.28,
            508.3,
            543.5,
            507.57,
            456.08,
            526.44,
            486.93,
            535.46,
            476.5,
            514.76,
            416.65,
            571.69,
            null,
            371.78,
            489.26,
            385.43,
            415.27,
            553.32,
            559.3,
            508.0,
            460.4,
            493.38,
            476.37,
            431.87,
            429.87,
            456.82,
            475.34,
            331.42
        ],
        [
            452.06,
            322.25,
            479.57,
            498.01,
            490.97,
            365.02,
            564.7,
            456.1,
            445.13,
            498.05,
            345.48,
            361.19,
            335.37,
            562.12,
            371.78,
            null,
            458.61,
            403.3,
            574.92,
            345.95,
            328.6,
            398.33,
            372.66,
            536.25,
            364.98,
            384.74,
            543.9,
            460.87,
            466.36,
            422.54
        ],
        [
            468.35,
            511.31,
            521.9,
            498.52,
            391.26,
            330.76,
            356.53,
            421.34,
            521.09,
            399.36,
            574.02,
            568.28,
            474.15,
            475.71,
            489.26,
            458.61,
            null,
            523.5,
            440.06,
            444.68,
            345.96,
            465.29,
            414.1,
            478.67,
            534.29,
            450.44,
            525.51,
            445.2,
            513.38,
            436.68
        ],
        [
            428.2,
            534.85,
            439.38,
            492.5,
            549.99,
            566.74,
            415.45,
            510.83,
            519.8,
            540.06,
            481.84,
            538.86,
            466.15,
            397.29,
            385.43,
            403.3,
            523.5,
            null,
            444.26,
            344.36,
            467.58,
            457.98,
            422.99,
            370.14,
            543.21,
            569.65,
            429.31,
            458.24,
            425.52,
            357.26
        ],
        [
            549.53,
            447.95,
            417.16,
            571.92,
            456.3,
            442.62,
            469.52,
            393.92,
            377.04,
            436.82,
            383.35,
            480.97,
            394.28,
            539.3,
            415.27,
            574.92,
            440.06,
            444.26,
            null,
            372.94,
            528.6,
            457.53,
            542.93,
            512.9,
            395.76,
            367.48,
            341.22,
            550.38,
            562.66,
            381.67
        ],
        [
            364.78,
            419.24,
            523.6,
            457.05,
            372.16,
            442.86,
            438.15,
            388.86,
            363.69,
            559.82,
            489.45,
            488.0,
            534.77,
            539.72,
            553.32,
            345.95,
            444.68,
            344.36,
            372.94,
            null,
            438.06,
            328.87,
            494.45,
            472.9,
            361.55,
            336.54,
            355.71,
            421.13,
            399.18,
            423.71
        ],
        [
            520.99,
            550.53,
            339.41,
            454.98,
            478.8,
            531.02,
            547.69,
            572.88,
            506.84,
            565.74,
            361.05,
            453.12,
            368.42,
            355.03,
            559.3,
            328.6,
            345.96,
            467.58,
            528.6,
            438.06,
            null,
            560.46,
            437.53,
            331.92,
            488.28,
            345.24,
            453.07,
            525.16,
            404.67,
            345.56
        ],
        [
            478.43,
            462.8,
            405.84,
            507.14,
            429.31,
            571.23,
            416.98,
            515.94,
            336.96,
            336.33,
            369.13,
            354.59,
            393.57,
            434.03,
            508.0,
            398.33,
            465.29,
            457.98,
            457.53,
            328.87,
            560.46,
            null,
            387.65,
            578.25,
            335.95,
            389.97,
            521.37,
            320.22,
            426.31,
            393.74
        ],
        [
            398.83,
            493.89,
            560.4,
            553.78,
            479.84,
            370.25,
            482.38,
            513.62,
            405.79,
            388.84,
            547.42,
            333.56,
            452.88,
            345.58,
            460.4,
            372.66,
            414.1,
            422.99,
            542.93,
            494.45,
            437.53,
            387.65,
            null,
            534.88,
            393.78,
            473.58,
            344.58,
            529.28,
            388.94,
            321.44
        ],
        [
            574.32,
            439.11,
            345.01,
            394.18,
            477.71,
            426.53,
            393.85,
            464.61,
            430.88,
            472.98,
            365.44,
            450.47,
            560.71,
            383.59,
            493.38,
            536.25,
            478.67,
            370.14,
            512.9,
            472.9,
            331.92,
            578.25,
            534.88,
            null,
            325.61,
            423.83,
            360.63,
            466.08,
            456.88,
            493.63
        ],
        [
            510.06,
            499.86,
            409.41,
            364.8,
            470.1,
            372.7,
            457.76,
            362.46,
            434.31,
            516.23,
            393.15,
            483.22,
            470.8,
            348.62,
            476.37,
            364.98,
            534.29,
            543.21,
            395.76,
            361.55,
            488.28,
            335.95,
            393.78,
            325.61,
            null,
            444.06,
            421.03,
            501.79,
            458.06,
            445.16
        ],
        [
            539.93,
            431.71,
            451.51,
            341.73,
            334.98,
            529.36,
            480.3,
            477.86,
            350.16,
            355.76,
            327.88,
            501.58,
            379.4,
            473.55,
            431.87,
            384.74,
            450.44,
            569.65,
            367.48,
            336.54,
            345.24,
            389.97,
            473.58,
            423.83,
            444.06,
            null,
            485.52,
            548.42,
            496.71,
            468.78
        ],
        [
            350.64,
            352.39,
            393.17,
            505.55,
            508.4,
            463.52,
            477.95,
            553.3,
            351.2,
            510.52,
            502.73,
            549.44,
            481.66,
            393.73,
            429.87,
            543.9,
            525.51,
            429.31,
            341.22,
            355.71,
            453.07,
            521.37,
            344.58,
            360.63,
            421.03,
            485.52,
            null,
            432.23,
            515.54,
            527.16
        ],
        [
            478.75,
            420.33,
            522.55,
            430.65,
            379.09,
            438.12,
            383.19,
            425.71,
            540.2,
            565.01,
            526.02,
            578.5,
            517.15,
            428.61,
            456.82,
            460.87,
            445.2,
            458.24,
            550.38,
            421.13,
            525.16,
            320.22,
            529.28,
            466.08,
            501.79,
            548.42,
            432.23,
            null,
            503.61,
            425.55
        ],
        [
            496.23,
            566.82,
            338.15,
            463.39,
            464.94,
            488.3,
            432.48,
            458.37,
            535.89,
            383.78,
            420.73,
            341.37,
            514.35,
            505.19,
            475.34,
            466.36,
            513.38,
            425.52,
            562.66,
            399.18,
            404.67,
            426.31,
            388.94,
            456.88,
            458.06,
            496.71,
            515.54,
            503.61,
            null,
            377.42
        ],
        [
            515.33,
            518.43,
            354.58,
            372.59,
            441.03,
            320.47,
            342.16,
            551.42,
            344.52,
            406.49,
            507.56,
            500.14,
            320.36,
            393.16,
            331.42,
            422.54,
            436.68,
            357.26,
            381.67,
            423.71,
            345.56,
            393.74,
            321.44,
            493.63,
            445.16,
            468.78,
            527.16,
            425.55,
            377.42,
            null
        ]
    ],
    "tempos_processamento": [
        4543.33,
        4568.2,
        4425.53,
        4507.62,
        4654.31,
        4283.8,
        4484.71,
        4722.43,
        4358.4,
        4696.12,
        4764.74,
        4717.78,
        4376.34,
        4675.0,
        4451.76,
        4421.08,
        4692.83,
        4542.59,
        4367.61,
        4230.15,
        4468.93,
        4406.66,
        4250.63,
        4598.97,
        4281.22,
        4711.02,
        4565.96,
        4295.62,
        4564.26,
        4356.0
    ],
    "ready_times": [
        5162.15,
        2812.95,
        3767.56,
        234.5,
        7948.65,
        4462.68,
        6625.41,
        8696.72,
        7112.01,
        6378.26,
        6648.79,
        5403.29,
        6425.07,
        3248.22,
        7696.2,
        2210.31,
        2221.62,
        2461.2,
        0.0,
        4788.76,
        2772.72,
        5792.41,
        1483.49,
        1647.49,
        2531.63,
        1497.06,
        2524.0,
        6547.53,
        8566.48,
        2140.21
    ]
}