{
    "configuracao": {
        "codigo_cenario": "HLHLHHL",
        "nivel_ready_time": "alta",
        "variabilidade_processamento": "baixa",
        "media_processamento": "alta",
        "estrutura_setup": "simetrica",
        "variabilidade_setup": "alta",
        "n_maquinas": 10,
        "n_medio_jobs_maquina": 3,
        "n_jobs": 30
    },
    "matriz_setup": [
        [
            null,
            395.77,
            564.59,
            411.37,
            446.08,
            357.8,
            413.13,
            476.7,
            483.25,
            343.68,
            410.0,
            427.73,
            335.52,
            469.06,
            507.11,
            544.8,
            383.2,
            338.69,
            396.79,
            432.02,
            397.43,
            396.49,
            393.76,
            362.31,
            323.23,
            326.78,
            451.6,
            349.82,
            356.01,
            374.35
        ],
        [
            395.77,
            null,
            519.91,
            390.77,
            466.43,
            329.68,
            323.92,
            513.89,
            470.56,
            482.67,
            571.48,
            459.05,
            504.92,
            575.25,
            520.06,
            477.34,
            324.68,
            455.22,
            423.39,
            560.07,
            505.57,
            558.86,
            454.55,
            426.39,
            480.37,
            489.7,
            392.42,
            390.84,
            462.38,
            503.88
        ],
        [
            564.59,
            519.91,
            null,
            552.67,
            572.13,
            390.24,
            455.6,
            412.1,
            480.06,
            349.71,
            386.98,
            387.69,
            364.57,
            506.5,
            408.86,
            364.79,
            427.03,
            462.23,
            344.87,
            386.64,
            426.74,
            331.42,
            348.13,
            468.83,
            339.05,
            511.18,
            365.61,
            495.51,
            448.22,
            444.86
        ],
        [
            411.37,
            390.77,
            552.67,
            null,
            385.82,
            443.84,
            411.86,
            333.04,
            371.88,
            568.98,
            354.46,
            483.56,
            455.32,
            470.54,
            523.08,
            392.69,
            377.64,
            488.38,
            350.41,
            447.84,
            417.16,
            371.99,
            345.31,
            559.95,
            368.27,
            455.63,
            351.95,
            381.83,
            371.71,
            448.57
        ],
        [
            446.08,
            466.43,
            572.13,
            385.82,
            null,
            501.84,
            327.45,
            335.27,
            390.9,
            377.21,
            341.61,
            320.23,
            381.69,
            382.24,
            402.0,
            463.86,
            329.4,
            476.63,
            439.6,
            456.04,
            469.53,
            501.66,
            546.5,
            473.52,
            351.66,
            390.79,
            341.17,
            502.72,
            508.27,
            422.07
        ],
        [
            357.8,
            329.68,
            390.24,
            443.84,
            501.84,
            null,
            515.71,
            563.13,
            474.91,
            455.95,
            356.92,
            439.24,
            514.3,
            350.21,
            425.99,
            375.19,
            327.87,
            560.16,
            387.27,
            578.79,
            385.84,
            544.12,
            500.23,
            495.15,
            407.9,
            444.38,
            407.32,
            517.64,
            533.25,
            464.15
        ],
        [
            413.13,
            323.92,
            455.6,
            411.86,
            327.45,
            515.71,
            null,
            553.5,
            517.05,
            368.85,
            362.99,
            332.89,
            497.31,
            331.91,
            566.69,
            367.67,
            333.51,
            522.37,
            492.13,
            506.81,
            488.86,
            487.07,
            516.08,
            478.56,
            441.51,
            399.59,
            535.74,
            334.98,
            373.81,
            350.74
        ],
        [
            476.7,
            513.89,
            412.1,
            333.04,
            335.27,
            563.13,
            553.5,
            null,
            433.63,
            378.21,
            416.27,
            417.12,
            533.11,
            456.2,
            532.98,
            467.98,
            515.38,
            508.54,
            479.06,
            530.04,
            515.16,
            381.4,
            443.97,
            506.28,
            386.02,
            519.09,
            330.03,
            549.2,
            495.76,
            417.44
        ],
        [
            483.25,
            470.56,
            480.06,
            371.88,
            390.9,
            474.91,
            517.05,
            433.63,
            null,
            409.68,
            543.22,
            392.08,
            521.94,
            528.73,
            359.94,
            331.95,
            334.65,
            337.62,
            574.28,
            452.52,
            478.13,
            567.8,
            321.34,
            445.26,
            384.34,
            569.53,
            336.89,
            456.0,
            517.95,
            443.67
        ],
        [
            343.68,
            482.67,
            349.71,
            568.98,
            377.21,
            455.95,
            368.85,
            378.21,
            409.68,
            null,
            534.45,
            365.19,
            359.37,
            549.89,
            573.14,
            343.55,
            372.61,
            563.34,
            350.84,
            354.24,
            433.1,
            570.82,
            440.98,
            380.23,
            468.98,
            573.79,
            532.44,
            508.8,
            399.53,
            482.37
        ],
        [
            410.0,
            571.48,
            386.98,
            354.46,
            341.61,
            356.92,
            362.99,
            416.27,
            543.22,
            534.45,
            null,
            504.15,
            386.04,
            500.55,
            429.35,
            331.66,
            400.49,
            493.6,
            456.27,
            565.16,
            467.75,
            381.41,
            524.63,
            353.79,
            486.15,
            422.86,
            409.79,
            430.33,
            376.97,
            349.36
        ],
        [
            427.73,
            459.05,
            387.69,
            483.56,
            320.23,
            439.24,
            332.89,
            417.12,
            392.08,
            365.19,
            504.15,
            null,
            415.83,
            549.94,
            579.76,
            378.51,
            535.43,
            561.69,
            462.08,
            408.15,
            393.25,
            359.91,
            575.07,
            490.54,
            477.71,
            484.26,
            349.3,
            577.52,
            522.53,
            374.13
        ],
        [
            335.52,
            504.92,
            364.57,
            455.32,
            381.69,
            514.3,
            497.31,
            533.11,
            521.94,
            359.37,
            386.04,
            415.83,
            null,
            536.12,
            344.37,
            473.22,
            361.85,
            482.28,
            352.3,
            481.64,
            466.6,
            526.86,
            457.32,
            546.89,
            459.09,
            386.11,
            409.66,
            493.57,
            359.52,
            576.26
        ],
        [
            469.06,
            575.25,
            506.5,
            470.54,
            382.24,
            350.21,
            331.91,
            456.2,
            528.73,
            549.89,
            500.55,
            549.94,
            536.12,
            null,
            324.89,
            389.31,
            549.83,
            379.05,
            461.47,
            391.02,
            437.41,
            396.94,
            325.04,
            347.59,
            492.49,
            524.4,
            385.33,
            553.79,
            526.7,
            496.9
        ],
        [
            507.11,
            520.06,
            408.86,
            523.08,
            402.0,
            425.99,
            566.69,
            532.98,
            359.94,
            573.14,
            429.35,
            579.76,
            344.37,
            324.89,
            null,
            548.06,
            418.8,
            424.78,
            470.64,
            485.75,
            446.61,
            508.21,
            328.01,
            412.79,
            450.63,
            475.37,
            454.48,
            469.59,
            410.17,
            361.37
        ],
        [
            544.8,
            477.34,
            364.79,
            392.69,
            463.86,
            375.19,
            367.67,
            467.98,
            331.95,
            343.55,
            331.66,
            378.51,
            473.22,
            389.31,
            548.06,
            null,
            354.88,
            571.52,
            375.76,
            382.31,
            460.11,
            359.24,
            552.17,
            465.21,
            330.44,
            350.79,
            418.1,
            395.76,
            561.09,
            343.4
        ],
        [
            383.2,
            324.68,
            427.03,
            377.64,
            329.4,
            327.87,
            333.51,
            515.38,
            334.65,
            372.61,
            400.49,
            535.43,
            361.85,
            549.83,
            418.8,
            354.88,
            null,
            533.08,
            457.85,
            473.05,
            350.16,
            341.32,
            568.01,
            438.06,
            500.78,
            477.92,
            525.05,
            371.26,
            512.99,
            389.86
        ],
        [
            338.69,
            455.22,
            462.23,
            488.38,
            476.63,
            560.16,
            522.37,
            508.54,
            337.62,
            563.34,
            493.6,
            561.69,
            482.28,
            379.05,
            424.78,
            571.52,
            533.08,
            null,
            392.1,
            550.6,
            408.37,
            494.5,
            493.12,
            469.63,
            530.91,
            464.12,
            488.57,
            544.21,
            389.72,
            539.2
        ],
        [
            396.79,
            423.39,
            344.87,
            350.41,
            439.6,
            387.27,
            492.13,
            479.06,
            574.28,
            350.84,
            456.27,
            462.08,
            352.3,
            461.47,
            470.64,
            375.76,
            457.85,
            392.1,
            null,
            568.3,
            426.29,
            482.48,
            364.9,
            402.67,
            551.94,
            532.08,
            516.58,
            335.61,
            455.85,
            561.25
        ],
        [
            432.02,
            560.07,
            386.64,
            447.84,
            456.04,
            578.79,
            506.81,
            530.04,
            452.52,
            354.24,
            565.16,
            408.15,
            481.64,
            391.02,
            485.75,
            382.31,
            473.05,
            550.6,
            568.3,
            null,
            447.51,
            324.88,
            535.15,
            563.03,
            386.83,
            484.51,
            481.87,
            473.78,
            383.85,
            519.43
        ],
        [
            397.43,
            505.57,
            426.74,
            417.16,
            469.53,
            385.84,
            488.86,
            515.16,
            478.13,
            433.1,
            467.75,
            393.25,
            466.6,
            437.41,
            446.61,
            460.11,
            350.16,
            408.37,
            426.29,
            447.51,
            null,
            327.13,
            327.45,
            527.04,
            539.99,
            534.36,
            344.7,
            363.58,
            371.51,
            469.52
        ],
        [
            396.49,
            558.86,
            331.42,
            371.99,
            501.66,
            544.12,
            487.07,
            381.4,
            567.8,
            570.82,
            381.41,
            359.91,
            526.86,
            396.94,
            508.21,
            359.24,
            341.32,
            494.5,
            482.48,
            324.88,
            327.13,
            null,
            409.07,
            430.83,
            433.77,
            467.47,
            522.58,
            446.67,
            333.96,
            543.29
        ],
        [
            393.76,
            454.55,
            348.13,
            345.31,
            546.5,
            500.23,
            516.08,
            443.97,
            321.34,
            440.98,
            524.63,
            575.07,
            457.32,
            325.04,
            328.01,
            552.17,
            568.01,
            493.12,
            364.9,
            535.15,
            327.45,
            409.07,
            null,
            490.15,
            356.49,
            528.14,
            346.53,
            517.96,
            393.63,
            368.89
        ],
        [
            362.31,
            426.39,
            468.83,
            559.95,
            473.52,
            495.15,
            478.56,
            506.28,
            445.26,
            380.23,
            353.79,
            490.54,
            546.89,
            347.59,
            412.79,
            465.21,
            438.06,
            469.63,
            402.67,
            563.03,
            527.04,
            430.83,
            490.15,
            null,
            366.0,
            390.04,
            369.8,
            367.68,
            542.93,
            495.56
        ],
        [
            323.23,
            480.37,
            339.05,
            368.27,
            351.66,
            407.9,
            441.51,
            386.02,
            384.34,
            468.98,
            486.15,
            477.71,
            459.09,
            492.49,
            450.63,
            330.44,
            500.78,
            530.91,
            551.94,
            386.83,
            539.99,
            433.77,
            356.49,
            366.0,
            null,
            451.65,
            374.76,
            455.43,
            568.88,
            349.66
        ],
        [
            326.78,
            489.7,
            511.18,
            455.63,
            390.79,
            444.38,
            399.59,
            519.09,
            569.53,
            573.79,
            422.86,
            484.26,
            386.11,
            524.4,
            475.37,
            350.79,
            477.92,
            464.12,
            532.08,
            484.51,
            534.36,
            467.47,
            528.14,
            390.04,
            451.65,
            null,
            500.76,
            417.6,
            331.44,
            511.89
        ],
        [
            451.6,
            392.42,
            365.61,
            351.95,
            341.17,
            407.32,
            535.74,
            330.03,
            336.89,
            532.44,
            409.79,
            349.3,
            409.66,
            385.33,
            454.48,
            418.1,
            525.05,
            488.57,
            516.58,
            481.87,
            344.7,
            522.58,
            346.53,
            369.8,
            374.76,
            500.76,
            null,
            426.65,
            341.61,
            455.29
        ],
        [
            349.82,
            390.84,
            495.51,
            381.83,
            502.72,
            517.64,
            334.98,
            549.2,
            456.0,
            508.8,
            430.33,
            577.52,
            493.57,
            553.79,
            469.59,
            395.76,
            371.26,
            544.21,
            335.61,
            473.78,
            363.58,
            446.67,
            517.96,
            367.68,
            455.43,
            417.6,
            426.65,
            null,
            536.11,
            531.93
        ],
        [
            356.01,
            462.38,
            448.22,
            371.71,
            508.27,
            533.25,
            373.81,
            495.76,
            517.95,
            399.53,
            376.97,
            522.53,
            359.52,
            526.7,
            410.17,
            561.09,
            512.99,
            389.72,
            455.85,
            383.85,
            371.51,
            333.96,
            393.63,
            542.93,
            568.88,
            331.44,
            341.61,
            536.11,
            null,
            549.97
        ],
        [
            374.35,
            503.88,
            444.86,
            448.57,
            422.07,
            464.15,
            350.74,
            417.44,
            443.67,
            482.37,
            349.36,
            374.13,
            576.26,
            496.9,
            361.37,
            343.4,
            389.86,
            539.2,
            561.25,
            519.43,
            469.52,
            543.29,
            368.89,
            495.56,
            349.66,
            511.89,
            455.29,
            531.93,
            549.97,
            null
        ]
    ],
    "tempos_processamento": [
        4546.25,
        4426.72,
        4396.11,
        4688.11,
        4639.68,
        4738.49,
        4558.69,
        4260.61,
        4762.56,
        4724.89,
        4517.86,
        4731.78,
        4642.79,
        4617.28,
        4642.42,
        4437.71,
        4615.85,
        4758.54,
        4471.31,
        4675.06,
        4335.86,
        4433.9,
        4357.61,
        4367.29,
        4469.37,
        4540.09,
        4361.31,
        4385.43,
        4550.4,
        4332.77
    ],
    "ready_times": [
        1126.63,
        255.62,
        1932.43,
        6332.64,
        0.0,
        9750.58,
        7840.23,
        7266.7,
        2014.48,
        5021.52,
        1738.4,
        1173.11,
        3019.42,
        8280.56,
        5061.11,
        2915.95,
        9241.69,
        6194.88,
        4568.0,
        3090.56,
        5334.84,
        9175.68,
        8902.95,
        7410.36,
        6361.41,
        2511.14,
        2793.92,
        7411.72,
        7842.01,
        1880.96
    ]
}