{
    "configuracao": {
        "codigo_cenario": "HLHLHHL",
        "nivel_ready_time": "alta",
        "variabilidade_processamento": "baixa",
        "media_processamento": "alta",
        "estrutura_setup": "simetrica",
        "variabilidade_setup": "alta",
        "n_maquinas": 10,
        "n_medio_jobs_maquina": 3,
        "n_jobs": 30
    },
    "matriz_setup": [
        [
            null,
            403.78,
            516.6,
            321.65,
            500.34,
            430.67,
            441.17,
            400.29,
            331.99,
            465.93,
            541.62,
            480.75,
            457.74,
            426.2,
            385.54,
            403.86,
            398.29,
            552.08,
            544.46,
            361.64,
            420.53,
            465.11,
            574.65,
            481.56,
            521.68,
            551.99,
            352.45,
            453.99,
            557.71,
            384.03
        ],
        [
            403.78,
            null,
            464.33,
            451.33,
            428.74,
            547.09,
            385.02,
            504.16,
            458.75,
            334.23,
            360.57,
            392.1,
            379.5,
            556.57,
            489.8,
            364.19,
            341.12,
            455.12,
            456.59,
            507.66,
            548.13,
            370.42,
            490.72,
            447.19,
            551.26,
            362.8,
            554.8,
            352.1,
            408.55,
            334.08
        ],
        [
            516.6,
            464.33,
            null,
            383.11,
            512.99,
            480.66,
            369.8,
            436.55,
            354.79,
            543.93,
            548.89,
            355.28,
            394.21,
            545.98,
            341.43,
            571.44,
            393.2,
            324.54,
            438.96,
            444.62,
            393.12,
            481.12,
            360.88,
            486.4,
            507.14,
            344.16,
            538.02,
            339.13,
            369.31,
            369.12
        ],
        [
            321.65,
            451.33,
            383.11,
            null,
            432.21,
            339.11,
            498.65,
            458.08,
            391.62,
            383.65,
            485.66,
            383.3,
            577.47,
            351.61,
            328.45,
            442.54,
            400.8,
            469.87,
            567.72,
            528.76,
            331.6,
            350.58,
            341.48,
            403.32,
            399.34,
            530.1,
            380.33,
            368.7,
            370.62,
            404.95
        ],
        [
            500.34,
            428.74,
            512.99,
            432.21,
            null,
            508.18,
            450.4,
            358.08,
            505.14,
            537.03,
            443.98,
            379.87,
            347.07,
            418.33,
            451.32,
            554.76,
            568.75,
            394.49,
            396.17,
            412.88,
            573.19,
            351.64,
            332.29,
            504.03,
            451.41,
            497.54,
            521.33,
            498.3,
            393.33,
            518.42
        ],
        [
            430.67,
            547.09,
            480.66,
            339.11,
            508.18,
            null,
            511.16,
            328.48,
            352.98,
            399.72,
            566.68,
            335.16,
            532.34,
            472.14,
            367.38,
            369.6,
            387.47,
            440.38,
            389.86,
            567.02,
            577.98,
            575.55,
            546.03,
            456.14,
            548.35,
            328.88,
            577.54,
            368.02,
            512.2,
            570.78
        ],
        [
            441.17,
            385.02,
            369.8,
            498.65,
            450.4,
            511.16,
            null,
            431.83,
            407.82,
            503.68,
            448.22,
            404.37,
            551.32,
            451.62,
            355.19,
            374.75,
            560.8,
            493.87,
            573.94,
            388.06,
            323.09,
            372.43,
            437.82,
            493.16,
            493.07,
            351.95,
            391.63,
            360.34,
            421.41,
            524.75
        ],
        [
            400.29,
            504.16,
            436.55,
            458.08,
            358.08,
            328.48,
            431.83,
            null,
            410.57,
            423.32,
            578.72,
            537.6,
            533.07,
            367.34,
            459.71,
            415.34,
            558.29,
            545.39,
            566.2,
            494.05,
            483.96,
            458.82,
            509.0,
            434.46,
            467.63,
            374.47,
            448.19,
            385.52,
            382.55,
            412.92
        ],
        [
            331.99,
            458.75,
            354.79,
            391.62,
            505.14,
            352.98,
            407.82,
            410.57,
            null,
            333.22,
            547.07,
            563.81,
            480.48,
            570.53,
            522.87,
            483.74,
            565.89,
            380.3,
            434.6,
            554.01,
            326.34,
            538.94,
            516.95,
            445.44,
            561.26,
            424.64,
            408.57,
            427.2,
            521.05,
            474.36
        ],
        [
            465.93,
            334.23,
            543.93,
            383.65,
            537.03,
            399.72,
            503.68,
            423.32,
            333.22,
            null,
            383.62,
            476.75,
            474.91,
            431.78,
            351.49,
            563.75,
            540.55,
            384.59,
            418.95,
            420.33,
            559.91,
            458.51,
            568.44,
            470.6,
            487.73,
            373.13,
            410.4,
            381.32,
            476.58,
            568.32
        ],
        [
            541.62,
            360.57,
            548.89,
            485.66,
            443.98,
            566.68,
            448.22,
            578.72,
            547.07,
            383.62,
            null,
            532.91,
            390.08,
            443.35,
            504.34,
            532.28,
            572.95,
            445.62,
            474.55,
            388.19,
            390.73,
            450.91,
            570.59,
            356.75,
            523.49,
            488.71,
            412.72,
            466.02,
            570.42,
            501.8
        ],
        [
            480.75,
            392.1,
            355.28,
            383.3,
            379.87,
            335.16,
            404.37,
            537.6,
            563.81,
            476.75,
            532.91,
            null,
            350.48,
            563.68,
            424.46,
            485.74,
            501.33,
            440.63,
            534.59,
            512.54,
            411.98,
            577.41,
            533.78,
            412.16,
            448.27,
            389.85,
            487.76,
            428.85,
            387.29,
            362.78
        ],
        [
            457.74,
            379.5,
            394.21,
            577.47,
            347.07,
            532.34,
            551.32,
            533.07,
            480.48,
            474.91,
            390.08,
            350.48,
            null,
            524.18,
            490.29,
            438.53,
            424.47,
            361.29,
            417.98,
            563.4,
            462.0,
            452.22,
            458.64,
            390.24,
            356.68,
            341.4,
            504.41,
            552.4,
            549.7,
            462.26
        ],
        [
            426.2,
            556.57,
            545.98,
            351.61,
            418.33,
            472.14,
            451.62,
            367.34,
            570.53,
            431.78,
            443.35,
            563.68,
            524.18,
            null,
            391.21,
            373.88,
            474.51,
            396.28,
            356.03,
            321.52,
            366.9,
            383.36,
            486.49,
            321.1,
            458.57,
            546.03,
            377.46,
            564.51,
            464.92,
            508.71
        ],
        [
            385.54,
            489.8,
            341.43,
            328.45,
            451.32,
            367.38,
            355.19,
            459.71,
            522.87,
            351.49,
            504.34,
            424.46,
            490.29,
            391.21,
            null,
            492.3,
            443.27,
            569.19,
            527.09,
            546.58,
            521.13,
            506.24,
            480.37,
            398.91,
            449.06,
            325.29,
            475.86,
            468.18,
            575.8,
            497.29
        ],
        [
            403.86,
            364.19,
            571.44,
            442.54,
            554.76,
            369.6,
            374.75,
            415.34,
            483.74,
            563.75,
            532.28,
            485.74,
            438.53,
            373.88,
            492.3,
            null,
            456.43,
            453.46,
            472.88,
            554.86,
            365.08,
            513.19,
            499.27,
            505.08,
            536.35,
            455.76,
            518.71,
            388.36,
            326.99,
            561.0
        ],
        [
            398.29,
            341.12,
            393.2,
            400.8,
            568.75,
            387.47,
            560.8,
            558.29,
            565.89,
            540.55,
            572.95,
            501.33,
            424.47,
            474.51,
            443.27,
            456.43,
            null,
            387.97,
            508.6,
            576.31,
            553.6,
            375.29,
            541.69,
            489.9,
            354.7,
            409.92,
            483.6,
            570.16,
            431.47,
            428.95
        ],
        [
            552.08,
            455.12,
            324.54,
            469.87,
            394.49,
            440.38,
            493.87,
            545.39,
            380.3,
            384.59,
            445.62,
            440.63,
            361.29,
            396.28,
            569.19,
            453.46,
            387.97,
            null,
            488.55,
            473.22,
            529.26,
            485.27,
            340.71,
            498.86,
            331.84,
            408.07,
            499.71,
            377.21,
            409.91,
            567.29
        ],
        [
            544.46,
            456.59,
            438.96,
            567.72,
            396.17,
            389.86,
            573.94,
            566.2,
            434.6,
            418.95,
            474.55,
            534.59,
            417.98,
            356.03,
            527.09,
            472.88,
            508.6,
            488.55,
            null,
            500.3,
            457.5,
            505.98,
            444.11,
            550.7,
            454.6,
            335.23,
            360.54,
            367.69,
            467.05,
            410.48
        ],
        [
            361.64,
            507.66,
            444.62,
            528.76,
            412.88,
            567.02,
            388.06,
            494.05,
            554.01,
            420.33,
            388.19,
            512.54,
            563.4,
            321.52,
            546.58,
            554.86,
            576.31,
            473.22,
            500.3,
            null,
            425.67,
            493.12,
            530.61,
            479.14,
            514.84,
            419.45,
            443.15,
            329.52,
            511.74,
            400.21
        ],
        [
            420.53,
            548.13,
            393.12,
            331.6,
            573.19,
            577.98,
            323.09,
            483.96,
            326.34,
            559.91,
            390.73,
            411.98,
            462.0,
            366.9,
            521.13,
            365.08,
            553.6,
            529.26,
            457.5,
            425.67,
            null,
            502.55,
            486.1,
            571.2,
            535.04,
            425.0,
            509.69,
            369.56,
            542.47,
            472.06
        ],
        [
            465.11,
            370.42,
            481.12,
            350.58,
            351.64,
            575.55,
            372.43,
            458.82,
            538.94,
            458.51,
            450.91,
            577.41,
            452.22,
            383.36,
            506.24,
            513.19,
            375.29,
            485.27,
            505.98,
            493.12,
            502.55,
            null,
            447.76,
            494.5,
            430.48,
            326.42,
            553.51,
            328.85,
            421.12,
            433.64
        ],
        [
            574.65,
            490.72,
            360.88,
            341.48,
            332.29,
            546.03,
            437.82,
            509.0,
            516.95,
            568.44,
            570.59,
            533.78,
            458.64,
            486.49,
            480.37,
            499.27,
            541.69,
            340.71,
            444.11,
            530.61,
            486.1,
            447.76,
            null,
            500.45,
            449.2,
            342.64,
            419.38,
            515.52,
            537.05,
            449.63
        ],
        [
            481.56,
            447.19,
            486.4,
            403.32,
            504.03,
            456.14,
            493.16,
            434.46,
            445.44,
            470.6,
            356.75,
            412.16,
            390.24,
            321.1,
            398.91,
            505.08,
            489.9,
            498.86,
            550.7,
            479.14,
            571.2,
            494.5,
            500.45,
            null,
            518.63,
            420.92,
            472.34,
            459.25,
            524.6,
            393.86
        ],
        [
            521.68,
            551.26,
            507.14,
            399.34,
            451.41,
            548.35,
            493.07,
            467.63,
            561.26,
            487.73,
            523.49,
            448.27,
            356.68,
            458.57,
            449.06,
            536.35,
            354.7,
            331.84,
            454.6,
            514.84,
            535.04,
            430.48,
            449.2,
            518.63,
            null,
            564.1,
            420.57,
            461.33,
            560.36,
            419.07
        ],
        [
            551.99,
            362.8,
            344.16,
            530.1,
            497.54,
            328.88,
            351.95,
            374.47,
            424.64,
            373.13,
            488.71,
            389.85,
            341.4,
            546.03,
            325.29,
            455.76,
            409.92,
            408.07,
            335.23,
            419.45,
            425.0,
            326.42,
            342.64,
            420.92,
            564.1,
            null,
            465.56,
            396.11,
            433.93,
            498.18
        ],
        [
            352.45,
            554.8,
            538.02,
            380.33,
            521.33,
            577.54,
            391.63,
            448.19,
            408.57,
            410.4,
            412.72,
            487.76,
            504.41,
            377.46,
            475.86,
            518.71,
            483.6,
            499.71,
            360.54,
            443.15,
            509.69,
            553.51,
            419.38,
            472.34,
            420.57,
            465.56,
            null,
            462.58,
            389.08,
            366.65
        ],
        [
            453.99,
            352.1,
            339.13,
            368.7,
            498.3,
            368.02,
            360.34,
            385.52,
            427.2,
            381.32,
            466.02,
            428.85,
            552.4,
            564.51,
            468.18,
            388.36,
            570.16,
            377.21,
            367.69,
            329.52,
            369.56,
            328.85,
            515.52,
            459.25,
            461.33,
            396.11,
            462.58,
            null,
            522.96,
            456.74
        ],
        [
            557.71,
            408.55,
            369.31,
            370.62,
            393.33,
            512.2,
            421.41,
            382.55,
            521.05,
            476.58,
            570.42,
            387.29,
            549.7,
            464.92,
            575.8,
            326.99,
            431.47,
            409.91,
            467.05,
            511.74,
            542.47,
            421.12,
            537.05,
            524.6,
            560.36,
            433.93,
            389.08,
            522.96,
            null,
            406.55
        ],
        [
            384.03,
            334.08,
            369.12,
            404.95,
            518.42,
            570.78,
            524.75,
            412.92,
            474.36,
            568.32,
            501.8,
            362.78,
            462.26,
            508.71,
            497.29,
            561.0,
            428.95,
            567.29,
            410.48,
            400.21,
            472.06,
            433.64,
            449.63,
            393.86,
            419.07,
            498.18,
            366.65,
            456.74,
            406.55,
            null
        ]
    ],
    "tempos_processamento": [
        4487.74,
        4345.69,
        4547.37,
        4334.55,
        4281.38,
        4520.74,
        4492.8,
        4684.58,
        4692.22,
        4591.62,
        4388.82,
        4418.99,
        4611.33,
        4646.71,
        4469.68,
        4649.3,
        4588.95,
        4313.37,
        4491.39,
        4503.1,
        4701.6,
        4440.36,
        4535.55,
        4600.94,
        4721.58,
        4768.97,
        4564.48,
        4592.83,
        4693.34,
        4495.35
    ],
    "ready_times": [
        8856.13,
        2962.19,
        1419.62,
        471.88,
        929.06,
        2404.16,
        8155.24,
        6760.92,
        6639.88,
        1412.77,
        2010.06,
        7174.27,
        7458.82,
        7309.55,
        7726.09,
        3471.1,
        1341.61,
        5596.17,
        2149.75,
        1191.1,
        7545.15,
        3473.73,
        6579.76,
        0.0,
        1452.03,
        1144.43,
        374.03,
        7046.09,
        3201.91,
        823.53
    ]
}