{
    "configuracao": {
        "codigo_cenario": "HLHHHHL",
        "nivel_ready_time": "alta",
        "variabilidade_processamento": "baixa",
        "media_processamento": "alta",
        "estrutura_setup": "assimetrica",
        "variabilidade_setup": "alta",
        "n_maquinas": 10,
        "n_medio_jobs_maquina": 3,
        "n_jobs": 30
    },
    "matriz_setup": [
        [
            null,
            504.95,
            463.01,
            351.69,
            398.72,
            480.63,
            518.84,
            445.78,
            520.32,
            523.14,
            454.24,
            362.92,
            433.58,
            557.74,
            399.07,
            562.44,
            377.14,
            545.74,
            365.94,
            578.92,
            421.63,
            368.79,
            348.77,
            522.96,
            557.69,
            464.49,
            430.27,
            469.33,
            410.07,
            355.63
        ],
        [
            527.32,
            null,
            454.29,
            575.86,
            395.91,
            561.29,
            332.43,
            499.21,
            538.09,
            331.49,
            359.52,
            520.15,
            457.1,
            408.98,
            469.44,
            564.97,
            374.32,
            404.81,
            577.43,
            566.92,
            449.68,
            567.88,
            324.78,
            501.11,
            448.96,
            505.29,
            451.71,
            445.97,
            505.58,
            445.84
        ],
        [
            448.21,
            461.07,
            null,
            575.55,
            320.52,
            386.59,
            502.82,
            500.21,
            428.97,
            367.15,
            424.29,
            434.5,
            380.15,
            460.56,
            427.5,
            415.35,
            325.24,
            332.48,
            386.08,
            395.82,
            544.66,
            395.18,
            417.3,
            367.59,
            390.65,
            549.72,
            425.25,
            323.48,
            381.93,
            511.41
        ],
        [
            452.51,
            520.38,
            466.74,
            null,
            383.38,
            371.46,
            410.4,
            422.92,
            550.91,
            553.06,
            531.39,
            358.9,
            552.43,
            358.39,
            392.58,
            472.07,
            558.21,
            415.66,
            435.07,
            371.61,
            333.71,
            328.66,
            550.48,
            431.28,
            443.78,
            461.72,
            328.35,
            531.07,
            529.96,
            439.18
        ],
        [
            488.95,
            491.92,
            375.67,
            376.46,
            null,
            344.97,
            368.03,
            330.38,
            390.01,
            349.34,
            350.77,
            532.21,
            351.43,
            382.58,
            325.0,
            421.36,
            545.24,
            380.17,
            484.06,
            425.31,
            387.64,
            345.18,
            571.2,
            528.53,
            438.48,
            385.71,
            436.3,
            484.14,
            546.06,
            445.28
        ],
        [
            526.9,
            479.6,
            550.79,
            413.27,
            417.91,
            null,
            425.77,
            470.2,
            337.93,
            345.66,
            502.38,
            565.83,
            436.47,
            363.3,
            403.52,
            547.43,
            459.09,
            388.2,
            548.6,
            512.68,
            428.05,
            376.89,
            408.99,
            529.65,
            555.71,
            550.72,
            435.39,
            336.0,
            544.87,
            556.54
        ],
        [
            433.03,
            467.45,
            523.67,
            439.89,
            360.99,
            322.45,
            null,
            527.62,
            471.4,
            417.56,
            550.23,
            387.28,
            350.7,
            455.48,
            405.41,
            452.4,
            539.39,
            571.03,
            459.69,
            431.78,
            502.96,
            383.36,
            443.19,
            432.16,
            371.62,
            515.24,
            432.85,
            426.43,
            427.47,
            519.21
        ],
        [
            353.01,
            443.56,
            363.86,
            515.74,
            501.94,
            389.26,
            434.85,
            null,
            384.79,
            498.08,
            424.22,
            328.07,
            408.75,
            505.04,
            365.11,
            394.76,
            445.32,
            518.71,
            410.66,
            505.39,
            452.11,
            346.09,
            339.19,
            566.23,
            373.34,
            492.32,
            486.13,
            394.09,
            342.54,
            554.16
        ],
        [
            350.08,
            352.96,
            461.14,
            541.68,
            433.6,
            417.27,
            474.36,
            392.24,
            null,
            537.09,
            450.71,
            528.71,
            339.95,
            370.25,
            430.52,
            372.88,
            372.48,
            452.69,
            566.38,
            462.09,
            358.94,
            560.04,
            473.29,
            510.54,
            578.51,
            334.31,
            462.87,
            398.15,
            329.14,
            554.81
        ],
        [
            487.86,
            387.9,
            490.38,
            330.5,
            356.46,
            415.07,
            326.29,
            364.49,
            519.31,
            null,
            350.32,
            544.09,
            417.13,
            510.07,
            490.47,
            493.0,
            374.19,
            559.5,
            451.47,
            431.63,
            340.02,
            464.32,
            337.0,
            359.65,
            457.63,
            387.26,
            495.08,
            540.28,
            554.77,
            445.04
        ],
        [
            443.2,
            397.81,
            339.78,
            373.63,
            490.27,
            439.85,
            467.97,
            373.92,
            420.12,
            555.55,
            null,
            490.24,
            323.13,
            440.22,
            441.98,
            458.65,
            431.89,
            577.75,
            389.25,
            482.03,
            341.04,
            416.87,
            489.66,
            346.22,
            406.21,
            552.46,
            455.54,
            390.9,
            555.91,
            562.69
        ],
        [
            356.35,
            550.49,
            536.85,
            343.68,
            351.33,
            513.08,
            351.51,
            544.07,
            555.57,
            333.82,
            349.34,
            null,
            321.05,
            389.95,
            565.91,
            344.89,
            557.63,
            379.14,
            505.85,
            573.8,
            523.59,
            558.47,
            525.11,
            486.97,
            548.85,
            384.66,
            345.4,
            401.02,
            487.19,
            499.36
        ],
        [
            427.23,
            330.04,
            455.35,
            524.27,
            393.36,
            511.02,
            484.63,
            559.22,
            345.37,
            436.22,
            488.66,
            455.24,
            null,
            469.24,
            578.49,
            365.2,
            499.55,
            436.22,
            487.15,
            538.15,
            534.89,
            369.98,
            387.24,
            496.89,
            408.42,
            535.99,
            576.71,
            482.31,
            512.64,
            336.88
        ],
        [
            435.77,
            566.1,
            478.45,
            575.56,
            527.23,
            518.04,
            324.67,
            498.56,
            538.47,
            524.02,
            548.76,
            570.19,
            469.55,
            null,
            334.58,
            453.01,
            366.61,
            402.01,
            354.83,
            374.16,
            338.28,
            568.19,
            548.63,
            325.3,
            443.18,
            471.55,
            504.59,
            327.93,
            378.7,
            554.07
        ],
        [
            520.27,
            363.75,
            556.65,
            516.11,
            422.52,
            575.05,
            364.95,
            479.13,
            461.76,
            339.75,
            392.07,
            448.3,
            425.24,
            449.63,
            null,
            479.73,
            443.97,
            353.42,
            564.17,
            550.44,
            566.38,
            555.52,
            428.48,
            565.27,
            518.73,
            522.28,
            455.32,
            513.77,
            496.92,
            554.48
        ],
        [
            437.46,
            510.28,
            578.31,
            377.91,
            551.89,
            368.72,
            408.81,
            457.31,
            427.53,
            579.35,
            375.28,
            398.24,
            417.09,
            363.75,
            392.4,
            null,
            489.29,
            519.22,
            422.7,
            533.09,
            480.38,
            382.24,
            349.54,
            489.92,
            574.89,
            383.76,
            332.08,
            399.04,
            453.91,
            457.11
        ],
        [
            347.51,
            327.58,
            430.34,
            361.31,
            389.49,
            570.28,
            445.1,
            388.55,
            545.73,
            485.78,
            335.79,
            530.51,
            497.77,
            572.11,
            343.89,
            469.58,
            null,
            395.85,
            330.88,
            429.74,
            433.55,
            429.01,
            560.8,
            577.23,
            542.97,
            446.07,
            458.31,
            386.33,
            415.87,
            366.87
        ],
        [
            519.69,
            537.27,
            481.36,
            532.72,
            395.23,
            359.5,
            331.11,
            377.79,
            538.39,
            376.57,
            449.49,
            572.82,
            474.82,
            398.57,
            555.16,
            555.56,
            562.81,
            null,
            468.05,
            543.29,
            494.13,
            570.68,
            361.0,
            535.92,
            549.29,
            337.86,
            563.16,
            485.66,
            520.35,
            567.94
        ],
        [
            423.16,
            456.61,
            500.85,
            443.8,
            409.62,
            394.05,
            538.38,
            523.4,
            535.22,
            472.77,
            392.46,
            447.98,
            570.74,
            519.17,
            335.88,
            513.08,
            491.04,
            458.96,
            null,
            462.69,
            325.56,
            514.84,
            499.81,
            571.13,
            434.46,
            475.73,
            404.19,
            392.5,
            490.69,
            399.4
        ],
        [
            348.22,
            475.9,
            413.54,
            375.36,
            420.99,
            550.12,
            520.59,
            553.25,
            455.43,
            577.83,
            559.49,
            399.14,
            493.24,
            398.77,
            339.16,
            423.37,
            543.79,
            320.11,
            556.15,
            null,
            480.39,
            346.65,
            491.66,
            368.96,
            509.91,
            536.26,
            325.39,
            515.55,
            548.72,
            373.91
        ],
        [
            357.55,
            481.94,
            400.38,
            571.69,
            575.33,
            546.07,
            363.5,
            331.52,
            562.83,
            447.77,
            350.53,
            423.79,
            394.61,
            400.76,
            382.85,
            544.16,
            391.82,
            338.18,
            561.01,
            576.65,
            null,
            455.19,
            500.37,
            415.7,
            552.04,
            532.28,
            545.64,
            550.22,
            320.71,
            479.86
        ],
        [
            357.88,
            459.56,
            460.93,
            407.62,
            499.34,
            407.63,
            386.75,
            488.4,
            426.7,
            343.22,
            561.55,
            577.06,
            387.87,
            512.66,
            389.7,
            480.1,
            419.96,
            433.25,
            388.19,
            338.19,
            568.81,
            null,
            462.32,
            423.65,
            451.53,
            408.27,
            361.06,
            390.61,
            325.7,
            349.18
        ],
        [
            364.26,
            551.27,
            484.7,
            444.99,
            351.94,
            435.12,
            532.75,
            450.96,
            515.62,
            531.07,
            482.28,
            531.51,
            545.4,
            323.71,
            330.57,
            459.07,
            498.76,
            384.42,
            506.72,
            389.96,
            475.98,
            381.19,
            null,
            539.11,
            366.63,
            343.6,
            561.79,
            554.09,
            475.98,
            361.97
        ],
        [
            363.3,
            403.88,
            413.58,
            334.35,
            395.71,
            342.05,
            452.93,
            484.7,
            462.13,
            574.05,
            467.71,
            498.04,
            368.83,
            528.9,
            507.8,
            449.23,
            516.66,
            416.69,
            478.55,
            565.52,
            446.9,
            502.17,
            324.82,
            null,
            441.35,
            428.64,
            472.5,
            409.23,
            371.97,
            336.41
        ],
        [
            523.92,
            558.39,
            488.15,
            578.85,
            491.1,
            499.36,
            496.29,
            487.01,
            541.2,
            465.19,
            528.17,
            444.43,
            525.74,
            323.94,
            357.85,
            501.4,
            558.22,
            505.68,
            447.74,
            528.33,
            407.58,
            440.56,
            331.77,
            516.89,
            null,
            471.18,
            521.69,
            351.63,
            479.05,
            412.87
        ],
        [
            482.2,
            571.33,
            369.06,
            500.91,
            546.98,
            529.13,
            385.61,
            566.67,
            519.1,
            422.98,
            342.62,
            385.13,
            438.26,
            501.31,
            562.67,
            343.39,
            568.63,
            434.48,
            441.33,
            537.65,
            461.94,
            577.69,
            542.28,
            501.59,
            487.94,
            null,
            480.28,
            538.47,
            440.31,
            547.75
        ],
        [
            341.55,
            456.85,
            328.39,
            390.06,
            359.98,
            505.45,
            373.81,
            445.87,
            488.76,
            430.37,
            405.99,
            381.4,
            375.83,
            560.31,
            576.71,
            335.34,
            486.56,
            401.63,
            497.53,
            471.16,
            416.02,
            509.38,
            572.91,
            369.74,
            552.85,
            385.58,
            null,
            415.55,
            452.87,
            490.88
        ],
        [
            457.93,
            362.83,
            440.66,
            545.14,
            346.74,
            538.73,
            490.91,
            352.62,
            334.04,
            438.16,
            427.99,
            441.57,
            514.99,
            481.85,
            330.88,
            567.54,
            321.06,
            390.86,
            377.67,
            366.57,
            476.81,
            500.18,
            340.47,
            369.91,
            576.6,
            353.65,
            444.24,
            null,
            338.77,
            328.01
        ],
        [
            469.37,
            461.37,
            473.15,
            362.3,
            479.52,
            435.62,
            516.03,
            387.48,
            453.88,
            377.68,
            549.88,
            331.02,
            559.06,
            386.91,
            458.32,
            443.51,
            480.46,
            412.95,
            369.41,
            392.24,
            381.53,
            500.35,
            395.7,
            444.23,
            539.05,
            553.26,
            436.6,
            447.16,
            null,
            489.92
        ],
        [
            356.09,
            508.83,
            470.75,
            329.05,
            440.0,
            549.94,
            423.9,
            472.31,
            516.84,
            449.61,
            536.54,
            527.22,
            526.85,
            537.09,
            551.21,
            404.33,
            373.84,
            408.8,
            483.81,
            482.73,
            556.27,
            519.08,
            561.73,
            407.45,
            507.6,
            530.26,
            524.46,
            474.71,
            472.06,
            null
        ]
    ],
    "tempos_processamento": [
        4727.51,
        4465.69,
        4266.94,
        4745.57,
        4618.83,
        4630.93,
        4606.0,
        4371.48,
        4549.24,
        4410.38,
        4505.95,
        4561.87,
        4468.88,
        4595.5,
        4634.37,
        4235.11,
        4421.43,
        4426.92,
        4685.75,
        4236.94,
        4701.84,
        4487.48,
        4435.71,
        4394.12,
        4695.33,
        4252.82,
        4308.21,
        4384.45,
        4399.9,
        4478.04
    ],
    "ready_times": [
        4.24,
        5980.9,
        5687.74,
        940.74,
        7684.35,
        4223.98,
        8123.75,
        3997.7,
        9481.22,
        8211.8,
        8055.06,
        0.0,
        7168.35,
        2723.08,
        2807.47,
        7366.33,
        9063.64,
        2788.84,
        8015.96,
        1676.73,
        6664.84,
        6562.61,
        6031.52,
        5539.8,
        1266.32,
        390.16,
        6593.46,
        2018.04,
        7017.65,
        4254.41
    ]
}