{
    "configuracao": {
        "codigo_cenario": "HLHHHHL",
        "nivel_ready_time": "alta",
        "variabilidade_processamento": "baixa",
        "media_processamento": "alta",
        "estrutura_setup": "assimetrica",
        "variabilidade_setup": "alta",
        "n_maquinas": 10,
        "n_medio_jobs_maquina": 3,
        "n_jobs": 30
    },
    "matriz_setup": [
        [
            null,
            532.88,
            477.19,
            429.27,
            416.64,
            358.24,
            348.33,
            407.26,
            448.9,
            497.63,
            410.09,
            441.84,
            335.96,
            517.2,
            497.08,
            528.23,
            518.22,
            336.82,
            517.5,
            471.01,
            454.11,
            323.74,
            489.97,
            563.47,
            365.05,
            508.74,
            452.65,
            352.29,
            400.7,
            424.64
        ],
        [
            562.65,
            null,
            320.67,
            341.68,
            531.56,
            448.05,
            478.18,
            385.87,
            465.13,
            525.07,
            327.93,
            471.01,
            349.69,
            491.65,
            327.46,
            428.87,
            450.23,
            446.21,
            535.6,
            553.92,
            426.03,
            519.42,
            410.94,
            562.84,
            353.85,
            431.04,
            578.54,
            430.82,
            428.34,
            561.19
        ],
        [
            562.77,
            398.1,
            null,
            340.37,
            501.46,
            511.15,
            340.65,
            325.42,
            438.18,
            415.12,
            483.57,
            548.25,
            488.6,
            426.64,
            555.63,
            459.97,
            392.52,
            480.72,
            505.34,
            551.89,
            452.54,
            479.22,
            325.71,
            345.64,
            400.29,
            559.57,
            491.17,
            535.81,
            549.96,
            411.89
        ],
        [
            500.17,
            362.77,
            485.5,
            null,
            508.2,
            368.06,
            366.12,
            347.33,
            477.02,
            432.81,
            389.99,
            415.24,
            486.02,
            437.64,
            410.31,
            534.17,
            399.13,
            465.45,
            379.54,
            527.54,
            575.72,
            373.94,
            504.64,
            429.43,
            396.31,
            551.85,
            438.24,
            492.1,
            554.65,
            572.57
        ],
        [
            522.05,
            539.22,
            393.51,
            443.07,
            null,
            452.78,
            374.04,
            525.64,
            478.49,
            464.51,
            555.83,
            367.33,
            559.71,
            430.55,
            439.32,
            355.99,
            437.23,
            570.21,
            563.66,
            358.94,
            377.6,
            462.18,
            520.33,
            348.63,
            430.16,
            479.55,
            569.85,
            435.51,
            353.27,
            465.72
        ],
        [
            359.8,
            578.44,
            576.54,
            558.0,
            406.47,
            null,
            333.8,
            498.52,
            564.34,
            533.4,
            501.27,
            483.08,
            542.09,
            428.37,
            353.03,
            565.21,
            468.14,
            577.05,
            347.71,
            525.63,
            493.87,
            475.01,
            509.97,
            453.66,
            343.18,
            369.25,
            486.48,
            539.93,
            514.8,
            533.1
        ],
        [
            493.34,
            529.95,
            496.58,
            530.59,
            358.4,
            503.58,
            null,
            343.02,
            411.52,
            365.41,
            352.15,
            562.06,
            491.04,
            439.5,
            336.79,
            462.56,
            403.52,
            343.03,
            518.85,
            530.32,
            398.29,
            429.64,
            343.86,
            421.57,
            514.29,
            458.11,
            351.65,
            520.57,
            328.73,
            552.7
        ],
        [
            472.79,
            433.06,
            455.46,
            448.4,
            427.18,
            423.12,
            320.45,
            null,
            331.75,
            488.82,
            461.19,
            368.31,
            417.23,
            521.83,
            519.06,
            577.2,
            524.59,
            407.74,
            378.42,
            461.49,
            578.55,
            364.01,
            572.28,
            493.81,
            395.9,
            513.31,
            357.42,
            443.42,
            442.16,
            336.51
        ],
        [
            468.92,
            572.94,
            541.04,
            487.37,
            574.82,
            518.29,
            479.0,
            351.18,
            null,
            369.47,
            376.87,
            452.79,
            322.13,
            575.94,
            500.76,
            413.17,
            351.28,
            337.23,
            411.22,
            469.41,
            322.9,
            488.13,
            496.0,
            559.32,
            391.79,
            421.56,
            507.87,
            421.38,
            541.93,
            471.28
        ],
        [
            428.12,
            432.35,
            343.24,
            470.19,
            521.77,
            461.83,
            499.7,
            473.25,
            337.94,
            null,
            512.36,
            488.46,
            387.94,
            341.61,
            477.27,
            549.45,
            501.91,
            545.66,
            512.39,
            366.41,
            442.72,
            445.75,
            369.46,
            518.24,
            326.15,
            409.41,
            463.49,
            385.83,
            402.39,
            438.13
        ],
        [
            476.03,
            519.05,
            371.03,
            469.41,
            437.56,
            504.95,
            401.83,
            425.01,
            567.32,
            549.4,
            null,
            382.06,
            501.34,
            351.46,
            516.66,
            320.42,
            520.13,
            398.9,
            436.72,
            454.93,
            550.78,
            463.5,
            326.74,
            454.9,
            471.92,
            492.9,
            436.33,
            380.71,
            348.49,
            549.31
        ],
        [
            486.28,
            354.97,
            323.66,
            426.21,
            378.66,
            434.46,
            568.58,
            381.58,
            500.22,
            474.08,
            570.16,
            null,
            419.24,
            347.01,
            466.39,
            473.97,
            459.21,
            523.45,
            393.39,
            439.8,
            552.23,
            515.78,
            358.04,
            553.39,
            392.66,
            377.05,
            323.87,
            372.05,
            393.39,
            522.01
        ],
        [
            395.42,
            459.34,
            340.58,
            518.16,
            369.09,
            468.54,
            423.29,
            527.1,
            443.3,
            375.78,
            509.56,
            448.79,
            null,
            541.02,
            425.75,
            544.75,
            420.54,
            342.33,
            400.2,
            533.32,
            409.27,
            489.9,
            558.0,
            511.31,
            450.18,
            445.1,
            420.78,
            371.75,
            474.64,
            458.08
        ],
        [
            499.97,
            374.17,
            472.21,
            503.37,
            364.44,
            386.61,
            529.85,
            433.17,
            487.53,
            514.5,
            451.25,
            503.68,
            511.2,
            null,
            364.93,
            472.39,
            579.45,
            447.42,
            393.03,
            398.4,
            379.71,
            446.81,
            415.74,
            328.66,
            368.45,
            454.65,
            561.16,
            321.38,
            574.6,
            410.1
        ],
        [
            508.31,
            435.75,
            353.98,
            555.43,
            525.65,
            377.17,
            400.68,
            533.02,
            447.87,
            426.53,
            370.94,
            331.65,
            370.96,
            457.8,
            null,
            480.32,
            422.31,
            426.61,
            365.6,
            386.28,
            476.29,
            348.29,
            500.65,
            399.63,
            417.42,
            508.76,
            346.88,
            518.15,
            565.72,
            366.7
        ],
        [
            352.87,
            440.6,
            575.54,
            448.81,
            334.76,
            356.21,
            579.58,
            323.36,
            333.32,
            557.32,
            488.95,
            543.37,
            369.94,
            376.14,
            418.26,
            null,
            574.86,
            376.25,
            337.76,
            370.72,
            358.41,
            499.69,
            336.55,
            445.94,
            414.57,
            343.71,
            513.73,
            515.56,
            467.33,
            351.86
        ],
        [
            365.65,
            399.45,
            556.6,
            362.55,
            535.71,
            341.44,
            492.79,
            481.43,
            479.45,
            457.69,
            428.51,
            395.73,
            359.47,
            555.04,
            578.59,
            543.44,
            null,
            417.84,
            444.33,
            377.45,
            367.9,
            402.37,
            500.43,
            473.81,
            370.13,
            413.29,
            419.66,
            543.16,
            352.03,
            481.33
        ],
        [
            484.06,
            333.56,
            433.19,
            402.57,
            430.91,
            551.94,
            512.86,
            490.45,
            334.58,
            495.76,
            364.94,
            450.02,
            551.68,
            547.77,
            366.99,
            467.19,
            417.53,
            null,
            487.56,
            379.69,
            436.8,
            347.63,
            480.07,
            350.92,
            490.7,
            535.57,
            505.83,
            430.83,
            522.38,
            561.29
        ],
        [
            373.24,
            430.24,
            331.53,
            570.43,
            506.46,
            415.08,
            392.87,
            406.2,
            329.88,
            499.31,
            516.93,
            434.01,
            540.26,
            398.82,
            375.17,
            472.33,
            566.08,
            363.78,
            null,
            407.03,
            392.04,
            325.48,
            505.24,
            568.65,
            519.66,
            428.53,
            571.78,
            481.3,
            323.27,
            420.47
        ],
        [
            481.12,
            361.01,
            367.07,
            419.4,
            333.0,
            349.44,
            329.84,
            418.47,
            513.73,
            476.36,
            396.22,
            422.08,
            556.24,
            509.78,
            569.44,
            535.67,
            469.28,
            551.0,
            362.14,
            null,
            576.59,
            534.72,
            575.25,
            540.17,
            573.62,
            538.11,
            511.96,
            387.37,
            564.06,
            501.98
        ],
        [
            562.93,
            360.3,
            382.42,
            477.88,
            392.08,
            463.76,
            409.64,
            528.3,
            481.02,
            558.86,
            566.16,
            343.38,
            327.1,
            496.91,
            324.77,
            454.85,
            357.75,
            389.83,
            523.1,
            432.29,
            null,
            448.86,
            473.47,
            566.53,
            483.55,
            381.02,
            335.82,
            351.95,
            336.59,
            324.62
        ],
        [
            421.74,
            409.82,
            409.6,
            548.37,
            491.42,
            512.51,
            516.19,
            448.7,
            362.56,
            374.96,
            524.04,
            359.86,
            471.92,
            573.84,
            489.97,
            365.34,
            459.65,
            534.39,
            578.72,
            577.51,
            347.91,
            null,
            403.03,
            329.48,
            360.94,
            423.21,
            440.2,
            484.05,
            506.69,
            394.56
        ],
        [
            388.02,
            419.52,
            369.59,
            399.14,
            385.06,
            530.81,
            419.58,
            568.63,
            566.32,
            578.76,
            559.25,
            514.9,
            426.88,
            510.51,
            551.8,
            504.16,
            496.64,
            571.55,
            520.03,
            387.55,
            550.69,
            425.56,
            null,
            434.32,
            409.35,
            392.97,
            452.65,
            518.35,
            504.22,
            351.06
        ],
        [
            320.45,
            371.25,
            365.8,
            546.65,
            369.69,
            538.99,
            435.76,
            555.22,
            388.27,
            389.74,
            433.93,
            427.16,
            337.82,
            433.97,
            363.0,
            383.55,
            410.34,
            422.41,
            539.69,
            525.45,
            564.92,
            467.66,
            440.7,
            null,
            524.28,
            551.17,
            543.4,
            440.25,
            408.73,
            446.74
        ],
        [
            375.43,
            341.64,
            375.09,
            388.49,
            567.04,
            542.57,
            486.88,
            423.38,
            496.54,
            572.56,
            328.39,
            497.24,
            566.0,
            353.32,
            474.67,
            403.74,
            560.95,
            458.24,
            333.83,
            461.94,
            458.09,
            463.5,
            418.49,
            422.86,
            null,
            360.65,
            322.17,
            550.42,
            577.84,
            435.49
        ],
        [
            397.24,
            406.68,
            556.91,
            520.65,
            409.28,
            358.61,
            445.56,
            554.81,
            422.79,
            561.18,
            446.7,
            450.73,
            370.2,
            353.18,
            347.76,
            391.9,
            451.21,
            455.8,
            499.6,
            446.06,
            485.41,
            452.43,
            394.74,
            447.07,
            502.29,
            null,
            403.22,
            488.74,
            542.99,
            460.31
        ],
        [
            426.97,
            501.53,
            386.83,
            508.2,
            536.54,
            478.7,
            421.4,
            570.59,
            413.51,
            454.23,
            445.87,
            531.42,
            393.5,
            354.87,
            321.87,
            460.79,
            349.41,
            553.5,
            462.43,
            454.07,
            420.84,
            383.03,
            338.0,
            393.94,
            524.58,
            425.45,
            null,
            570.05,
            445.4,
            401.86
        ],
        [
            427.7,
            543.5,
            367.5,
            402.76,
            480.08,
            421.27,
            400.35,
            473.66,
            387.06,
            345.24,
            557.24,
            362.48,
            545.79,
            422.04,
            421.67,
            526.78,
            336.9,
            480.31,
            463.39,
            369.37,
            463.2,
            481.19,
            553.13,
            416.05,
            438.24,
            411.0,
            414.81,
            null,
            546.23,
            470.59
        ],
        [
            353.84,
            551.25,
            567.84,
            366.66,
            352.5,
            432.57,
            405.05,
            321.72,
            480.35,
            435.63,
            341.72,
            542.27,
            553.11,
            470.96,
            357.76,
            371.49,
            345.69,
            498.05,
            377.19,
            445.01,
            333.66,
            478.43,
            536.84,
            485.59,
            400.54,
            397.25,
            554.08,
            487.44,
            null,
            577.73
        ],
        [
            383.34,
            424.62,
            459.14,
            478.79,
            444.71,
            424.5,
            374.33,
            549.48,
            475.76,
            531.82,
            381.52,
            533.36,
            407.06,
            359.55,
            330.43,
            391.02,
            370.91,
            472.8,
            367.45,
            451.63,
            543.12,
            515.39,
            480.03,
            399.23,
            436.73,
            424.74,
            382.92,
            550.9,
            407.42,
            null
        ]
    ],
    "tempos_processamento": [
        4457.3,
        4456.17,
        4681.19,
        4263.01,
        4599.42,
        4244.52,
        4499.79,
        4322.57,
        4603.12,
        4752.83,
        4712.32,
        4328.9,
        4396.9,
        4502.91,
        4323.07,
        4422.1,
        4746.54,
        4592.01,
        4245.5,
        4658.11,
        4231.94,
        4669.52,
        4230.64,
        4668.63,
        4375.1,
        4648.46,
        4411.36,
        4684.91,
        4456.23,
        4307.69
    ],
    "ready_times": [
        7429.69,
        5253.3,
        0.0,
        5818.56,
        4470.76,
        1253.22,
        7065.56,
        6400.8,
        549.61,
        8599.53,
        1227.62,
        4089.25,
        9547.47,
        7709.08,
        4456.24,
        6887.7,
        3167.03,
        5450.69,
        9799.85,
        8183.22,
        8083.3,
        8274.35,
        4358.86,
        2246.58,
        4285.92,
        1981.17,
        3505.38,
        5473.43,
        1687.35,
        6024.99
    ]
}