{
    "configuracao": {
        "codigo_cenario": "HLHHHHL",
        "nivel_ready_time": "alta",
        "variabilidade_processamento": "baixa",
        "media_processamento": "alta",
        "estrutura_setup": "assimetrica",
        "variabilidade_setup": "alta",
        "n_maquinas": 10,
        "n_medio_jobs_maquina": 3,
        "n_jobs": 30
    },
    "matriz_setup": [
        [
            null,
            479.45,
            359.51,
            382.27,
            487.25,
            420.55,
            425.81,
            494.27,
            436.08,
            412.08,
            414.11,
            476.15,
            530.58,
            412.56,
            472.94,
            404.69,
            390.37,
            502.99,
            488.94,
            519.07,
            516.4,
            519.84,
            540.0,
            434.14,
            530.49,
            470.71,
            560.72,
            451.17,
            568.3,
            405.34
        ],
        [
            331.48,
            null,
            392.24,
            325.18,
            408.74,
            369.81,
            506.45,
            344.56,
            492.36,
            529.14,
            378.37,
            446.7,
            461.36,
            579.09,
            569.49,
            358.43,
            354.61,
            479.96,
            549.64,
            481.91,
            345.49,
            504.98,
            469.8,
            567.28,
            533.89,
            440.76,
            398.13,
            321.89,
            573.78,
            501.79
        ],
        [
            550.08,
            418.59,
            null,
            528.45,
            408.42,
            383.48,
            508.67,
            429.48,
            402.86,
            519.41,
            356.72,
            409.64,
            519.63,
            407.7,
            548.04,
            431.91,
            438.37,
            396.38,
            339.72,
            410.76,
            549.01,
            492.91,
            476.26,
            544.74,
            460.82,
            359.11,
            497.38,
            524.07,
            456.36,
            405.98
        ],
        [
            364.47,
            369.64,
            471.13,
            null,
            423.2,
            563.71,
            501.74,
            340.93,
            494.29,
            572.35,
            441.28,
            420.12,
            408.16,
            424.25,
            472.29,
            483.55,
            543.77,
            392.19,
            423.98,
            535.43,
            497.2,
            320.49,
            560.85,
            578.55,
            518.88,
            514.48,
            388.8,
            459.38,
            321.03,
            545.63
        ],
        [
            509.2,
            495.07,
            532.68,
            394.35,
            null,
            524.63,
            371.52,
            394.7,
            546.11,
            513.28,
            357.49,
            529.15,
            432.72,
            443.22,
            362.24,
            476.05,
            370.62,
            401.67,
            544.42,
            579.9,
            442.64,
            579.27,
            423.92,
            575.64,
            511.71,
            334.11,
            449.47,
            579.18,
            558.09,
            353.62
        ],
        [
            499.79,
            556.46,
            466.6,
            541.66,
            380.93,
            null,
            349.76,
            483.8,
            398.67,
            561.71,
            343.92,
            376.77,
            500.92,
            397.72,
            402.98,
            346.49,
            569.73,
            550.88,
            467.07,
            469.43,
            387.03,
            427.69,
            501.42,
            502.36,
            412.1,
            537.34,
            519.78,
            380.8,
            351.21,
            567.88
        ],
        [
            465.36,
            557.36,
            566.08,
            338.84,
            346.96,
            501.51,
            null,
            356.86,
            484.2,
            334.94,
            359.41,
            422.98,
            367.47,
            357.03,
            466.43,
            410.52,
            420.54,
            467.26,
            405.93,
            478.43,
            535.06,
            493.82,
            333.11,
            480.7,
            497.35,
            575.98,
            566.94,
            356.37,
            450.1,
            446.31
        ],
        [
            412.76,
            368.05,
            512.33,
            477.92,
            423.88,
            532.31,
            433.93,
            null,
            565.56,
            366.6,
            526.42,
            512.32,
            347.42,
            385.74,
            529.94,
            472.09,
            543.61,
            409.49,
            504.62,
            462.96,
            349.25,
            479.52,
            542.96,
            388.51,
            576.32,
            339.7,
            404.55,
            407.21,
            548.94,
            447.0
        ],
        [
            473.09,
            519.18,
            465.65,
            529.35,
            371.11,
            460.93,
            483.05,
            328.55,
            null,
            441.6,
            543.49,
            528.84,
            360.78,
            487.19,
            482.77,
            411.45,
            376.94,
            436.19,
            497.89,
            400.7,
            434.83,
            528.88,
            530.44,
            381.91,
            438.38,
            447.61,
            328.42,
            418.1,
            567.09,
            335.46
        ],
        [
            555.57,
            574.49,
            531.46,
            412.87,
            483.16,
            506.58,
            378.06,
            367.54,
            456.87,
            null,
            321.62,
            468.0,
            511.12,
            549.38,
            369.32,
            462.82,
            539.54,
            508.63,
            368.08,
            528.2,
            380.72,
            323.84,
            325.23,
            325.99,
            400.68,
            564.26,
            438.82,
            429.94,
            513.98,
            354.28
        ],
        [
            549.14,
            451.17,
            334.92,
            488.94,
            471.54,
            390.79,
            557.5,
            348.79,
            545.11,
            486.3,
            null,
            355.77,
            444.38,
            557.92,
            475.87,
            361.32,
            548.75,
            325.1,
            563.15,
            456.77,
            372.61,
            545.55,
            444.3,
            327.99,
            395.55,
            430.02,
            534.71,
            526.57,
            388.97,
            456.63
        ],
        [
            555.53,
            513.4,
            327.01,
            453.28,
            322.26,
            515.89,
            320.36,
            411.91,
            478.43,
            543.41,
            363.28,
            null,
            410.06,
            517.8,
            544.13,
            381.82,
            364.68,
            562.68,
            382.45,
            421.11,
            560.7,
            358.44,
            563.38,
            509.4,
            446.16,
            564.86,
            535.61,
            492.69,
            423.96,
            414.63
        ],
        [
            428.0,
            544.99,
            384.87,
            407.22,
            512.83,
            458.27,
            408.47,
            376.72,
            332.77,
            360.29,
            541.82,
            447.57,
            null,
            339.39,
            483.33,
            567.08,
            556.26,
            534.15,
            390.55,
            354.16,
            534.65,
            367.22,
            557.8,
            485.81,
            558.1,
            485.75,
            558.96,
            475.66,
            468.93,
            489.32
        ],
        [
            560.97,
            453.47,
            402.66,
            442.81,
            325.91,
            390.59,
            559.97,
            523.12,
            548.83,
            523.53,
            403.61,
            326.98,
            540.06,
            null,
            395.81,
            479.44,
            554.78,
            566.32,
            524.81,
            513.85,
            572.96,
            343.43,
            535.77,
            369.34,
            504.62,
            367.95,
            321.61,
            474.87,
            408.65,
            506.86
        ],
        [
            506.54,
            533.57,
            529.78,
            359.7,
            503.21,
            497.61,
            325.86,
            454.73,
            362.53,
            576.43,
            573.49,
            465.69,
            460.68,
            380.75,
            null,
            527.99,
            323.82,
            514.69,
            351.59,
            509.77,
            415.9,
            506.68,
            503.23,
            507.0,
            436.02,
            574.09,
            424.71,
            351.42,
            552.38,
            438.1
        ],
        [
            399.84,
            445.68,
            512.14,
            402.54,
            503.26,
            484.77,
            329.59,
            396.37,
            544.48,
            481.75,
            382.46,
            461.1,
            453.86,
            357.81,
            361.54,
            null,
            490.61,
            461.25,
            558.8,
            398.42,
            513.74,
            571.32,
            565.98,
            399.36,
            464.97,
            337.84,
            339.72,
            416.77,
            457.26,
            366.66
        ],
        [
            414.78,
            562.4,
            383.65,
            511.08,
            370.8,
            560.88,
            512.81,
            342.69,
            543.39,
            393.24,
            341.55,
            530.66,
            428.7,
            431.24,
            461.42,
            407.88,
            null,
            402.94,
            540.8,
            489.34,
            561.06,
            372.65,
            448.5,
            541.76,
            359.96,
            322.82,
            501.09,
            421.45,
            419.15,
            552.56
        ],
        [
            479.59,
            364.69,
            562.04,
            480.87,
            469.31,
            551.95,
            453.31,
            510.26,
            350.81,
            554.3,
            435.03,
            522.64,
            573.61,
            334.22,
            499.99,
            386.88,
            496.42,
            null,
            511.08,
            424.09,
            355.92,
            372.82,
            445.26,
            476.31,
            367.55,
            346.24,
            516.76,
            399.98,
            430.84,
            551.98
        ],
        [
            367.73,
            518.92,
            387.11,
            445.26,
            416.34,
            342.63,
            327.75,
            324.39,
            470.04,
            471.28,
            516.12,
            411.72,
            347.02,
            452.51,
            383.66,
            442.41,
            441.02,
            521.35,
            null,
            513.74,
            387.71,
            455.45,
            431.34,
            442.13,
            520.34,
            395.16,
            436.08,
            573.73,
            475.23,
            535.38
        ],
        [
            396.73,
            503.26,
            488.77,
            381.38,
            375.73,
            349.63,
            329.96,
            541.5,
            389.49,
            437.69,
            412.22,
            545.97,
            337.18,
            322.3,
            518.24,
            378.27,
            569.87,
            477.09,
            526.58,
            null,
            515.32,
            470.51,
            408.51,
            389.46,
            461.42,
            537.73,
            549.9,
            408.5,
            435.6,
            493.83
        ],
        [
            400.32,
            511.12,
            543.79,
            376.04,
            522.72,
            495.43,
            366.6,
            398.82,
            345.97,
            507.3,
            512.56,
            453.33,
            333.9,
            411.96,
            331.69,
            350.67,
            576.96,
            511.55,
            430.68,
            562.83,
            null,
            354.04,
            494.84,
            492.51,
            390.62,
            487.36,
            534.78,
            321.62,
            352.53,
            455.93
        ],
        [
            322.59,
            574.79,
            501.25,
            378.24,
            528.02,
            539.6,
            374.69,
            485.57,
            394.0,
            346.11,
            356.27,
            469.33,
            477.58,
            420.4,
            570.61,
            447.56,
            496.34,
            487.77,
            566.38,
            526.73,
            553.57,
            null,
            429.27,
            469.07,
            534.83,
            478.98,
            382.01,
            511.25,
            476.37,
            527.59
        ],
        [
            521.74,
            507.22,
            428.11,
            423.89,
            568.65,
            561.8,
            367.11,
            465.67,
            322.88,
            486.41,
            365.14,
            416.88,
            511.76,
            531.07,
            543.27,
            508.03,
            530.6,
            373.99,
            325.85,
            371.64,
            399.02,
            321.23,
            null,
            545.36,
            518.11,
            344.15,
            564.31,
            522.53,
            548.36,
            375.83
        ],
        [
            357.23,
            359.86,
            320.27,
            498.74,
            531.39,
            432.39,
            498.78,
            442.65,
            520.07,
            367.33,
            477.07,
            368.76,
            384.2,
            402.74,
            486.84,
            455.27,
            416.62,
            356.53,
            400.09,
            432.96,
            322.06,
            340.48,
            547.43,
            null,
            481.79,
            552.24,
            350.48,
            506.25,
            394.32,
            389.52
        ],
        [
            413.03,
            371.98,
            457.0,
            482.13,
            530.07,
            405.43,
            552.28,
            369.64,
            330.25,
            447.0,
            385.73,
            384.65,
            334.51,
            536.29,
            525.73,
            431.11,
            545.32,
            539.41,
            533.83,
            359.27,
            359.39,
            415.36,
            377.78,
            490.42,
            null,
            401.12,
            423.96,
            454.57,
            508.66,
            355.21
        ],
        [
            399.69,
            496.3,
            341.58,
            473.69,
            428.98,
            462.5,
            476.73,
            350.89,
            489.39,
            404.44,
            507.7,
            462.15,
            352.78,
            480.51,
            387.05,
            356.52,
            475.34,
            492.28,
            509.76,
            516.23,
            388.5,
            524.29,
            558.74,
            405.53,
            546.89,
            null,
            462.11,
            477.68,
            468.09,
            490.68
        ],
        [
            321.12,
            420.97,
            483.95,
            552.16,
            440.53,
            440.44,
            435.98,
            339.92,
            462.88,
            452.51,
            562.9,
            567.29,
            474.23,
            409.72,
            542.18,
            390.67,
            505.97,
            382.7,
            321.06,
            440.78,
            535.74,
            451.22,
            565.01,
            331.37,
            357.96,
            538.85,
            null,
            571.97,
            521.15,
            479.31
        ],
        [
            463.7,
            561.55,
            516.93,
            531.73,
            384.05,
            437.24,
            345.05,
            456.23,
            562.86,
            515.82,
            547.87,
            505.37,
            401.11,
            395.21,
            548.68,
            328.94,
            559.32,
            469.65,
            569.86,
            382.34,
            331.54,
            495.66,
            507.47,
            498.95,
            564.81,
            386.27,
            517.63,
            null,
            547.75,
            358.34
        ],
        [
            413.4,
            515.51,
            474.55,
            564.99,
            326.08,
            555.07,
            571.32,
            407.5,
            439.98,
            393.37,
            385.22,
            572.8,
            469.48,
            568.47,
            570.59,
            494.65,
            579.47,
            371.22,
            510.58,
            501.31,
            505.78,
            556.94,
            565.94,
            418.51,
            569.26,
            521.32,
            538.37,
            493.67,
            null,
            321.52
        ],
        [
            357.84,
            486.41,
            425.64,
            438.74,
            429.72,
            343.99,
            482.75,
            424.1,
            433.95,
            560.04,
            504.57,
            540.32,
            531.71,
            489.14,
            456.11,
            523.82,
            499.49,
            324.72,
            430.95,
            573.59,
            370.0,
            417.23,
            397.65,
            330.34,
            545.18,
            482.87,
            533.91,
            503.24,
            552.26,
            null
        ]
    ],
    "tempos_processamento": [
        4690.27,
        4313.03,
        4709.62,
        4727.57,
        4256.7,
        4692.75,
        4674.06,
        4357.42,
        4638.77,
        4468.47,
        4275.76,
        4626.53,
        4306.27,
        4609.99,
        4556.75,
        4590.13,
        4662.26,
        4409.9,
        4763.93,
        4419.02,
        4722.88,
        4413.53,
        4577.55,
        4663.39,
        4485.25,
        4559.61,
        4381.04,
        4698.03,
        4747.2,
        4334.3
    ],
    "ready_times": [
        2166.35,
        2046.3,
        4354.19,
        4019.75,
        6798.74,
        297.36,
        2087.64,
        6651.26,
        2657.8,
        0.0,
        2642.81,
        8395.23,
        4745.86,
        3023.23,
        1999.06,
        6794.42,
        5609.08,
        1773.57,
        5030.13,
        542.37,
        2874.06,
        7369.57,
        7436.74,
        2486.63,
        2430.87,
        1337.18,
        12.06,
        1359.55,
        944.95,
        6763.12
    ]
}