{
    "configuracao": {
        "codigo_cenario": "HLHLLHL",
        "nivel_ready_time": "alta",
        "variabilidade_processamento": "baixa",
        "media_processamento": "alta",
        "estrutura_setup": "simetrica",
        "variabilidade_setup": "baixa",
        "n_maquinas": 10,
        "n_medio_jobs_maquina": 3,
        "n_jobs": 30
    },
    "matriz_setup": [
        [
            null,
            439.14,
            457.01,
            507.44,
            469.0,
            506.45,
            511.4,
            450.54,
            413.08,
            512.07,
            453.51,
            400.76,
            500.52,
            448.46,
            500.51,
            503.57,
            402.95,
            496.32,
            487.77,
            487.22,
            447.93,
            393.21,
            413.0,
            509.74,
            494.54,
            450.65,
            490.68,
            403.26,
            427.53,
            467.13
        ],
        [
            439.14,
            null,
            423.55,
            468.65,
            507.23,
            417.46,
            506.37,
            420.53,
            409.68,
            406.36,
            484.74,
            418.86,
            507.9,
            492.88,
            425.06,
            412.33,
            471.36,
            448.47,
            408.52,
            511.13,
            484.02,
            468.64,
            505.49,
            432.37,
            454.8,
            413.28,
            491.41,
            431.1,
            396.99,
            443.02
        ],
        [
            457.01,
            423.55,
            null,
            403.21,
            462.25,
            478.06,
            514.84,
            484.02,
            391.83,
            480.93,
            425.35,
            460.55,
            443.88,
            514.19,
            462.21,
            487.15,
            455.31,
            444.24,
            500.39,
            403.48,
            489.79,
            504.51,
            393.7,
            428.9,
            424.28,
            459.63,
            474.19,
            464.16,
            416.81,
            437.02
        ],
        [
            507.44,
            468.65,
            403.21,
            null,
            444.2,
            500.17,
            419.59,
            450.32,
            391.53,
            407.11,
            394.46,
            493.97,
            474.38,
            507.15,
            479.61,
            495.91,
            457.4,
            447.54,
            416.54,
            385.34,
            478.06,
            512.79,
            466.62,
            387.3,
            489.04,
            432.85,
            510.93,
            500.46,
            450.13,
            503.24
        ],
        [
            469.0,
            507.23,
            462.25,
            444.2,
            null,
            494.78,
            491.59,
            497.1,
            419.07,
            471.92,
            481.6,
            405.7,
            514.77,
            410.47,
            410.16,
            401.02,
            500.61,
            510.06,
            427.69,
            488.62,
            472.67,
            426.7,
            457.13,
            440.97,
            388.34,
            500.7,
            467.26,
            417.54,
            445.27,
            511.45
        ],
        [
            506.45,
            417.46,
            478.06,
            500.17,
            494.78,
            null,
            428.01,
            481.91,
            471.01,
            395.58,
            463.92,
            491.16,
            440.29,
            422.75,
            422.05,
            472.19,
            454.74,
            431.66,
            477.61,
            421.66,
            411.32,
            477.32,
            469.28,
            485.84,
            482.53,
            454.69,
            457.29,
            423.96,
            420.76,
            407.42
        ],
        [
            511.4,
            506.37,
            514.84,
            419.59,
            491.59,
            428.01,
            null,
            424.35,
            387.49,
            483.39,
            452.99,
            484.46,
            461.05,
            445.0,
            393.88,
            468.94,
            501.65,
            432.33,
            503.63,
            508.52,
            445.09,
            480.94,
            448.53,
            475.33,
            395.89,
            458.68,
            403.12,
            501.19,
            483.7,
            397.98
        ],
        [
            450.54,
            420.53,
            484.02,
            450.32,
            497.1,
            481.91,
            424.35,
            null,
            470.75,
            467.66,
            486.14,
            404.45,
            416.24,
            442.25,
            497.36,
            489.99,
            408.89,
            389.94,
            420.2,
            498.85,
            418.96,
            500.47,
            441.14,
            388.53,
            406.52,
            457.25,
            459.35,
            462.75,
            448.35,
            388.09
        ],
        [
            413.08,
            409.68,
            391.83,
            391.53,
            419.07,
            471.01,
            387.49,
            470.75,
            null,
            452.6,
            465.39,
            502.6,
            464.26,
            433.47,
            416.03,
            429.85,
            454.13,
            472.97,
            500.29,
            469.65,
            415.36,
            510.52,
            447.7,
            451.05,
            439.87,
            389.23,
            508.47,
            480.4,
            393.82,
            494.02
        ],
        [
            512.07,
            406.36,
            480.93,
            407.11,
            471.92,
            395.58,
            483.39,
            467.66,
            452.6,
            null,
            431.04,
            441.57,
            507.12,
            406.46,
            466.64,
            413.99,
            450.17,
            442.55,
            483.5,
            422.27,
            407.56,
            464.65,
            398.72,
            513.06,
            403.65,
            427.59,
            455.71,
            465.77,
            509.0,
            407.91
        ],
        [
            453.51,
            484.74,
            425.35,
            394.46,
            481.6,
            463.92,
            452.99,
            486.14,
            465.39,
            431.04,
            null,
            464.03,
            458.29,
            466.11,
            416.7,
            394.0,
            496.12,
            452.44,
            421.15,
            458.62,
            507.37,
            448.47,
            426.62,
            507.68,
            466.05,
            405.77,
            480.56,
            469.47,
            436.47,
            442.12
        ],
        [
            400.76,
            418.86,
            460.55,
            493.97,
            405.7,
            491.16,
            484.46,
            404.45,
            502.6,
            441.57,
            464.03,
            null,
            402.73,
            433.8,
            502.02,
            451.32,
            410.62,
            498.02,
            404.13,
            406.78,
            480.82,
            459.47,
            479.67,
            432.74,
            387.3,
            484.35,
            455.87,
            496.46,
            483.15,
            465.11
        ],
        [
            500.52,
            507.9,
            443.88,
            474.38,
            514.77,
            440.29,
            461.05,
            416.24,
            464.26,
            507.12,
            458.29,
            402.73,
            null,
            478.93,
            389.29,
            423.95,
            410.05,
            409.9,
            458.29,
            436.74,
            481.14,
            389.35,
            428.6,
            437.92,
            451.59,
            400.82,
            497.53,
            466.28,
            494.51,
            446.0
        ],
        [
            448.46,
            492.88,
            514.19,
            507.15,
            410.47,
            422.75,
            445.0,
            442.25,
            433.47,
            406.46,
            466.11,
            433.8,
            478.93,
            null,
            405.04,
            480.5,
            452.3,
            386.51,
            443.37,
            480.69,
            395.12,
            441.07,
            428.47,
            415.55,
            444.25,
            488.31,
            437.36,
            485.45,
            449.81,
            507.81
        ],
        [
            500.51,
            425.06,
            462.21,
            479.61,
            410.16,
            422.05,
            393.88,
            497.36,
            416.03,
            466.64,
            416.7,
            502.02,
            389.29,
            405.04,
            null,
            440.21,
            483.82,
            494.07,
            403.59,
            479.02,
            479.07,
            427.12,
            454.19,
            466.48,
            461.03,
            403.81,
            499.78,
            427.54,
            505.61,
            389.48
        ],
        [
            503.57,
            412.33,
            487.15,
            495.91,
            401.02,
            472.19,
            468.94,
            489.99,
            429.85,
            413.99,
            394.0,
            451.32,
            423.95,
            480.5,
            440.21,
            null,
            446.32,
            418.25,
            480.98,
            475.32,
            407.57,
            399.22,
            459.61,
            465.64,
            490.72,
            417.92,
            491.98,
            386.66,
            489.91,
            481.17
        ],
        [
            402.95,
            471.36,
            455.31,
            457.4,
            500.61,
            454.74,
            501.65,
            408.89,
            454.13,
            450.17,
            496.12,
            410.62,
            410.05,
            452.3,
            483.82,
            446.32,
            null,
            512.92,
            421.13,
            513.74,
            511.63,
            508.07,
            448.15,
            404.42,
            463.03,
            482.85,
            432.12,
            390.12,
            475.97,
            422.12
        ],
        [
            496.32,
            448.47,
            444.24,
            447.54,
            510.06,
            431.66,
            432.33,
            389.94,
            472.97,
            442.55,
            452.44,
            498.02,
            409.9,
            386.51,
            494.07,
            418.25,
            512.92,
            null,
            437.41,
            489.35,
            485.55,
            387.63,
            392.31,
            466.01,
            385.42,
            469.05,
            476.55,
            487.98,
            438.22,
            469.23
        ],
        [
            487.77,
            408.52,
            500.39,
            416.54,
            427.69,
            477.61,
            503.63,
            420.2,
            500.29,
            483.5,
            421.15,
            404.13,
            458.29,
            443.37,
            403.59,
            480.98,
            421.13,
            437.41,
            null,
            469.74,
            494.32,
            511.15,
            422.55,
            503.27,
            452.16,
            425.62,
            423.83,
            484.72,
            450.49,
            389.27
        ],
        [
            487.22,
            511.13,
            403.48,
            385.34,
            488.62,
            421.66,
            508.52,
            498.85,
            469.65,
            422.27,
            458.62,
            406.78,
            436.74,
            480.69,
            479.02,
            475.32,
            513.74,
            489.35,
            469.74,
            null,
            484.93,
            492.85,
            434.23,
            485.03,
            493.29,
            451.45,
            500.22,
            459.55,
            413.35,
            391.13
        ],
        [
            447.93,
            484.02,
            489.79,
            478.06,
            472.67,
            411.32,
            445.09,
            418.96,
            415.36,
            407.56,
            507.37,
            480.82,
            481.14,
            395.12,
            479.07,
            407.57,
            511.63,
            485.55,
            494.32,
            484.93,
            null,
            391.78,
            408.02,
            482.45,
            490.48,
            465.47,
            467.35,
            464.37,
            402.22,
            453.41
        ],
        [
            393.21,
            468.64,
            504.51,
            512.79,
            426.7,
            477.32,
            480.94,
            500.47,
            510.52,
            464.65,
            448.47,
            459.47,
            389.35,
            441.07,
            427.12,
            399.22,
            508.07,
            387.63,
            511.15,
            492.85,
            391.78,
            null,
            465.48,
            403.55,
            477.06,
            513.71,
            482.55,
            389.27,
            501.92,
            508.03
        ],
        [
            413.0,
            505.49,
            393.7,
            466.62,
            457.13,
            469.28,
            448.53,
            441.14,
            447.7,
            398.72,
            426.62,
            479.67,
            428.6,
            428.47,
            454.19,
            459.61,
            448.15,
            392.31,
            422.55,
            434.23,
            408.02,
            465.48,
            null,
            397.9,
            445.13,
            458.65,
            396.6,
            442.48,
            438.18,
            435.91
        ],
        [
            509.74,
            432.37,
            428.9,
            387.3,
            440.97,
            485.84,
            475.33,
            388.53,
            451.05,
            513.06,
            507.68,
            432.74,
            437.92,
            415.55,
            466.48,
            465.64,
            404.42,
            466.01,
            503.27,
            485.03,
            482.45,
            403.55,
            397.9,
            null,
            485.25,
            492.59,
            505.51,
            433.78,
            496.07,
            408.19
        ],
        [
            494.54,
            454.8,
            424.28,
            489.04,
            388.34,
            482.53,
            395.89,
            406.52,
            439.87,
            403.65,
            466.05,
            387.3,
            451.59,
            444.25,
            461.03,
            490.72,
            463.03,
            385.42,
            452.16,
            493.29,
            490.48,
            477.06,
            445.13,
            485.25,
            null,
            490.56,
            427.98,
            483.02,
            460.75,
            453.52
        ],
        [
            450.65,
            413.28,
            459.63,
            432.85,
            500.7,
            454.69,
            458.68,
            457.25,
            389.23,
            427.59,
            405.77,
            484.35,
            400.82,
            488.31,
            403.81,
            417.92,
            482.85,
            469.05,
            425.62,
            451.45,
            465.47,
            513.71,
            458.65,
            492.59,
            490.56,
            null,
            397.48,
            485.93,
            452.67,
            498.87
        ],
        [
            490.68,
            491.41,
            474.19,
            510.93,
            467.26,
            457.29,
            403.12,
            459.35,
            508.47,
            455.71,
            480.56,
            455.87,
            497.53,
            437.36,
            499.78,
            491.98,
            432.12,
            476.55,
            423.83,
            500.22,
            467.35,
            482.55,
            396.6,
            505.51,
            427.98,
            397.48,
            null,
            403.96,
            473.32,
            408.87
        ],
        [
            403.26,
            431.1,
            464.16,
            500.46,
            417.54,
            423.96,
            501.19,
            462.75,
            480.4,
            465.77,
            469.47,
            496.46,
            466.28,
            485.45,
            427.54,
            386.66,
            390.12,
            487.98,
            484.72,
            459.55,
            464.37,
            389.27,
            442.48,
            433.78,
            483.02,
            485.93,
            403.96,
            null,
            485.56,
            426.69
        ],
        [
            427.53,
            396.99,
            416.81,
            450.13,
            445.27,
            420.76,
            483.7,
            448.35,
            393.82,
            509.0,
            436.47,
            483.15,
            494.51,
            449.81,
            505.61,
            489.91,
            475.97,
            438.22,
            450.49,
            413.35,
            402.22,
            501.92,
            438.18,
            496.07,
            460.75,
            452.67,
            473.32,
            485.56,
            null,
            441.45
        ],
        [
            467.13,
            443.02,
            437.02,
            503.24,
            511.45,
            407.42,
            397.98,
            388.09,
            494.02,
            407.91,
            442.12,
            465.11,
            446.0,
            507.81,
            389.48,
            481.17,
            422.12,
            469.23,
            389.27,
            391.13,
            453.41,
            508.03,
            435.91,
            408.19,
            453.52,
            498.87,
            408.87,
            426.69,
            441.45,
            null
        ]
    ],
    "tempos_processamento": [
        4665.32,
        4668.4,
        4451.49,
        4341.47,
        4257.25,
        4563.12,
        4405.54,
        4319.18,
        4742.29,
        4682.54,
        4275.2,
        4459.35,
        4603.65,
        4398.11,
        4530.03,
        4575.95,
        4338.38,
        4284.18,
        4245.26,
        4295.97,
        4449.19,
        4265.87,
        4376.35,
        4395.6,
        4451.41,
        4295.94,
        4373.69,
        4395.59,
        4446.5,
        4424.99
    ],
    "ready_times": [
        5401.39,
        9060.3,
        1557.32,
        5975.34,
        8744.86,
        9133.13,
        4848.34,
        7356.15,
        4898.62,
        5619.71,
        2571.95,
        2065.29,
        5336.0,
        8447.01,
        2046.08,
        2817.66,
        2808.95,
        3782.23,
        5221.37,
        5942.25,
        151.6,
        4873.51,
        2059.88,
        2825.51,
        5112.97,
        4905.57,
        7007.84,
        0.0,
        5765.46,
        5584.51
    ]
}