{
    "configuracao": {
        "codigo_cenario": "HLHLLHL",
        "nivel_ready_time": "alta",
        "variabilidade_processamento": "baixa",
        "media_processamento": "alta",
        "estrutura_setup": "simetrica",
        "variabilidade_setup": "baixa",
        "n_maquinas": 10,
        "n_medio_jobs_maquina": 3,
        "n_jobs": 30
    },
    "matriz_setup": [
        [
            null,
            512.9,
            414.35,
            504.49,
            397.34,
            466.14,
            399.06,
            493.07,
            387.14,
            507.39,
            476.49,
            427.24,
            441.15,
            477.84,
            429.64,
            491.27,
            499.53,
            406.38,
            513.53,
            459.38,
            510.0,
            395.38,
            400.24,
            432.79,
            500.57,
            506.45,
            493.1,
            397.19,
            499.4,
            413.99
        ],
        [
            512.9,
            null,
            423.25,
            389.4,
            500.42,
            398.86,
            396.06,
            495.81,
            487.66,
            465.32,
            403.18,
            401.16,
            428.22,
            469.15,
            423.97,
            495.93,
            414.06,
            428.03,
            466.24,
            398.29,
            489.82,
            501.37,
            478.7,
            464.55,
            407.68,
            467.19,
            502.85,
            458.87,
            460.68,
            460.84
        ],
        [
            414.35,
            423.25,
            null,
            436.08,
            455.62,
            470.51,
            442.77,
            432.75,
            414.76,
            412.34,
            506.01,
            470.62,
            502.33,
            411.28,
            505.24,
            439.8,
            486.67,
            436.49,
            394.93,
            497.35,
            480.29,
            444.7,
            431.15,
            390.37,
            453.64,
            462.46,
            445.94,
            446.16,
            468.81,
            419.17
        ],
        [
            504.49,
            389.4,
            436.08,
            null,
            454.34,
            406.34,
            438.41,
            399.19,
            412.59,
            449.76,
            512.71,
            491.24,
            513.63,
            415.69,
            514.27,
            499.41,
            511.89,
            473.02,
            425.21,
            486.99,
            393.03,
            398.04,
            424.09,
            457.93,
            387.4,
            394.76,
            410.65,
            420.11,
            399.51,
            498.0
        ],
        [
            397.34,
            500.42,
            455.62,
            454.34,
            null,
            399.14,
            494.89,
            431.42,
            473.22,
            390.67,
            442.55,
            429.57,
            405.27,
            417.36,
            497.32,
            493.36,
            428.54,
            495.31,
            499.41,
            478.82,
            497.26,
            502.28,
            401.46,
            416.28,
            452.3,
            441.67,
            484.53,
            407.21,
            433.54,
            398.24
        ],
        [
            466.14,
            398.86,
            470.51,
            406.34,
            399.14,
            null,
            423.38,
            467.72,
            404.73,
            387.12,
            416.87,
            400.7,
            472.74,
            425.78,
            503.25,
            508.63,
            470.1,
            466.89,
            445.82,
            443.75,
            416.69,
            436.54,
            469.48,
            495.91,
            464.73,
            421.81,
            495.5,
            503.81,
            490.26,
            460.12
        ],
        [
            399.06,
            396.06,
            442.77,
            438.41,
            494.89,
            423.38,
            null,
            436.62,
            400.21,
            469.9,
            417.16,
            405.02,
            464.78,
            481.3,
            427.06,
            424.18,
            460.66,
            395.34,
            472.72,
            469.18,
            510.86,
            424.24,
            391.79,
            443.29,
            462.32,
            510.38,
            412.8,
            409.19,
            503.42,
            513.79
        ],
        [
            493.07,
            495.81,
            432.75,
            399.19,
            431.42,
            467.72,
            436.62,
            null,
            488.04,
            411.49,
            491.8,
            385.88,
            390.58,
            497.39,
            452.87,
            416.95,
            427.37,
            408.61,
            497.89,
            503.94,
            467.2,
            457.33,
            491.72,
            437.34,
            420.06,
            506.88,
            507.28,
            495.3,
            484.94,
            463.19
        ],
        [
            387.14,
            487.66,
            414.76,
            412.59,
            473.22,
            404.73,
            400.21,
            488.04,
            null,
            456.83,
            443.79,
            404.3,
            408.4,
            404.73,
            445.67,
            452.42,
            513.58,
            504.55,
            425.06,
            397.25,
            422.65,
            418.5,
            395.33,
            417.51,
            444.16,
            461.21,
            440.68,
            513.07,
            411.93,
            505.61
        ],
        [
            507.39,
            465.32,
            412.34,
            449.76,
            390.67,
            387.12,
            469.9,
            411.49,
            456.83,
            null,
            499.44,
            385.17,
            495.13,
            393.98,
            401.72,
            411.41,
            502.81,
            509.6,
            391.34,
            402.31,
            391.12,
            429.35,
            479.06,
            454.01,
            390.8,
            436.19,
            413.14,
            472.15,
            492.22,
            392.14
        ],
        [
            476.49,
            403.18,
            506.01,
            512.71,
            442.55,
            416.87,
            417.16,
            491.8,
            443.79,
            499.44,
            null,
            475.35,
            486.66,
            411.28,
            486.4,
            433.68,
            435.68,
            441.25,
            446.65,
            477.11,
            411.34,
            492.23,
            414.48,
            408.03,
            419.26,
            458.09,
            432.97,
            427.29,
            428.6,
            456.72
        ],
        [
            427.24,
            401.16,
            470.62,
            491.24,
            429.57,
            400.7,
            405.02,
            385.88,
            404.3,
            385.17,
            475.35,
            null,
            461.57,
            412.6,
            464.76,
            454.34,
            425.44,
            468.0,
            452.2,
            407.25,
            412.95,
            423.13,
            420.51,
            473.24,
            432.7,
            453.15,
            465.71,
            449.23,
            448.53,
            505.97
        ],
        [
            441.15,
            428.22,
            502.33,
            513.63,
            405.27,
            472.74,
            464.78,
            390.58,
            408.4,
            495.13,
            486.66,
            461.57,
            null,
            498.22,
            449.69,
            434.34,
            438.15,
            508.76,
            411.95,
            466.26,
            427.52,
            489.79,
            490.18,
            493.34,
            440.33,
            514.77,
            459.37,
            419.06,
            502.94,
            418.55
        ],
        [
            477.84,
            469.15,
            411.28,
            415.69,
            417.36,
            425.78,
            481.3,
            497.39,
            404.73,
            393.98,
            411.28,
            412.6,
            498.22,
            null,
            468.07,
            495.82,
            467.46,
            500.71,
            444.0,
            429.2,
            396.36,
            452.48,
            453.12,
            409.96,
            458.51,
            389.4,
            409.59,
            428.4,
            399.95,
            428.1
        ],
        [
            429.64,
            423.97,
            505.24,
            514.27,
            497.32,
            503.25,
            427.06,
            452.87,
            445.67,
            401.72,
            486.4,
            464.76,
            449.69,
            468.07,
            null,
            391.01,
            404.63,
            490.35,
            388.72,
            481.72,
            473.48,
            392.16,
            466.47,
            496.21,
            391.59,
            445.5,
            476.63,
            397.58,
            494.1,
            406.06
        ],
        [
            491.27,
            495.93,
            439.8,
            499.41,
            493.36,
            508.63,
            424.18,
            416.95,
            452.42,
            411.41,
            433.68,
            454.34,
            434.34,
            495.82,
            391.01,
            null,
            432.39,
            428.4,
            448.66,
            477.5,
            496.89,
            451.76,
            498.62,
            414.97,
            464.86,
            474.04,
            453.79,
            473.99,
            433.11,
            513.72
        ],
        [
            499.53,
            414.06,
            486.67,
            511.89,
            428.54,
            470.1,
            460.66,
            427.37,
            513.58,
            502.81,
            435.68,
            425.44,
            438.15,
            467.46,
            404.63,
            432.39,
            null,
            390.4,
            510.96,
            455.18,
            398.01,
            423.09,
            420.71,
            510.31,
            465.18,
            394.57,
            444.84,
            496.23,
            489.15,
            436.04
        ],
        [
            406.38,
            428.03,
            436.49,
            473.02,
            495.31,
            466.89,
            395.34,
            408.61,
            504.55,
            509.6,
            441.25,
            468.0,
            508.76,
            500.71,
            490.35,
            428.4,
            390.4,
            null,
            470.38,
            408.43,
            492.05,
            439.31,
            445.42,
            474.05,
            437.21,
            386.37,
            511.41,
            420.29,
            466.57,
            437.9
        ],
        [
            513.53,
            466.24,
            394.93,
            425.21,
            499.41,
            445.82,
            472.72,
            497.89,
            425.06,
            391.34,
            446.65,
            452.2,
            411.95,
            444.0,
            388.72,
            448.66,
            510.96,
            470.38,
            null,
            394.84,
            421.79,
            511.08,
            479.09,
            481.84,
            453.72,
            471.86,
            469.88,
            456.37,
            420.27,
            511.06
        ],
        [
            459.38,
            398.29,
            497.35,
            486.99,
            478.82,
            443.75,
            469.18,
            503.94,
            397.25,
            402.31,
            477.11,
            407.25,
            466.26,
            429.2,
            481.72,
            477.5,
            455.18,
            408.43,
            394.84,
            null,
            404.05,
            388.95,
            512.46,
            437.4,
            390.87,
            446.73,
            465.56,
            514.35,
            438.12,
            404.33
        ],
        [
            510.0,
            489.82,
            480.29,
            393.03,
            497.26,
            416.69,
            510.86,
            467.2,
            422.65,
            391.12,
            411.34,
            412.95,
            427.52,
            396.36,
            473.48,
            496.89,
            398.01,
            492.05,
            421.79,
            404.05,
            null,
            469.3,
            450.32,
            488.82,
            455.21,
            392.44,
            490.8,
            456.61,
            409.04,
            385.54
        ],
        [
            395.38,
            501.37,
            444.7,
            398.04,
            502.28,
            436.54,
            424.24,
            457.33,
            418.5,
            429.35,
            492.23,
            423.13,
            489.79,
            452.48,
            392.16,
            451.76,
            423.09,
            439.31,
            511.08,
            388.95,
            469.3,
            null,
            476.49,
            511.56,
            509.38,
            409.73,
            394.09,
            417.86,
            404.43,
            455.29
        ],
        [
            400.24,
            478.7,
            431.15,
            424.09,
            401.46,
            469.48,
            391.79,
            491.72,
            395.33,
            479.06,
            414.48,
            420.51,
            490.18,
            453.12,
            466.47,
            498.62,
            420.71,
            445.42,
            479.09,
            512.46,
            450.32,
            476.49,
            null,
            458.67,
            462.41,
            417.43,
            449.68,
            511.1,
            471.09,
            503.48
        ],
        [
            432.79,
            464.55,
            390.37,
            457.93,
            416.28,
            495.91,
            443.29,
            437.34,
            417.51,
            454.01,
            408.03,
            473.24,
            493.34,
            409.96,
            496.21,
            414.97,
            510.31,
            474.05,
            481.84,
            437.4,
            488.82,
            511.56,
            458.67,
            null,
            453.52,
            494.39,
            468.94,
            496.74,
            475.63,
            502.18
        ],
        [
            500.57,
            407.68,
            453.64,
            387.4,
            452.3,
            464.73,
            462.32,
            420.06,
            444.16,
            390.8,
            419.26,
            432.7,
            440.33,
            458.51,
            391.59,
            464.86,
            465.18,
            437.21,
            453.72,
            390.87,
            455.21,
            509.38,
            462.41,
            453.52,
            null,
            431.16,
            437.65,
            390.14,
            471.07,
            402.09
        ],
        [
            506.45,
            467.19,
            462.46,
            394.76,
            441.67,
            421.81,
            510.38,
            506.88,
            461.21,
            436.19,
            458.09,
            453.15,
            514.77,
            389.4,
            445.5,
            474.04,
            394.57,
            386.37,
            471.86,
            446.73,
            392.44,
            409.73,
            417.43,
            494.39,
            431.16,
            null,
            433.35,
            477.95,
            470.57,
            507.64
        ],
        [
            493.1,
            502.85,
            445.94,
            410.65,
            484.53,
            495.5,
            412.8,
            507.28,
            440.68,
            413.14,
            432.97,
            465.71,
            459.37,
            409.59,
            476.63,
            453.79,
            444.84,
            511.41,
            469.88,
            465.56,
            490.8,
            394.09,
            449.68,
            468.94,
            437.65,
            433.35,
            null,
            495.26,
            485.56,
            421.06
        ],
        [
            397.19,
            458.87,
            446.16,
            420.11,
            407.21,
            503.81,
            409.19,
            495.3,
            513.07,
            472.15,
            427.29,
            449.23,
            419.06,
            428.4,
            397.58,
            473.99,
            496.23,
            420.29,
            456.37,
            514.35,
            456.61,
            417.86,
            511.1,
            496.74,
            390.14,
            477.95,
            495.26,
            null,
            494.51,
            428.48
        ],
        [
            499.4,
            460.68,
            468.81,
            399.51,
            433.54,
            490.26,
            503.42,
            484.94,
            411.93,
            492.22,
            428.6,
            448.53,
            502.94,
            399.95,
            494.1,
            433.11,
            489.15,
            466.57,
            420.27,
            438.12,
            409.04,
            404.43,
            471.09,
            475.63,
            471.07,
            470.57,
            485.56,
            494.51,
            null,
            461.47
        ],
        [
            413.99,
            460.84,
            419.17,
            498.0,
            398.24,
            460.12,
            513.79,
            463.19,
            505.61,
            392.14,
            456.72,
            505.97,
            418.55,
            428.1,
            406.06,
            513.72,
            436.04,
            437.9,
            511.06,
            404.33,
            385.54,
            455.29,
            503.48,
            502.18,
            402.09,
            507.64,
            421.06,
            428.48,
            461.47,
            null
        ]
    ],
    "tempos_processamento": [
        4391.36,
        4585.71,
        4280.79,
        4749.63,
        4538.42,
        4551.79,
        4639.55,
        4669.3,
        4703.05,
        4752.37,
        4728.82,
        4398.94,
        4262.73,
        4681.04,
        4693.04,
        4756.15,
        4384.05,
        4371.27,
        4457.42,
        4683.01,
        4337.91,
        4260.61,
        4560.59,
        4281.69,
        4494.26,
        4500.29,
        4760.61,
        4344.27,
        4557.09,
        4660.53
    ],
    "ready_times": [
        2891.06,
        5921.84,
        9349.92,
        3866.29,
        8661.83,
        1449.3,
        7986.42,
        3433.9,
        9274.64,
        8256.71,
        5101.84,
        5840.06,
        1386.98,
        6418.59,
        8086.99,
        9118.97,
        8568.58,
        126.26,
        3995.44,
        4711.03,
        5445.46,
        244.6,
        899.39,
        1912.11,
        202.64,
        9008.83,
        8555.6,
        9157.27,
        9100.9,
        0.0
    ]
}