{
    "configuracao": {
        "codigo_cenario": "HLHLLHL",
        "nivel_ready_time": "alta",
        "variabilidade_processamento": "baixa",
        "media_processamento": "alta",
        "estrutura_setup": "simetrica",
        "variabilidade_setup": "baixa",
        "n_maquinas": 10,
        "n_medio_jobs_maquina": 3,
        "n_jobs": 30
    },
    "matriz_setup": [
        [
            null,
            393.22,
            479.49,
            477.65,
            461.79,
            432.39,
            471.8,
            417.98,
            426.34,
            425.92,
            484.66,
            404.6,
            486.49,
            386.96,
            448.62,
            455.7,
            489.67,
            425.86,
            484.71,
            494.91,
            422.62,
            493.2,
            405.52,
            509.71,
            445.77,
            426.96,
            419.9,
            499.4,
            511.18,
            460.91
        ],
        [
            393.22,
            null,
            503.22,
            491.29,
            436.19,
            423.49,
            475.28,
            391.18,
            487.82,
            440.57,
            468.58,
            443.08,
            416.49,
            447.16,
            472.17,
            459.89,
            392.72,
            481.78,
            456.91,
            459.54,
            501.49,
            396.15,
            446.81,
            475.07,
            454.28,
            484.09,
            499.57,
            448.7,
            442.56,
            438.66
        ],
        [
            479.49,
            503.22,
            null,
            409.07,
            410.02,
            513.59,
            460.18,
            416.32,
            500.97,
            468.49,
            430.02,
            409.07,
            404.74,
            431.48,
            475.56,
            477.24,
            508.97,
            436.98,
            420.42,
            467.59,
            442.75,
            433.66,
            485.39,
            404.74,
            408.53,
            455.12,
            423.0,
            398.03,
            493.99,
            399.77
        ],
        [
            477.65,
            491.29,
            409.07,
            null,
            495.55,
            503.64,
            491.32,
            450.17,
            385.24,
            471.85,
            432.03,
            487.96,
            448.9,
            490.07,
            484.53,
            492.96,
            406.05,
            507.79,
            386.82,
            465.7,
            492.0,
            510.59,
            437.9,
            514.82,
            442.29,
            473.16,
            406.87,
            478.85,
            441.38,
            408.87
        ],
        [
            461.79,
            436.19,
            410.02,
            495.55,
            null,
            508.41,
            437.11,
            437.85,
            430.74,
            492.71,
            392.8,
            493.71,
            465.26,
            442.62,
            426.86,
            468.54,
            457.19,
            457.16,
            454.11,
            446.89,
            399.66,
            395.84,
            393.42,
            443.67,
            471.84,
            435.5,
            421.28,
            465.67,
            485.23,
            471.7
        ],
        [
            432.39,
            423.49,
            513.59,
            503.64,
            508.41,
            null,
            458.92,
            405.9,
            417.35,
            406.72,
            458.66,
            491.12,
            423.24,
            397.06,
            495.92,
            448.09,
            505.85,
            393.31,
            427.81,
            488.58,
            390.65,
            488.52,
            441.99,
            468.83,
            461.85,
            416.86,
            419.29,
            480.98,
            409.54,
            436.04
        ],
        [
            471.8,
            475.28,
            460.18,
            491.32,
            437.11,
            458.92,
            null,
            485.35,
            442.5,
            453.97,
            480.69,
            430.92,
            505.28,
            388.12,
            476.64,
            508.46,
            437.31,
            440.63,
            437.7,
            429.6,
            470.52,
            501.28,
            404.85,
            485.43,
            477.88,
            390.22,
            414.46,
            508.84,
            422.29,
            424.38
        ],
        [
            417.98,
            391.18,
            416.32,
            450.17,
            437.85,
            405.9,
            485.35,
            null,
            416.34,
            497.64,
            403.48,
            414.74,
            467.1,
            441.63,
            424.44,
            439.26,
            443.46,
            465.9,
            495.23,
            493.44,
            510.88,
            506.91,
            448.68,
            474.95,
            429.53,
            491.15,
            486.59,
            394.47,
            422.92,
            456.91
        ],
        [
            426.34,
            487.82,
            500.97,
            385.24,
            430.74,
            417.35,
            442.5,
            416.34,
            null,
            395.74,
            438.71,
            421.46,
            416.81,
            417.61,
            401.86,
            482.38,
            437.07,
            489.25,
            406.53,
            473.29,
            406.97,
            396.66,
            484.01,
            445.14,
            430.37,
            446.32,
            414.03,
            414.95,
            432.39,
            444.55
        ],
        [
            425.92,
            440.57,
            468.49,
            471.85,
            492.71,
            406.72,
            453.97,
            497.64,
            395.74,
            null,
            507.78,
            436.95,
            426.23,
            472.83,
            406.04,
            457.33,
            464.2,
            397.38,
            510.2,
            488.27,
            496.16,
            472.5,
            425.29,
            417.31,
            496.04,
            422.69,
            452.81,
            476.29,
            424.22,
            472.29
        ],
        [
            484.66,
            468.58,
            430.02,
            432.03,
            392.8,
            458.66,
            480.69,
            403.48,
            438.71,
            507.78,
            null,
            404.22,
            503.37,
            399.12,
            432.98,
            426.14,
            488.69,
            386.63,
            400.55,
            402.93,
            476.18,
            468.19,
            398.72,
            508.84,
            503.79,
            512.9,
            441.36,
            419.73,
            438.13,
            499.68
        ],
        [
            404.6,
            443.08,
            409.07,
            487.96,
            493.71,
            491.12,
            430.92,
            414.74,
            421.46,
            436.95,
            404.22,
            null,
            411.53,
            476.34,
            444.17,
            454.35,
            416.5,
            497.58,
            473.39,
            418.0,
            402.84,
            434.99,
            424.86,
            398.1,
            507.12,
            451.38,
            408.7,
            491.87,
            422.21,
            458.12
        ],
        [
            486.49,
            416.49,
            404.74,
            448.9,
            465.26,
            423.24,
            505.28,
            467.1,
            416.81,
            426.23,
            503.37,
            411.53,
            null,
            478.17,
            420.81,
            509.05,
            394.92,
            501.82,
            412.77,
            408.45,
            429.14,
            471.95,
            408.99,
            470.26,
            426.48,
            411.41,
            387.81,
            478.69,
            434.26,
            426.12
        ],
        [
            386.96,
            447.16,
            431.48,
            490.07,
            442.62,
            397.06,
            388.12,
            441.63,
            417.61,
            472.83,
            399.12,
            476.34,
            478.17,
            null,
            447.54,
            455.53,
            434.31,
            390.06,
            513.36,
            406.25,
            474.59,
            426.39,
            493.78,
            486.38,
            463.22,
            389.4,
            426.07,
            499.71,
            509.06,
            487.93
        ],
        [
            448.62,
            472.17,
            475.56,
            484.53,
            426.86,
            495.92,
            476.64,
            424.44,
            401.86,
            406.04,
            432.98,
            444.17,
            420.81,
            447.54,
            null,
            494.26,
            491.23,
            424.24,
            492.44,
            385.94,
            396.21,
            428.57,
            424.16,
            440.6,
            472.12,
            448.16,
            455.19,
            438.67,
            398.4,
            443.95
        ],
        [
            455.7,
            459.89,
            477.24,
            492.96,
            468.54,
            448.09,
            508.46,
            439.26,
            482.38,
            457.33,
            426.14,
            454.35,
            509.05,
            455.53,
            494.26,
            null,
            509.64,
            458.83,
            510.87,
            479.86,
            419.67,
            399.16,
            437.25,
            500.86,
            403.65,
            389.12,
            497.22,
            478.99,
            451.93,
            386.77
        ],
        [
            489.67,
            392.72,
            508.97,
            406.05,
            457.19,
            505.85,
            437.31,
            443.46,
            437.07,
            464.2,
            488.69,
            416.5,
            394.92,
            434.31,
            491.23,
            509.64,
            null,
            440.64,
            509.21,
            467.43,
            429.65,
            473.03,
            492.71,
            484.74,
            449.46,
            487.19,
            473.29,
            441.94,
            394.31,
            512.7
        ],
        [
            425.86,
            481.78,
            436.98,
            507.79,
            457.16,
            393.31,
            440.63,
            465.9,
            489.25,
            397.38,
            386.63,
            497.58,
            501.82,
            390.06,
            424.24,
            458.83,
            440.64,
            null,
            393.84,
            450.27,
            427.32,
            486.05,
            438.35,
            454.88,
            446.41,
            492.28,
            394.09,
            502.59,
            401.34,
            422.97
        ],
        [
            484.71,
            456.91,
            420.42,
            386.82,
            454.11,
            427.81,
            437.7,
            495.23,
            406.53,
            510.2,
            400.55,
            473.39,
            412.77,
            513.36,
            492.44,
            510.87,
            509.21,
            393.84,
            null,
            506.61,
            465.39,
            415.75,
            505.61,
            491.92,
            501.77,
            499.42,
            401.97,
            393.14,
            412.53,
            421.87
        ],
        [
            494.91,
            459.54,
            467.59,
            465.7,
            446.89,
            488.58,
            429.6,
            493.44,
            473.29,
            488.27,
            402.93,
            418.0,
            408.45,
            406.25,
            385.94,
            479.86,
            467.43,
            450.27,
            506.61,
            null,
            485.44,
            461.67,
            467.77,
            399.69,
            486.91,
            416.52,
            419.83,
            476.37,
            493.75,
            491.86
        ],
        [
            422.62,
            501.49,
            442.75,
            492.0,
            399.66,
            390.65,
            470.52,
            510.88,
            406.97,
            496.16,
            476.18,
            402.84,
            429.14,
            474.59,
            396.21,
            419.67,
            429.65,
            427.32,
            465.39,
            485.44,
            null,
            430.0,
            507.28,
            428.2,
            449.78,
            431.34,
            470.67,
            514.52,
            489.09,
            502.62
        ],
        [
            493.2,
            396.15,
            433.66,
            510.59,
            395.84,
            488.52,
            501.28,
            506.91,
            396.66,
            472.5,
            468.19,
            434.99,
            471.95,
            426.39,
            428.57,
            399.16,
            473.03,
            486.05,
            415.75,
            461.67,
            430.0,
            null,
            410.68,
            478.03,
            413.34,
            408.89,
            420.94,
            463.94,
            489.93,
            472.43
        ],
        [
            405.52,
            446.81,
            485.39,
            437.9,
            393.42,
            441.99,
            404.85,
            448.68,
            484.01,
            425.29,
            398.72,
            424.86,
            408.99,
            493.78,
            424.16,
            437.25,
            492.71,
            438.35,
            505.61,
            467.77,
            507.28,
            410.68,
            null,
            478.24,
            466.1,
            496.92,
            412.72,
            477.16,
            446.82,
            505.96
        ],
        [
            509.71,
            475.07,
            404.74,
            514.82,
            443.67,
            468.83,
            485.43,
            474.95,
            445.14,
            417.31,
            508.84,
            398.1,
            470.26,
            486.38,
            440.6,
            500.86,
            484.74,
            454.88,
            491.92,
            399.69,
            428.2,
            478.03,
            478.24,
            null,
            393.99,
            465.59,
            439.26,
            433.6,
            489.7,
            461.22
        ],
        [
            445.77,
            454.28,
            408.53,
            442.29,
            471.84,
            461.85,
            477.88,
            429.53,
            430.37,
            496.04,
            503.79,
            507.12,
            426.48,
            463.22,
            472.12,
            403.65,
            449.46,
            446.41,
            501.77,
            486.91,
            449.78,
            413.34,
            466.1,
            393.99,
            null,
            412.53,
            419.36,
            452.13,
            449.49,
            486.53
        ],
        [
            426.96,
            484.09,
            455.12,
            473.16,
            435.5,
            416.86,
            390.22,
            491.15,
            446.32,
            422.69,
            512.9,
            451.38,
            411.41,
            389.4,
            448.16,
            389.12,
            487.19,
            492.28,
            499.42,
            416.52,
            431.34,
            408.89,
            496.92,
            465.59,
            412.53,
            null,
            421.65,
            408.75,
            422.94,
            396.56
        ],
        [
            419.9,
            499.57,
            423.0,
            406.87,
            421.28,
            419.29,
            414.46,
            486.59,
            414.03,
            452.81,
            441.36,
            408.7,
            387.81,
            426.07,
            455.19,
            497.22,
            473.29,
            394.09,
            401.97,
            419.83,
            470.67,
            420.94,
            412.72,
            439.26,
            419.36,
            421.65,
            null,
            489.38,
            425.02,
            422.81
        ],
        [
            499.4,
            448.7,
            398.03,
            478.85,
            465.67,
            480.98,
            508.84,
            394.47,
            414.95,
            476.29,
            419.73,
            491.87,
            478.69,
            499.71,
            438.67,
            478.99,
            441.94,
            502.59,
            393.14,
            476.37,
            514.52,
            463.94,
            477.16,
            433.6,
            452.13,
            408.75,
            489.38,
            null,
            511.85,
            502.52
        ],
        [
            511.18,
            442.56,
            493.99,
            441.38,
            485.23,
            409.54,
            422.29,
            422.92,
            432.39,
            424.22,
            438.13,
            422.21,
            434.26,
            509.06,
            398.4,
            451.93,
            394.31,
            401.34,
            412.53,
            493.75,
            489.09,
            489.93,
            446.82,
            489.7,
            449.49,
            422.94,
            425.02,
            511.85,
            null,
            385.21
        ],
        [
            460.91,
            438.66,
            399.77,
            408.87,
            471.7,
            436.04,
            424.38,
            456.91,
            444.55,
            472.29,
            499.68,
            458.12,
            426.12,
            487.93,
            443.95,
            386.77,
            512.7,
            422.97,
            421.87,
            491.86,
            502.62,
            472.43,
            505.96,
            461.22,
            486.53,
            396.56,
            422.81,
            502.52,
            385.21,
            null
        ]
    ],
    "tempos_processamento": [
        4406.07,
        4438.76,
        4408.96,
        4574.83,
        4491.7,
        4742.38,
        4275.15,
        4624.2,
        4648.41,
        4405.78,
        4511.65,
        4649.56,
        4266.42,
        4504.91,
        4684.72,
        4511.53,
        4378.8,
        4542.26,
        4564.66,
        4724.84,
        4317.68,
        4434.73,
        4730.5,
        4729.97,
        4594.11,
        4658.62,
        4547.79,
        4531.68,
        4288.27,
        4430.81
    ],
    "ready_times": [
        4845.63,
        6919.94,
        8078.15,
        8388.96,
        6005.08,
        9602.83,
        3384.91,
        9699.21,
        4237.84,
        9352.28,
        7691.54,
        6061.71,
        7590.56,
        0.0,
        593.28,
        5557.87,
        3646.62,
        5050.2,
        9630.7,
        5482.35,
        4108.95,
        1199.23,
        4183.46,
        436.23,
        2701.49,
        4367.44,
        4593.03,
        8.04,
        831.79,
        8256.65
    ]
}