{
    "configuracao": {
        "codigo_cenario": "HLHLLHL",
        "nivel_ready_time": "alta",
        "variabilidade_processamento": "baixa",
        "media_processamento": "alta",
        "estrutura_setup": "simetrica",
        "variabilidade_setup": "baixa",
        "n_maquinas": 10,
        "n_medio_jobs_maquina": 3,
        "n_jobs": 30
    },
    "matriz_setup": [
        [
            null,
            459.93,
            400.41,
            389.87,
            422.44,
            462.38,
            403.16,
            419.09,
            453.16,
            458.93,
            426.16,
            426.85,
            426.84,
            502.12,
            424.52,
            441.95,
            446.18,
            441.68,
            444.89,
            500.85,
            451.96,
            481.14,
            477.64,
            483.09,
            391.52,
            485.43,
            478.93,
            475.55,
            498.6,
            473.87
        ],
        [
            459.93,
            null,
            458.98,
            452.73,
            455.68,
            444.27,
            429.95,
            395.57,
            460.21,
            451.56,
            435.84,
            514.02,
            411.45,
            481.63,
            426.01,
            410.52,
            457.72,
            484.44,
            434.42,
            497.78,
            444.19,
            427.14,
            469.77,
            409.17,
            388.72,
            476.26,
            424.08,
            408.27,
            431.87,
            461.57
        ],
        [
            400.41,
            458.98,
            null,
            409.97,
            508.49,
            509.55,
            418.96,
            484.48,
            441.57,
            484.1,
            477.5,
            476.73,
            505.33,
            423.58,
            418.31,
            482.3,
            385.3,
            388.82,
            500.93,
            464.93,
            475.63,
            460.25,
            403.72,
            448.06,
            488.51,
            431.14,
            457.49,
            484.84,
            462.57,
            482.74
        ],
        [
            389.87,
            452.73,
            409.97,
            null,
            472.47,
            476.36,
            510.09,
            493.4,
            422.62,
            409.85,
            482.99,
            459.97,
            458.92,
            502.65,
            448.41,
            426.59,
            510.07,
            449.89,
            513.68,
            474.5,
            485.66,
            475.09,
            464.05,
            406.26,
            493.73,
            389.09,
            477.73,
            462.42,
            426.87,
            487.6
        ],
        [
            422.44,
            455.68,
            508.49,
            472.47,
            null,
            415.62,
            428.36,
            509.54,
            412.88,
            394.84,
            467.41,
            436.9,
            513.93,
            433.08,
            397.03,
            427.86,
            499.11,
            406.9,
            426.56,
            386.63,
            511.42,
            473.42,
            460.12,
            474.12,
            445.44,
            416.72,
            477.58,
            397.09,
            509.71,
            402.87
        ],
        [
            462.38,
            444.27,
            509.55,
            476.36,
            415.62,
            null,
            401.63,
            390.47,
            502.89,
            413.59,
            425.18,
            396.12,
            405.84,
            505.37,
            451.55,
            404.5,
            417.96,
            422.11,
            408.37,
            441.09,
            442.4,
            396.93,
            498.63,
            460.98,
            446.83,
            434.06,
            505.08,
            401.63,
            441.02,
            407.06
        ],
        [
            403.16,
            429.95,
            418.96,
            510.09,
            428.36,
            401.63,
            null,
            485.34,
            411.59,
            471.57,
            495.92,
            489.2,
            427.73,
            514.67,
            488.92,
            499.43,
            402.18,
            447.63,
            418.73,
            465.54,
            403.69,
            510.09,
            505.22,
            446.86,
            425.07,
            465.26,
            422.17,
            493.09,
            445.99,
            450.88
        ],
        [
            419.09,
            395.57,
            484.48,
            493.4,
            509.54,
            390.47,
            485.34,
            null,
            389.9,
            394.27,
            417.72,
            509.0,
            466.18,
            434.3,
            492.03,
            411.73,
            386.05,
            402.97,
            459.8,
            493.65,
            414.3,
            499.32,
            451.63,
            395.42,
            392.78,
            511.9,
            419.39,
            431.0,
            485.67,
            506.33
        ],
        [
            453.16,
            460.21,
            441.57,
            422.62,
            412.88,
            502.89,
            411.59,
            389.9,
            null,
            441.46,
            492.3,
            485.32,
            512.56,
            477.53,
            470.95,
            398.31,
            418.69,
            481.77,
            427.75,
            485.79,
            414.68,
            467.64,
            418.18,
            443.01,
            417.71,
            411.74,
            438.75,
            465.48,
            434.23,
            396.28
        ],
        [
            458.93,
            451.56,
            484.1,
            409.85,
            394.84,
            413.59,
            471.57,
            394.27,
            441.46,
            null,
            493.11,
            511.52,
            460.65,
            411.81,
            501.99,
            512.05,
            496.43,
            473.15,
            407.33,
            468.99,
            457.12,
            438.74,
            406.11,
            476.54,
            455.0,
            393.16,
            514.59,
            459.6,
            458.99,
            503.13
        ],
        [
            426.16,
            435.84,
            477.5,
            482.99,
            467.41,
            425.18,
            495.92,
            417.72,
            492.3,
            493.11,
            null,
            492.03,
            498.59,
            469.82,
            466.85,
            409.99,
            457.35,
            457.46,
            397.85,
            501.74,
            494.2,
            488.01,
            492.59,
            509.16,
            475.2,
            437.41,
            455.49,
            453.33,
            402.24,
            402.21
        ],
        [
            426.85,
            514.02,
            476.73,
            459.97,
            436.9,
            396.12,
            489.2,
            509.0,
            485.32,
            511.52,
            492.03,
            null,
            483.86,
            405.18,
            408.6,
            401.76,
            474.06,
            406.4,
            483.21,
            495.74,
            469.86,
            477.16,
            448.96,
            406.16,
            501.32,
            457.05,
            456.36,
            386.39,
            397.14,
            474.0
        ],
        [
            426.84,
            411.45,
            505.33,
            458.92,
            513.93,
            405.84,
            427.73,
            466.18,
            512.56,
            460.65,
            498.59,
            483.86,
            null,
            392.95,
            447.48,
            470.31,
            442.03,
            455.19,
            432.07,
            392.94,
            401.07,
            393.14,
            397.2,
            412.82,
            400.19,
            390.0,
            426.77,
            412.73,
            440.75,
            505.3
        ],
        [
            502.12,
            481.63,
            423.58,
            502.65,
            433.08,
            505.37,
            514.67,
            434.3,
            477.53,
            411.81,
            469.82,
            405.18,
            392.95,
            null,
            386.33,
            505.95,
            395.09,
            406.3,
            419.02,
            471.74,
            401.39,
            444.65,
            446.73,
            508.56,
            423.22,
            388.21,
            431.29,
            489.11,
            396.06,
            436.03
        ],
        [
            424.52,
            426.01,
            418.31,
            448.41,
            397.03,
            451.55,
            488.92,
            492.03,
            470.95,
            501.99,
            466.85,
            408.6,
            447.48,
            386.33,
            null,
            478.04,
            486.21,
            512.59,
            401.87,
            450.31,
            500.39,
            514.52,
            431.35,
            493.84,
            465.46,
            483.96,
            464.79,
            456.76,
            450.28,
            507.63
        ],
        [
            441.95,
            410.52,
            482.3,
            426.59,
            427.86,
            404.5,
            499.43,
            411.73,
            398.31,
            512.05,
            409.99,
            401.76,
            470.31,
            505.95,
            478.04,
            null,
            392.44,
            508.23,
            443.38,
            412.8,
            510.37,
            464.27,
            494.12,
            431.44,
            505.41,
            408.22,
            428.28,
            421.97,
            403.87,
            431.4
        ],
        [
            446.18,
            457.72,
            385.3,
            510.07,
            499.11,
            417.96,
            402.18,
            386.05,
            418.69,
            496.43,
            457.35,
            474.06,
            442.03,
            395.09,
            486.21,
            392.44,
            null,
            514.76,
            487.34,
            388.35,
            513.34,
            494.55,
            448.62,
            486.73,
            431.28,
            449.61,
            439.12,
            509.27,
            498.49,
            446.94
        ],
        [
            441.68,
            484.44,
            388.82,
            449.89,
            406.9,
            422.11,
            447.63,
            402.97,
            481.77,
            473.15,
            457.46,
            406.4,
            455.19,
            406.3,
            512.59,
            508.23,
            514.76,
            null,
            509.17,
            417.12,
            457.58,
            481.71,
            394.69,
            479.38,
            397.06,
            489.19,
            408.85,
            436.67,
            487.99,
            487.53
        ],
        [
            444.89,
            434.42,
            500.93,
            513.68,
            426.56,
            408.37,
            418.73,
            459.8,
            427.75,
            407.33,
            397.85,
            483.21,
            432.07,
            419.02,
            401.87,
            443.38,
            487.34,
            509.17,
            null,
            413.25,
            397.63,
            412.25,
            385.14,
            465.54,
            386.53,
            451.28,
            474.32,
            401.77,
            429.78,
            415.32
        ],
        [
            500.85,
            497.78,
            464.93,
            474.5,
            386.63,
            441.09,
            465.54,
            493.65,
            485.79,
            468.99,
            501.74,
            495.74,
            392.94,
            471.74,
            450.31,
            412.8,
            388.35,
            417.12,
            413.25,
            null,
            497.99,
            498.41,
            457.07,
            412.6,
            395.7,
            399.96,
            386.8,
            427.84,
            463.27,
            499.35
        ],
        [
            451.96,
            444.19,
            475.63,
            485.66,
            511.42,
            442.4,
            403.69,
            414.3,
            414.68,
            457.12,
            494.2,
            469.86,
            401.07,
            401.39,
            500.39,
            510.37,
            513.34,
            457.58,
            397.63,
            497.99,
            null,
            389.03,
            454.93,
            480.07,
            485.93,
            394.36,
            413.0,
            422.07,
            462.58,
            445.75
        ],
        [
            481.14,
            427.14,
            460.25,
            475.09,
            473.42,
            396.93,
            510.09,
            499.32,
            467.64,
            438.74,
            488.01,
            477.16,
            393.14,
            444.65,
            514.52,
            464.27,
            494.55,
            481.71,
            412.25,
            498.41,
            389.03,
            null,
            434.53,
            484.82,
            464.86,
            446.25,
            419.37,
            488.06,
            465.62,
            388.19
        ],
        [
            477.64,
            469.77,
            403.72,
            464.05,
            460.12,
            498.63,
            505.22,
            451.63,
            418.18,
            406.11,
            492.59,
            448.96,
            397.2,
            446.73,
            431.35,
            494.12,
            448.62,
            394.69,
            385.14,
            457.07,
            454.93,
            434.53,
            null,
            490.23,
            490.63,
            489.63,
            501.72,
            513.85,
            416.19,
            436.68
        ],
        [
            483.09,
            409.17,
            448.06,
            406.26,
            474.12,
            460.98,
            446.86,
            395.42,
            443.01,
            476.54,
            509.16,
            406.16,
            412.82,
            508.56,
            493.84,
            431.44,
            486.73,
            479.38,
            465.54,
            412.6,
            480.07,
            484.82,
            490.23,
            null,
            390.57,
            445.83,
            407.82,
            477.78,
            445.68,
            439.79
        ],
        [
            391.52,
            388.72,
            488.51,
            493.73,
            445.44,
            446.83,
            425.07,
            392.78,
            417.71,
            455.0,
            475.2,
            501.32,
            400.19,
            423.22,
            465.46,
            505.41,
            431.28,
            397.06,
            386.53,
            395.7,
            485.93,
            464.86,
            490.63,
            390.57,
            null,
            423.84,
            488.1,
            414.44,
            491.31,
            412.25
        ],
        [
            485.43,
            476.26,
            431.14,
            389.09,
            416.72,
            434.06,
            465.26,
            511.9,
            411.74,
            393.16,
            437.41,
            457.05,
            390.0,
            388.21,
            483.96,
            408.22,
            449.61,
            489.19,
            451.28,
            399.96,
            394.36,
            446.25,
            489.63,
            445.83,
            423.84,
            null,
            426.16,
            459.72,
            493.15,
            408.04
        ],
        [
            478.93,
            424.08,
            457.49,
            477.73,
            477.58,
            505.08,
            422.17,
            419.39,
            438.75,
            514.59,
            455.49,
            456.36,
            426.77,
            431.29,
            464.79,
            428.28,
            439.12,
            408.85,
            474.32,
            386.8,
            413.0,
            419.37,
            501.72,
            407.82,
            488.1,
            426.16,
            null,
            470.47,
            432.87,
            472.63
        ],
        [
            475.55,
            408.27,
            484.84,
            462.42,
            397.09,
            401.63,
            493.09,
            431.0,
            465.48,
            459.6,
            453.33,
            386.39,
            412.73,
            489.11,
            456.76,
            421.97,
            509.27,
            436.67,
            401.77,
            427.84,
            422.07,
            488.06,
            513.85,
            477.78,
            414.44,
            459.72,
            470.47,
            null,
            462.41,
            388.33
        ],
        [
            498.6,
            431.87,
            462.57,
            426.87,
            509.71,
            441.02,
            445.99,
            485.67,
            434.23,
            458.99,
            402.24,
            397.14,
            440.75,
            396.06,
            450.28,
            403.87,
            498.49,
            487.99,
            429.78,
            463.27,
            462.58,
            465.62,
            416.19,
            445.68,
            491.31,
            493.15,
            432.87,
            462.41,
            null,
            496.89
        ],
        [
            473.87,
            461.57,
            482.74,
            487.6,
            402.87,
            407.06,
            450.88,
            506.33,
            396.28,
            503.13,
            402.21,
            474.0,
            505.3,
            436.03,
            507.63,
            431.4,
            446.94,
            487.53,
            415.32,
            499.35,
            445.75,
            388.19,
            436.68,
            439.79,
            412.25,
            408.04,
            472.63,
            388.33,
            496.89,
            null
        ]
    ],
    "tempos_processamento": [
        4514.03,
        4683.43,
        4244.42,
        4432.25,
        4587.64,
        4500.93,
        4565.74,
        4523.07,
        4761.91,
        4489.28,
        4504.49,
        4275.39,
        4485.03,
        4647.88,
        4365.37,
        4465.45,
        4230.03,
        4762.11,
        4386.25,
        4288.33,
        4738.14,
        4480.31,
        4256.95,
        4440.04,
        4302.46,
        4640.46,
        4274.98,
        4734.85,
        4309.62,
        4702.27
    ],
    "ready_times": [
        6576.61,
        4091.97,
        3577.53,
        8075.76,
        3112.5,
        5654.36,
        2706.34,
        1828.29,
        3769.49,
        194.46,
        5617.13,
        6233.93,
        6848.46,
        7910.08,
        4420.58,
        3387.54,
        5934.63,
        0.0,
        6397.09,
        7552.26,
        2721.16,
        1853.61,
        4556.68,
        2869.88,
        5739.5,
        7016.0,
        1499.81,
        4781.47,
        7765.73,
        4006.48
    ]
}