{
    "configuracao": {
        "codigo_cenario": "HLHHLLL",
        "nivel_ready_time": "alta",
        "variabilidade_processamento": "baixa",
        "media_processamento": "alta",
        "estrutura_setup": "assimetrica",
        "variabilidade_setup": "baixa",
        "n_maquinas": 2,
        "n_medio_jobs_maquina": 3,
        "n_jobs": 6
    },
    "matriz_setup": [
        [
            null,
            392.61,
            504.02,
            450.49,
            487.63,
            445.63
        ],
        [
            387.22,
            null,
            427.85,
            464.67,
            409.94,
            494.19
        ],
        [
            403.95,
            480.73,
            null,
            416.32,
            504.29,
            477.49
        ],
        [
            446.63,
            453.8,
            486.64,
            null,
            456.19,
            462.67
        ],
        [
            471.97,
            405.37,
            499.81,
            487.18,
            null,
            449.61
        ],
        [
            479.71,
            459.24,
            507.66,
            468.79,
            485.52,
            null
        ]
    ],
    "tempos_processamento": [
        4737.55,
        4460.2,
        4686.55,
        4511.7,
        4464.91,
        4425.33
    ],
    "ready_times": [
        5525.39,
        0.0,
        3715.89,
        1568.38,
        2245.46,
        3577.35
    ]
}