{
    "configuracao": {
        "codigo_cenario": "HLHHLLL",
        "nivel_ready_time": "alta",
        "variabilidade_processamento": "baixa",
        "media_processamento": "alta",
        "estrutura_setup": "assimetrica",
        "variabilidade_setup": "baixa",
        "n_maquinas": 2,
        "n_medio_jobs_maquina": 3,
        "n_jobs": 6
    },
    "matriz_setup": [
        [
            null,
            511.84,
            396.82,
            403.28,
            394.13,
            427.54
        ],
        [
            404.94,
            null,
            472.71,
            391.79,
            386.7,
            389.51
        ],
        [
            397.35,
            509.72,
            null,
            434.41,
            437.7,
            415.86
        ],
        [
            416.59,
            430.89,
            492.19,
            null,
            460.52,
            454.53
        ],
        [
            409.82,
            404.76,
            472.81,
            434.54,
            null,
            493.38
        ],
        [
            398.49,
            475.07,
            432.64,
            404.92,
            400.63,
            null
        ]
    ],
    "tempos_processamento": [
        4460.12,
        4515.18,
        4427.44,
        4377.31,
        4715.77,
        4742.26
    ],
    "ready_times": [
        0.0,
        6306.52,
        8490.72,
        1797.04,
        1337.9,
        8641.08
    ]
}