{
    "configuracao": {
        "codigo_cenario": "HLHHLLL",
        "nivel_ready_time": "alta",
        "variabilidade_processamento": "baixa",
        "media_processamento": "alta",
        "estrutura_setup": "assimetrica",
        "variabilidade_setup": "baixa",
        "n_maquinas": 2,
        "n_medio_jobs_maquina": 3,
        "n_jobs": 6
    },
    "matriz_setup": [
        [
            null,
            436.23,
            500.72,
            416.65,
            408.47,
            488.96
        ],
        [
            481.5,
            null,
            392.18,
            450.18,
            446.24,
            495.97
        ],
        [
            475.28,
            402.21,
            null,
            512.59,
            512.71,
            429.23
        ],
        [
            404.83,
            390.5,
            482.04,
            null,
            480.12,
            385.77
        ],
        [
            486.13,
            446.15,
            472.84,
            397.18,
            null,
            505.87
        ],
        [
            504.22,
            385.25,
            438.86,
            451.15,
            402.52,
            null
        ]
    ],
    "tempos_processamento": [
        4402.42,
        4314.58,
        4745.56,
        4466.29,
        4675.96,
        4383.82
    ],
    "ready_times": [
        1523.7,
        6274.81,
        345.34,
        4767.1,
        0.0,
        5562.25
    ]
}