{
    "configuracao": {
        "codigo_cenario": "HLHHLLL",
        "nivel_ready_time": "alta",
        "variabilidade_processamento": "baixa",
        "media_processamento": "alta",
        "estrutura_setup": "assimetrica",
        "variabilidade_setup": "baixa",
        "n_maquinas": 2,
        "n_medio_jobs_maquina": 3,
        "n_jobs": 6
    },
    "matriz_setup": [
        [
            null,
            473.1,
            443.61,
            449.6,
            476.93,
            416.86
        ],
        [
            505.14,
            null,
            510.06,
            390.88,
            422.22,
            442.55
        ],
        [
            394.42,
            406.49,
            null,
            503.05,
            489.04,
            479.21
        ],
        [
            446.51,
            487.07,
            403.34,
            null,
            454.44,
            394.8
        ],
        [
            468.1,
            400.14,
            422.98,
            415.3,
            null,
            415.55
        ],
        [
            436.02,
            417.98,
            421.39,
            488.32,
            450.76,
            null
        ]
    ],
    "tempos_processamento": [
        4498.04,
        4305.01,
        4687.11,
        4360.6,
        4277.66,
        4348.17
    ],
    "ready_times": [
        1698.99,
        1206.74,
        1980.69,
        6679.8,
        0.0,
        9345.54
    ]
}