{
    "configuracao": {
        "codigo_cenario": "HHLHLHL",
        "nivel_ready_time": "alta",
        "variabilidade_processamento": "alta",
        "media_processamento": "baixa",
        "estrutura_setup": "assimetrica",
        "variabilidade_setup": "baixa",
        "n_maquinas": 10,
        "n_medio_jobs_maquina": 3,
        "n_jobs": 30
    },
    "matriz_setup": [
        [
            null,
            437.31,
            474.1,
            431.22,
            513.19,
            476.61,
            429.85,
            456.28,
            498.22,
            388.75,
            400.69,
            390.93,
            478.12,
            417.33,
            512.87,
            438.27,
            441.77,
            490.43,
            478.2,
            477.85,
            492.4,
            450.53,
            477.69,
            388.4,
            502.57,
            456.17,
            396.68,
            427.16,
            425.23,
            472.25
        ],
        [
            482.02,
            null,
            448.88,
            388.72,
            453.42,
            449.87,
            483.57,
            405.16,
            474.56,
            478.3,
            513.26,
            478.15,
            459.21,
            395.78,
            496.46,
            460.66,
            408.97,
            411.17,
            484.86,
            446.9,
            394.94,
            400.2,
            403.59,
            446.84,
            459.48,
            438.91,
            390.92,
            505.08,
            498.3,
            409.49
        ],
        [
            386.02,
            442.93,
            null,
            493.94,
            486.04,
            449.71,
            426.43,
            405.29,
            390.35,
            506.56,
            396.08,
            506.02,
            505.07,
            488.99,
            481.09,
            412.19,
            497.11,
            463.97,
            514.91,
            394.53,
            481.38,
            421.26,
            426.76,
            486.29,
            483.52,
            510.53,
            510.02,
            466.95,
            427.22,
            404.57
        ],
        [
            490.6,
            514.5,
            396.61,
            null,
            426.7,
            453.49,
            501.0,
            411.95,
            432.16,
            414.26,
            443.45,
            421.47,
            475.05,
            474.46,
            387.64,
            403.21,
            480.48,
            508.49,
            388.99,
            488.43,
            385.67,
            390.25,
            482.95,
            398.4,
            497.02,
            409.17,
            500.3,
            490.76,
            482.92,
            429.48
        ],
        [
            419.18,
            410.57,
            427.49,
            401.1,
            null,
            514.63,
            412.72,
            459.4,
            453.35,
            452.61,
            434.51,
            417.85,
            414.25,
            493.37,
            420.06,
            503.75,
            436.18,
            453.25,
            392.72,
            426.36,
            489.15,
            443.98,
            402.07,
            392.66,
            513.59,
            447.13,
            474.55,
            429.28,
            508.72,
            420.34
        ],
        [
            470.07,
            462.81,
            496.94,
            463.97,
            479.77,
            null,
            470.53,
            444.43,
            492.82,
            453.81,
            393.59,
            443.67,
            457.91,
            463.05,
            387.23,
            427.71,
            489.72,
            429.45,
            478.94,
            427.69,
            511.27,
            432.21,
            459.85,
            393.1,
            479.35,
            456.93,
            506.6,
            439.06,
            512.76,
            388.49
        ],
        [
            511.65,
            450.12,
            459.26,
            472.33,
            489.68,
            428.26,
            null,
            513.37,
            403.33,
            422.19,
            509.66,
            473.64,
            441.66,
            415.71,
            412.03,
            482.14,
            488.54,
            505.29,
            491.21,
            461.59,
            509.73,
            484.41,
            497.42,
            508.94,
            405.26,
            454.22,
            398.76,
            444.62,
            388.0,
            513.05
        ],
        [
            390.11,
            416.88,
            505.42,
            483.17,
            408.4,
            438.64,
            511.2,
            null,
            429.67,
            468.55,
            505.57,
            477.81,
            451.43,
            438.42,
            405.68,
            413.99,
            488.73,
            406.49,
            386.67,
            397.17,
            465.3,
            405.61,
            496.84,
            506.07,
            421.67,
            409.16,
            506.82,
            427.62,
            451.62,
            506.99
        ],
        [
            502.6,
            406.31,
            480.77,
            430.83,
            455.71,
            485.11,
            407.65,
            471.76,
            null,
            402.24,
            446.49,
            441.48,
            399.29,
            427.63,
            409.66,
            396.96,
            405.69,
            412.94,
            487.7,
            440.24,
            466.71,
            435.9,
            458.32,
            432.87,
            444.53,
            442.61,
            455.05,
            450.72,
            500.61,
            480.22
        ],
        [
            459.08,
            419.67,
            462.87,
            421.95,
            479.52,
            411.85,
            456.16,
            477.72,
            482.76,
            null,
            472.93,
            471.79,
            421.73,
            389.12,
            429.37,
            385.79,
            422.51,
            469.66,
            508.53,
            482.09,
            444.28,
            498.24,
            451.34,
            462.06,
            504.77,
            447.43,
            512.32,
            463.17,
            389.82,
            447.97
        ],
        [
            483.48,
            487.25,
            429.48,
            512.19,
            399.17,
            488.49,
            406.61,
            412.7,
            492.26,
            390.85,
            null,
            454.51,
            428.22,
            442.9,
            494.51,
            433.52,
            436.37,
            429.44,
            502.15,
            479.35,
            487.0,
            514.82,
            452.99,
            391.74,
            465.16,
            406.82,
            436.59,
            489.5,
            491.16,
            455.44
        ],
        [
            441.91,
            498.71,
            416.72,
            426.64,
            476.87,
            427.59,
            503.36,
            399.2,
            480.2,
            413.11,
            396.77,
            null,
            455.13,
            430.26,
            466.64,
            410.65,
            436.99,
            416.37,
            453.92,
            497.42,
            447.51,
            483.72,
            495.55,
            502.49,
            404.6,
            432.96,
            421.12,
            512.26,
            513.97,
            410.4
        ],
        [
            431.89,
            483.98,
            403.36,
            410.17,
            480.03,
            512.56,
            415.45,
            464.05,
            420.68,
            391.64,
            391.71,
            406.26,
            null,
            502.6,
            435.21,
            419.73,
            488.93,
            490.87,
            505.29,
            407.81,
            498.03,
            505.69,
            477.15,
            385.45,
            513.02,
            461.71,
            398.38,
            421.17,
            493.07,
            461.26
        ],
        [
            443.4,
            401.99,
            509.52,
            502.55,
            416.32,
            391.23,
            399.27,
            395.77,
            496.6,
            412.94,
            437.22,
            498.83,
            498.87,
            null,
            490.75,
            393.58,
            386.89,
            509.27,
            412.69,
            426.55,
            507.93,
            486.22,
            400.64,
            414.04,
            400.2,
            461.75,
            496.25,
            496.92,
            510.79,
            438.39
        ],
        [
            456.11,
            486.15,
            419.42,
            502.27,
            485.03,
            506.11,
            463.13,
            389.8,
            433.6,
            390.89,
            497.76,
            466.78,
            494.42,
            470.11,
            null,
            403.27,
            451.1,
            476.48,
            401.71,
            438.17,
            441.66,
            482.86,
            475.78,
            495.31,
            486.35,
            485.79,
            388.78,
            498.81,
            497.78,
            423.15
        ],
        [
            507.77,
            499.38,
            395.05,
            466.38,
            442.18,
            446.28,
            487.17,
            405.45,
            461.57,
            477.7,
            397.82,
            486.87,
            452.3,
            435.7,
            409.72,
            null,
            410.98,
            475.97,
            471.23,
            387.66,
            388.06,
            472.74,
            398.84,
            388.99,
            471.08,
            493.96,
            420.87,
            447.55,
            416.79,
            502.72
        ],
        [
            470.17,
            509.97,
            496.98,
            454.05,
            433.94,
            512.38,
            461.47,
            387.68,
            492.39,
            426.63,
            514.38,
            439.18,
            407.71,
            504.45,
            441.81,
            412.66,
            null,
            410.37,
            481.72,
            487.73,
            514.28,
            478.58,
            469.15,
            443.75,
            487.15,
            462.64,
            480.36,
            504.83,
            401.4,
            508.19
        ],
        [
            454.86,
            394.6,
            466.96,
            510.06,
            400.79,
            473.71,
            455.47,
            506.74,
            510.89,
            417.87,
            490.28,
            408.13,
            441.82,
            438.86,
            501.88,
            441.37,
            387.4,
            null,
            461.06,
            497.46,
            414.26,
            440.56,
            392.31,
            410.46,
            451.78,
            475.38,
            391.0,
            395.59,
            479.99,
            422.26
        ],
        [
            410.19,
            478.78,
            499.84,
            457.2,
            506.26,
            414.11,
            477.14,
            456.4,
            440.32,
            483.78,
            420.15,
            443.37,
            461.94,
            417.3,
            408.8,
            418.09,
            410.13,
            409.16,
            null,
            479.82,
            399.76,
            421.35,
            393.93,
            459.24,
            400.75,
            462.5,
            430.35,
            480.83,
            413.18,
            418.32
        ],
        [
            488.53,
            461.52,
            448.04,
            493.55,
            426.68,
            437.47,
            404.88,
            481.32,
            399.38,
            449.16,
            420.45,
            440.79,
            500.65,
            510.96,
            431.91,
            481.19,
            405.06,
            414.37,
            506.07,
            null,
            512.45,
            420.3,
            389.59,
            459.68,
            454.6,
            462.62,
            501.54,
            438.38,
            393.52,
            422.58
        ],
        [
            422.11,
            503.93,
            403.61,
            443.3,
            496.66,
            425.14,
            405.54,
            390.52,
            443.66,
            409.22,
            399.05,
            500.6,
            398.7,
            465.48,
            405.77,
            426.32,
            442.08,
            420.97,
            460.67,
            505.06,
            null,
            391.1,
            476.1,
            409.19,
            496.74,
            430.35,
            389.34,
            483.89,
            445.5,
            426.31
        ],
        [
            396.09,
            415.41,
            422.4,
            492.16,
            480.48,
            502.18,
            489.5,
            439.51,
            411.57,
            474.64,
            502.3,
            412.14,
            440.99,
            386.82,
            502.75,
            385.51,
            450.44,
            461.94,
            508.71,
            466.57,
            425.87,
            null,
            401.5,
            438.62,
            421.75,
            489.01,
            436.05,
            409.92,
            490.77,
            468.69
        ],
        [
            399.21,
            416.27,
            465.81,
            420.71,
            385.91,
            461.41,
            513.63,
            445.69,
            498.85,
            453.64,
            491.51,
            434.59,
            443.01,
            476.67,
            443.47,
            389.03,
            417.25,
            465.22,
            453.61,
            508.69,
            386.53,
            387.15,
            null,
            434.11,
            388.02,
            457.97,
            479.03,
            440.62,
            403.9,
            415.71
        ],
        [
            465.26,
            510.51,
            512.85,
            445.94,
            442.52,
            412.04,
            480.82,
            464.53,
            503.35,
            398.67,
            426.65,
            399.4,
            450.79,
            448.05,
            433.71,
            477.89,
            401.1,
            389.99,
            386.41,
            420.66,
            464.02,
            406.45,
            390.61,
            null,
            429.66,
            393.67,
            396.95,
            465.46,
            442.45,
            425.12
        ],
        [
            386.33,
            391.29,
            471.85,
            480.93,
            497.04,
            466.9,
            466.98,
            398.9,
            425.83,
            393.29,
            503.93,
            401.78,
            453.84,
            419.29,
            394.05,
            447.68,
            444.98,
            501.52,
            432.86,
            476.98,
            423.76,
            408.93,
            395.97,
            412.49,
            null,
            502.11,
            483.82,
            509.92,
            402.72,
            455.0
        ],
        [
            480.77,
            472.82,
            450.99,
            397.02,
            417.52,
            486.27,
            472.31,
            390.72,
            430.37,
            440.03,
            386.12,
            449.72,
            486.05,
            512.55,
            411.78,
            458.33,
            488.31,
            493.0,
            398.37,
            484.87,
            513.92,
            390.75,
            388.54,
            493.63,
            417.19,
            null,
            493.24,
            508.1,
            441.86,
            492.2
        ],
        [
            469.16,
            511.8,
            477.04,
            461.86,
            506.42,
            401.77,
            436.03,
            440.23,
            497.69,
            443.35,
            507.82,
            491.98,
            410.76,
            429.12,
            418.46,
            511.43,
            486.41,
            400.11,
            475.22,
            490.86,
            449.91,
            508.36,
            393.58,
            507.26,
            435.57,
            509.99,
            null,
            511.05,
            393.1,
            451.09
        ],
        [
            482.94,
            408.21,
            452.2,
            458.06,
            453.98,
            414.35,
            430.84,
            432.12,
            425.24,
            513.55,
            443.37,
            387.28,
            390.31,
            484.33,
            452.57,
            501.35,
            393.95,
            452.29,
            450.79,
            398.23,
            441.54,
            512.23,
            422.37,
            506.23,
            452.18,
            493.33,
            506.82,
            null,
            455.61,
            486.02
        ],
        [
            394.02,
            417.18,
            413.73,
            463.55,
            485.09,
            504.6,
            426.25,
            415.55,
            459.15,
            450.85,
            469.41,
            469.21,
            505.75,
            397.82,
            403.85,
            403.72,
            511.21,
            504.2,
            488.96,
            433.43,
            431.56,
            486.95,
            474.96,
            400.26,
            436.33,
            449.62,
            440.06,
            441.17,
            null,
            386.8
        ],
        [
            472.23,
            386.75,
            457.16,
            501.4,
            465.83,
            439.65,
            493.15,
            423.44,
            454.76,
            497.62,
            490.64,
            437.01,
            431.83,
            416.89,
            412.86,
            450.7,
            495.83,
            423.73,
            467.38,
            491.04,
            401.23,
            432.37,
            493.34,
            401.09,
            495.77,
            490.56,
            429.18,
            487.43,
            394.74,
            null
        ]
    ],
    "tempos_processamento": [
        474.65,
        481.54,
        452.21,
        272.4,
        220.84,
        385.81,
        285.81,
        564.83,
        484.95,
        360.76,
        210.94,
        587.49,
        200.48,
        184.33,
        208.98,
        314.09,
        700.79,
        382.43,
        207.83,
        451.04,
        397.12,
        513.0,
        517.16,
        191.99,
        308.23,
        520.65,
        575.96,
        701.0,
        681.0,
        674.18
    ],
    "ready_times": [
        161.97,
        662.22,
        622.04,
        814.53,
        212.65,
        395.12,
        1411.33,
        1396.47,
        959.87,
        1139.51,
        11.18,
        592.64,
        892.02,
        1349.4,
        357.13,
        938.31,
        674.94,
        242.18,
        0.0,
        51.67,
        807.7,
        1380.12,
        367.87,
        562.2,
        843.49,
        1062.55,
        104.94,
        1341.4,
        1485.97,
        983.91
    ]
}