{
    "configuracao": {
        "codigo_cenario": "HHLHLHL",
        "nivel_ready_time": "alta",
        "variabilidade_processamento": "alta",
        "media_processamento": "baixa",
        "estrutura_setup": "assimetrica",
        "variabilidade_setup": "baixa",
        "n_maquinas": 10,
        "n_medio_jobs_maquina": 3,
        "n_jobs": 30
    },
    "matriz_setup": [
        [
            null,
            514.61,
            492.52,
            433.21,
            488.54,
            498.67,
            397.97,
            500.42,
            509.96,
            386.73,
            484.49,
            467.17,
            463.93,
            423.61,
            498.32,
            402.68,
            459.2,
            402.58,
            457.76,
            432.69,
            441.72,
            498.87,
            440.16,
            433.51,
            436.91,
            423.2,
            398.69,
            411.67,
            491.96,
            478.5
        ],
        [
            393.66,
            null,
            504.74,
            511.38,
            494.8,
            437.79,
            491.42,
            394.02,
            393.41,
            431.82,
            416.43,
            490.5,
            494.47,
            405.11,
            478.22,
            495.82,
            385.39,
            478.7,
            428.96,
            488.55,
            453.03,
            475.43,
            501.7,
            440.94,
            452.73,
            504.23,
            405.57,
            509.01,
            502.1,
            452.43
        ],
        [
            392.03,
            490.69,
            null,
            451.41,
            450.82,
            403.57,
            389.22,
            400.56,
            492.71,
            511.92,
            504.18,
            401.77,
            444.91,
            489.88,
            514.31,
            441.59,
            419.57,
            482.69,
            456.3,
            397.53,
            424.68,
            502.41,
            436.19,
            385.86,
            489.4,
            390.25,
            424.04,
            427.87,
            446.72,
            460.09
        ],
        [
            500.45,
            499.55,
            394.94,
            null,
            493.02,
            459.8,
            471.27,
            454.39,
            514.88,
            386.24,
            451.91,
            387.03,
            481.74,
            415.93,
            470.93,
            486.8,
            405.45,
            420.53,
            434.6,
            508.44,
            489.96,
            471.07,
            512.12,
            474.29,
            393.86,
            390.1,
            448.74,
            406.8,
            494.34,
            402.56
        ],
        [
            466.34,
            493.44,
            504.48,
            481.35,
            null,
            421.79,
            459.63,
            475.57,
            418.85,
            450.91,
            446.79,
            460.43,
            472.24,
            459.56,
            438.46,
            444.92,
            446.51,
            489.64,
            416.02,
            482.61,
            451.23,
            427.19,
            387.36,
            454.5,
            488.1,
            450.05,
            465.21,
            508.24,
            485.94,
            419.23
        ],
        [
            389.18,
            435.11,
            404.48,
            509.35,
            414.13,
            null,
            460.59,
            404.13,
            418.02,
            430.42,
            514.14,
            414.52,
            476.04,
            510.67,
            452.64,
            496.51,
            402.88,
            460.6,
            400.14,
            496.12,
            408.71,
            498.28,
            460.07,
            464.93,
            397.32,
            467.12,
            491.76,
            448.09,
            464.23,
            502.24
        ],
        [
            486.96,
            420.33,
            395.76,
            509.07,
            387.86,
            461.7,
            null,
            466.18,
            482.58,
            467.87,
            462.0,
            412.62,
            437.41,
            507.14,
            463.44,
            433.93,
            443.57,
            499.4,
            449.71,
            420.57,
            415.87,
            427.67,
            489.91,
            395.88,
            505.64,
            424.94,
            444.82,
            422.47,
            480.34,
            434.58
        ],
        [
            415.51,
            513.03,
            409.49,
            437.71,
            491.23,
            472.75,
            493.89,
            null,
            433.25,
            491.06,
            444.2,
            426.15,
            500.77,
            419.45,
            415.04,
            440.77,
            418.25,
            476.7,
            396.47,
            387.35,
            403.19,
            490.72,
            485.43,
            420.98,
            488.18,
            447.08,
            433.47,
            423.16,
            436.4,
            404.77
        ],
        [
            483.67,
            467.21,
            500.72,
            472.82,
            411.43,
            447.11,
            459.18,
            489.83,
            null,
            413.24,
            401.74,
            457.95,
            389.78,
            471.15,
            502.39,
            390.91,
            447.98,
            449.27,
            463.36,
            400.44,
            418.0,
            389.88,
            476.62,
            392.51,
            410.1,
            450.43,
            438.74,
            397.63,
            450.11,
            420.7
        ],
        [
            475.77,
            391.8,
            396.23,
            471.03,
            489.28,
            465.49,
            495.15,
            449.5,
            407.32,
            null,
            444.68,
            416.06,
            514.25,
            474.48,
            441.81,
            467.08,
            477.19,
            478.44,
            416.66,
            458.26,
            414.24,
            398.07,
            478.57,
            397.42,
            405.71,
            511.91,
            448.87,
            394.8,
            479.91,
            496.77
        ],
        [
            450.2,
            486.06,
            427.07,
            456.27,
            451.41,
            482.86,
            389.37,
            462.04,
            467.29,
            413.26,
            null,
            492.29,
            488.27,
            503.04,
            511.41,
            488.66,
            496.18,
            482.53,
            441.29,
            484.84,
            470.03,
            435.97,
            442.69,
            429.33,
            418.81,
            452.01,
            502.95,
            412.76,
            412.58,
            426.82
        ],
        [
            504.82,
            459.88,
            432.22,
            435.09,
            488.6,
            481.26,
            472.47,
            408.49,
            481.08,
            443.16,
            433.03,
            null,
            477.55,
            387.12,
            446.3,
            488.99,
            458.48,
            396.8,
            440.63,
            386.02,
            482.42,
            441.62,
            393.0,
            485.96,
            457.49,
            500.38,
            413.51,
            474.76,
            494.23,
            458.24
        ],
        [
            504.92,
            510.66,
            456.62,
            400.7,
            478.25,
            434.99,
            487.32,
            442.37,
            466.27,
            424.24,
            385.48,
            423.58,
            null,
            483.39,
            474.45,
            474.29,
            422.87,
            386.27,
            496.35,
            482.4,
            487.23,
            422.87,
            415.5,
            393.63,
            393.12,
            399.82,
            425.22,
            514.55,
            481.18,
            387.78
        ],
        [
            499.72,
            475.63,
            451.99,
            486.96,
            480.35,
            410.48,
            475.68,
            414.27,
            399.61,
            420.09,
            404.94,
            398.23,
            501.23,
            null,
            462.15,
            411.36,
            447.63,
            401.3,
            426.83,
            469.98,
            411.4,
            427.13,
            411.93,
            463.35,
            462.92,
            401.02,
            495.65,
            431.78,
            473.37,
            447.04
        ],
        [
            456.63,
            434.7,
            503.86,
            427.73,
            513.61,
            435.0,
            514.59,
            391.69,
            449.9,
            448.12,
            482.24,
            495.78,
            494.58,
            456.86,
            null,
            420.59,
            486.74,
            413.28,
            475.23,
            390.06,
            450.12,
            445.62,
            415.31,
            472.84,
            459.8,
            393.14,
            452.65,
            458.89,
            405.47,
            483.31
        ],
        [
            405.82,
            463.88,
            399.64,
            471.65,
            493.31,
            445.02,
            438.92,
            500.54,
            458.28,
            440.66,
            390.21,
            508.19,
            482.33,
            483.11,
            395.86,
            null,
            498.31,
            398.1,
            479.58,
            425.78,
            391.11,
            388.23,
            431.61,
            395.06,
            420.62,
            410.27,
            424.55,
            402.17,
            406.06,
            399.63
        ],
        [
            460.73,
            399.29,
            509.93,
            402.76,
            404.31,
            460.85,
            443.38,
            388.07,
            407.43,
            399.78,
            489.47,
            512.76,
            395.43,
            437.09,
            508.46,
            475.4,
            null,
            406.29,
            477.09,
            509.85,
            446.82,
            418.62,
            487.9,
            458.59,
            431.45,
            442.24,
            424.16,
            428.53,
            477.52,
            462.35
        ],
        [
            433.88,
            416.72,
            448.94,
            457.48,
            497.71,
            455.76,
            483.59,
            386.4,
            418.17,
            465.78,
            479.09,
            430.74,
            482.71,
            457.0,
            388.34,
            398.99,
            448.3,
            null,
            447.27,
            457.49,
            450.94,
            464.65,
            408.79,
            500.72,
            502.46,
            436.2,
            436.68,
            490.93,
            411.86,
            507.27
        ],
        [
            394.85,
            512.33,
            410.04,
            482.4,
            440.27,
            464.64,
            455.84,
            474.08,
            508.48,
            454.72,
            459.73,
            491.44,
            484.04,
            486.9,
            476.15,
            387.07,
            493.56,
            461.44,
            null,
            441.0,
            399.63,
            486.4,
            434.13,
            490.96,
            448.02,
            497.62,
            488.41,
            439.05,
            436.42,
            406.7
        ],
        [
            437.23,
            477.47,
            455.46,
            401.42,
            427.89,
            413.84,
            471.0,
            489.14,
            421.15,
            403.41,
            455.99,
            385.88,
            463.53,
            500.65,
            437.11,
            452.6,
            408.02,
            455.37,
            397.91,
            null,
            396.03,
            463.65,
            508.08,
            429.39,
            474.09,
            406.88,
            507.68,
            450.51,
            500.73,
            458.33
        ],
        [
            472.52,
            452.3,
            394.09,
            488.19,
            385.61,
            482.93,
            411.35,
            413.64,
            417.1,
            471.08,
            503.06,
            506.53,
            406.49,
            420.83,
            453.35,
            394.74,
            396.39,
            386.58,
            406.18,
            505.29,
            null,
            468.26,
            423.76,
            490.33,
            487.78,
            503.65,
            416.45,
            457.11,
            435.11,
            480.4
        ],
        [
            429.11,
            480.17,
            497.24,
            480.93,
            405.97,
            451.06,
            389.94,
            497.82,
            409.02,
            497.99,
            487.13,
            467.78,
            386.49,
            454.15,
            459.18,
            442.69,
            421.12,
            417.92,
            464.0,
            444.39,
            445.61,
            null,
            386.67,
            445.44,
            412.44,
            392.29,
            490.89,
            512.95,
            444.59,
            430.1
        ],
        [
            390.42,
            493.45,
            389.4,
            437.73,
            427.12,
            463.32,
            403.06,
            497.76,
            418.8,
            468.59,
            466.07,
            460.46,
            501.11,
            403.49,
            435.51,
            425.25,
            418.75,
            476.8,
            432.15,
            506.68,
            414.99,
            458.52,
            null,
            425.97,
            406.88,
            421.0,
            484.58,
            434.84,
            445.25,
            440.77
        ],
        [
            493.87,
            456.95,
            451.38,
            414.88,
            399.69,
            397.6,
            500.05,
            426.33,
            407.84,
            507.06,
            416.38,
            431.05,
            448.54,
            449.16,
            503.44,
            467.08,
            434.92,
            430.6,
            414.46,
            477.89,
            434.73,
            440.63,
            507.66,
            null,
            489.65,
            476.05,
            499.72,
            508.27,
            428.36,
            402.26
        ],
        [
            402.25,
            399.2,
            459.49,
            463.63,
            474.31,
            405.39,
            451.76,
            426.59,
            449.85,
            414.63,
            502.03,
            439.0,
            501.75,
            415.97,
            508.64,
            395.88,
            493.09,
            437.14,
            412.04,
            500.5,
            418.19,
            386.84,
            507.59,
            406.33,
            null,
            474.91,
            410.17,
            422.9,
            483.99,
            402.41
        ],
        [
            441.38,
            488.46,
            436.99,
            397.63,
            407.81,
            389.81,
            486.11,
            399.04,
            501.06,
            475.09,
            501.88,
            478.19,
            428.09,
            445.0,
            489.56,
            511.56,
            469.74,
            478.38,
            385.14,
            502.21,
            499.11,
            479.86,
            396.64,
            440.08,
            436.9,
            null,
            506.64,
            403.46,
            403.88,
            410.22
        ],
        [
            510.98,
            387.56,
            391.61,
            439.54,
            492.34,
            429.14,
            421.34,
            479.39,
            454.88,
            440.6,
            421.99,
            435.31,
            500.76,
            514.21,
            453.77,
            501.45,
            401.69,
            489.71,
            465.61,
            401.42,
            413.38,
            390.77,
            435.89,
            470.4,
            501.71,
            442.62,
            null,
            423.67,
            497.8,
            403.47
        ],
        [
            514.78,
            481.21,
            476.78,
            403.26,
            505.22,
            479.18,
            421.9,
            385.61,
            512.64,
            507.3,
            440.0,
            487.34,
            467.0,
            476.11,
            490.13,
            471.63,
            395.57,
            418.84,
            484.77,
            509.03,
            402.56,
            404.46,
            405.83,
            488.56,
            412.73,
            512.23,
            386.09,
            null,
            440.3,
            457.59
        ],
        [
            465.75,
            434.66,
            475.11,
            388.2,
            441.22,
            424.77,
            412.76,
            462.95,
            513.39,
            502.01,
            473.95,
            442.94,
            394.43,
            407.49,
            466.0,
            445.39,
            425.67,
            462.37,
            471.99,
            455.03,
            452.2,
            492.94,
            428.33,
            496.48,
            402.87,
            393.27,
            497.04,
            462.09,
            null,
            505.89
        ],
        [
            417.78,
            402.82,
            409.75,
            481.68,
            435.6,
            474.39,
            505.03,
            425.87,
            400.99,
            503.72,
            479.84,
            460.14,
            482.37,
            444.34,
            400.5,
            441.37,
            400.58,
            412.8,
            513.47,
            396.22,
            413.12,
            402.17,
            442.59,
            489.31,
            454.3,
            456.77,
            486.75,
            437.28,
            385.51,
            null
        ]
    ],
    "tempos_processamento": [
        537.88,
        219.84,
        620.77,
        188.24,
        630.66,
        390.02,
        530.81,
        480.34,
        494.93,
        211.15,
        230.74,
        214.09,
        226.6,
        692.64,
        574.2,
        438.22,
        249.62,
        368.04,
        504.37,
        556.4,
        448.94,
        301.94,
        421.74,
        407.21,
        605.97,
        245.51,
        189.24,
        703.63,
        480.12,
        213.33
    ],
    "ready_times": [
        156.26,
        1245.75,
        113.25,
        753.31,
        402.77,
        660.35,
        813.18,
        921.23,
        1261.05,
        531.14,
        547.17,
        802.63,
        1148.35,
        678.6,
        1724.23,
        0.0,
        1585.28,
        257.41,
        1624.78,
        560.57,
        1029.13,
        1070.64,
        1568.84,
        1755.29,
        636.75,
        747.94,
        1090.37,
        489.02,
        938.63,
        793.4
    ]
}