{
    "configuracao": {
        "codigo_cenario": "HHLHLHL",
        "nivel_ready_time": "alta",
        "variabilidade_processamento": "alta",
        "media_processamento": "baixa",
        "estrutura_setup": "assimetrica",
        "variabilidade_setup": "baixa",
        "n_maquinas": 10,
        "n_medio_jobs_maquina": 3,
        "n_jobs": 30
    },
    "matriz_setup": [
        [
            null,
            498.93,
            484.26,
            415.29,
            422.54,
            443.18,
            450.82,
            400.4,
            399.74,
            455.33,
            467.19,
            405.8,
            431.42,
            420.01,
            463.7,
            504.43,
            478.33,
            389.21,
            497.18,
            411.31,
            440.52,
            425.7,
            390.15,
            392.6,
            446.86,
            510.39,
            411.05,
            483.08,
            405.8,
            423.75
        ],
        [
            420.4,
            null,
            408.87,
            425.06,
            470.8,
            422.54,
            463.15,
            459.76,
            477.49,
            416.08,
            427.43,
            480.38,
            445.92,
            485.02,
            427.5,
            514.61,
            448.74,
            413.45,
            474.17,
            418.75,
            425.91,
            470.11,
            399.16,
            512.61,
            457.02,
            480.88,
            491.78,
            465.66,
            482.32,
            497.69
        ],
        [
            503.5,
            502.34,
            null,
            502.62,
            435.37,
            433.91,
            471.07,
            447.05,
            408.07,
            476.54,
            453.98,
            455.75,
            401.74,
            487.76,
            478.42,
            467.0,
            468.79,
            476.15,
            466.42,
            470.82,
            395.54,
            414.76,
            494.07,
            484.92,
            484.29,
            427.65,
            453.99,
            476.28,
            398.21,
            450.85
        ],
        [
            512.19,
            431.85,
            390.33,
            null,
            461.11,
            426.98,
            510.32,
            422.33,
            445.36,
            502.15,
            431.09,
            468.18,
            511.08,
            408.3,
            500.5,
            445.2,
            446.49,
            472.68,
            473.67,
            397.81,
            440.65,
            467.46,
            472.3,
            437.78,
            496.32,
            449.62,
            514.47,
            492.51,
            391.31,
            494.18
        ],
        [
            397.51,
            511.58,
            454.89,
            418.15,
            null,
            500.71,
            444.7,
            460.79,
            434.36,
            408.76,
            415.55,
            396.12,
            396.36,
            467.4,
            447.92,
            411.78,
            402.6,
            457.22,
            469.56,
            478.05,
            441.96,
            431.26,
            470.26,
            436.53,
            457.75,
            510.98,
            443.06,
            444.86,
            450.26,
            498.08
        ],
        [
            450.72,
            403.3,
            432.84,
            394.82,
            422.86,
            null,
            422.87,
            389.11,
            473.45,
            392.54,
            449.98,
            507.38,
            480.77,
            457.46,
            429.91,
            450.68,
            501.5,
            424.96,
            463.4,
            440.73,
            403.55,
            398.95,
            472.68,
            395.85,
            454.8,
            391.34,
            424.89,
            511.78,
            395.78,
            452.13
        ],
        [
            411.24,
            484.28,
            450.68,
            455.29,
            446.07,
            437.06,
            null,
            478.57,
            399.66,
            484.89,
            488.3,
            487.33,
            510.03,
            416.31,
            477.35,
            438.06,
            487.58,
            457.35,
            427.69,
            461.59,
            481.51,
            471.53,
            441.04,
            412.87,
            432.09,
            412.79,
            446.71,
            498.35,
            407.5,
            486.27
        ],
        [
            505.03,
            513.14,
            390.87,
            405.5,
            486.64,
            477.12,
            411.92,
            null,
            417.49,
            439.38,
            448.68,
            414.9,
            441.63,
            398.21,
            455.31,
            414.41,
            511.64,
            478.47,
            393.04,
            499.01,
            499.54,
            468.4,
            387.37,
            457.99,
            421.04,
            462.4,
            512.23,
            395.46,
            478.08,
            492.71
        ],
        [
            397.62,
            396.55,
            480.15,
            417.88,
            454.57,
            441.07,
            420.49,
            479.09,
            null,
            460.83,
            474.52,
            426.87,
            444.64,
            390.49,
            461.53,
            453.46,
            448.34,
            407.63,
            389.2,
            396.79,
            430.19,
            410.98,
            487.14,
            502.2,
            430.01,
            397.34,
            451.52,
            473.57,
            388.88,
            393.27
        ],
        [
            504.51,
            388.15,
            488.59,
            412.96,
            438.42,
            464.72,
            475.02,
            512.31,
            390.56,
            null,
            505.71,
            505.57,
            491.1,
            475.61,
            391.92,
            481.28,
            471.33,
            431.91,
            410.58,
            503.06,
            460.49,
            487.22,
            425.73,
            418.3,
            473.39,
            387.41,
            387.94,
            419.12,
            431.58,
            473.15
        ],
        [
            393.56,
            468.12,
            426.62,
            475.44,
            474.51,
            439.85,
            386.33,
            495.85,
            490.8,
            510.36,
            null,
            489.58,
            491.76,
            470.04,
            448.22,
            458.86,
            461.05,
            475.56,
            433.1,
            488.29,
            410.63,
            431.73,
            442.38,
            484.7,
            488.16,
            491.84,
            444.55,
            474.63,
            479.28,
            478.66
        ],
        [
            501.56,
            456.22,
            400.99,
            472.31,
            496.09,
            408.65,
            472.55,
            388.52,
            416.46,
            413.16,
            497.37,
            null,
            423.01,
            444.83,
            425.57,
            463.84,
            431.33,
            493.55,
            502.36,
            432.92,
            412.57,
            501.16,
            447.67,
            478.39,
            476.18,
            474.2,
            467.86,
            468.37,
            457.37,
            503.64
        ],
        [
            472.94,
            416.12,
            386.0,
            451.1,
            503.3,
            395.77,
            451.28,
            435.06,
            413.63,
            456.16,
            408.2,
            449.0,
            null,
            511.93,
            455.82,
            510.22,
            417.15,
            458.49,
            387.18,
            432.91,
            428.12,
            406.86,
            460.02,
            508.87,
            489.3,
            472.12,
            403.62,
            390.95,
            391.9,
            485.16
        ],
        [
            507.99,
            415.67,
            443.34,
            398.19,
            425.3,
            422.92,
            471.78,
            488.94,
            504.82,
            389.92,
            444.6,
            429.59,
            449.95,
            null,
            450.88,
            409.83,
            514.82,
            385.76,
            440.38,
            508.18,
            499.57,
            458.83,
            474.71,
            506.24,
            413.32,
            409.67,
            503.19,
            416.29,
            433.49,
            392.63
        ],
        [
            433.85,
            505.61,
            511.35,
            411.55,
            503.52,
            513.88,
            392.6,
            387.64,
            431.53,
            427.17,
            435.69,
            408.49,
            514.44,
            418.62,
            null,
            430.93,
            432.41,
            427.41,
            481.1,
            461.96,
            502.57,
            460.62,
            464.55,
            403.53,
            438.58,
            397.76,
            427.34,
            509.24,
            431.31,
            428.79
        ],
        [
            453.83,
            437.05,
            439.26,
            451.95,
            390.39,
            423.73,
            479.31,
            404.89,
            459.86,
            442.96,
            482.05,
            479.9,
            480.04,
            390.34,
            513.45,
            null,
            494.05,
            491.56,
            494.29,
            396.44,
            410.48,
            463.82,
            428.18,
            461.36,
            464.37,
            466.8,
            396.43,
            413.9,
            451.07,
            432.21
        ],
        [
            416.9,
            436.09,
            469.7,
            419.91,
            447.03,
            470.44,
            484.85,
            402.93,
            441.84,
            448.85,
            490.66,
            428.38,
            441.37,
            398.61,
            452.49,
            423.97,
            null,
            408.85,
            508.88,
            493.66,
            440.31,
            485.66,
            407.14,
            391.33,
            472.12,
            470.65,
            483.96,
            414.01,
            419.0,
            507.62
        ],
        [
            485.89,
            494.17,
            397.09,
            395.65,
            459.36,
            409.06,
            444.24,
            466.12,
            496.6,
            509.61,
            479.8,
            398.78,
            468.19,
            397.57,
            477.62,
            472.63,
            392.22,
            null,
            436.89,
            453.78,
            493.45,
            411.69,
            512.78,
            401.1,
            420.17,
            453.22,
            478.22,
            445.66,
            491.51,
            497.52
        ],
        [
            449.27,
            426.69,
            504.55,
            454.33,
            445.81,
            393.39,
            467.03,
            393.98,
            511.8,
            444.18,
            397.06,
            486.61,
            409.33,
            435.44,
            412.42,
            470.9,
            420.45,
            417.95,
            null,
            475.54,
            419.91,
            425.84,
            451.14,
            401.81,
            426.78,
            427.79,
            454.48,
            450.02,
            472.4,
            388.39
        ],
        [
            499.68,
            502.95,
            502.81,
            496.63,
            501.19,
            434.17,
            490.45,
            451.91,
            426.94,
            391.5,
            434.57,
            465.49,
            463.97,
            507.29,
            402.64,
            473.27,
            404.48,
            490.29,
            391.85,
            null,
            495.57,
            422.03,
            472.21,
            458.58,
            506.8,
            442.66,
            494.49,
            419.18,
            462.33,
            491.74
        ],
        [
            468.89,
            473.24,
            410.58,
            444.31,
            420.79,
            487.63,
            441.8,
            497.43,
            499.42,
            444.79,
            514.32,
            487.76,
            458.95,
            466.04,
            481.46,
            409.38,
            514.93,
            487.89,
            391.5,
            462.75,
            null,
            406.74,
            411.25,
            503.09,
            398.25,
            407.56,
            496.31,
            385.21,
            457.04,
            387.49
        ],
        [
            468.3,
            466.38,
            510.62,
            452.01,
            404.69,
            405.09,
            389.02,
            405.16,
            495.47,
            405.54,
            432.23,
            472.31,
            501.32,
            487.92,
            438.79,
            421.29,
            415.62,
            476.86,
            464.07,
            502.94,
            423.28,
            null,
            471.03,
            485.73,
            493.36,
            400.02,
            423.36,
            387.18,
            406.7,
            483.61
        ],
        [
            451.04,
            387.56,
            484.24,
            471.65,
            499.4,
            461.74,
            432.04,
            403.89,
            461.67,
            513.1,
            396.5,
            493.32,
            496.47,
            443.9,
            434.78,
            494.87,
            397.15,
            439.48,
            488.74,
            493.36,
            441.94,
            509.83,
            null,
            423.03,
            485.25,
            436.97,
            417.12,
            474.16,
            496.33,
            477.3
        ],
        [
            438.35,
            455.74,
            506.49,
            391.5,
            456.22,
            440.34,
            414.62,
            443.08,
            510.24,
            486.1,
            430.57,
            392.57,
            492.18,
            490.56,
            461.31,
            401.32,
            402.36,
            493.83,
            427.86,
            468.16,
            461.91,
            500.72,
            482.92,
            null,
            388.74,
            495.06,
            486.17,
            388.77,
            496.47,
            387.47
        ],
        [
            396.43,
            460.14,
            484.97,
            413.56,
            396.87,
            428.45,
            401.68,
            432.79,
            476.54,
            435.49,
            396.04,
            415.4,
            419.57,
            437.93,
            478.06,
            466.21,
            466.85,
            397.57,
            458.1,
            419.84,
            458.03,
            461.07,
            458.08,
            495.72,
            null,
            441.8,
            493.87,
            460.98,
            442.88,
            397.52
        ],
        [
            410.09,
            416.27,
            416.25,
            408.07,
            467.39,
            385.28,
            398.65,
            425.0,
            403.31,
            481.79,
            492.66,
            459.5,
            429.96,
            427.52,
            390.5,
            485.95,
            492.83,
            488.84,
            394.96,
            467.6,
            461.85,
            444.88,
            396.95,
            405.51,
            420.35,
            null,
            447.28,
            465.82,
            469.23,
            412.47
        ],
        [
            392.58,
            474.84,
            446.55,
            413.57,
            476.7,
            420.46,
            489.1,
            438.6,
            446.87,
            464.35,
            473.58,
            405.0,
            389.09,
            426.39,
            399.72,
            420.42,
            488.84,
            491.05,
            497.02,
            421.44,
            402.2,
            426.31,
            484.42,
            485.16,
            507.08,
            441.65,
            null,
            480.05,
            421.84,
            400.4
        ],
        [
            403.19,
            503.7,
            504.39,
            513.25,
            398.64,
            407.0,
            490.06,
            498.35,
            444.05,
            484.39,
            441.49,
            404.68,
            491.2,
            414.32,
            423.96,
            405.54,
            456.35,
            433.79,
            418.72,
            450.19,
            422.03,
            416.89,
            462.59,
            470.92,
            432.96,
            501.27,
            481.65,
            null,
            514.08,
            393.84
        ],
        [
            420.48,
            482.62,
            390.6,
            500.26,
            514.29,
            395.22,
            403.09,
            482.58,
            455.31,
            513.25,
            423.81,
            506.12,
            501.13,
            451.78,
            494.53,
            413.24,
            400.24,
            435.89,
            457.56,
            467.24,
            487.08,
            439.38,
            460.37,
            419.76,
            436.4,
            471.14,
            511.4,
            499.15,
            null,
            427.49
        ],
        [
            447.95,
            481.24,
            447.64,
            454.05,
            391.62,
            437.62,
            421.23,
            410.3,
            434.66,
            424.21,
            447.78,
            417.26,
            513.52,
            419.18,
            482.54,
            489.49,
            409.51,
            430.97,
            431.23,
            392.63,
            497.68,
            461.17,
            496.58,
            487.84,
            399.57,
            394.26,
            397.69,
            478.56,
            391.86,
            null
        ]
    ],
    "tempos_processamento": [
        261.67,
        456.75,
        230.16,
        209.06,
        203.91,
        312.6,
        583.74,
        389.53,
        647.82,
        649.98,
        675.24,
        401.37,
        604.09,
        382.22,
        236.67,
        400.03,
        523.34,
        394.57,
        241.11,
        226.32,
        270.78,
        573.68,
        529.52,
        520.07,
        270.91,
        354.9,
        677.12,
        459.55,
        306.21,
        325.26
    ],
    "ready_times": [
        577.17,
        488.83,
        1166.6,
        542.23,
        1227.8,
        806.95,
        905.29,
        1305.02,
        1698.23,
        719.48,
        951.46,
        622.63,
        1636.93,
        797.5,
        1612.87,
        976.74,
        0.0,
        637.63,
        1545.09,
        1714.16,
        553.17,
        1398.84,
        1307.99,
        597.85,
        174.99,
        508.2,
        518.71,
        259.57,
        1490.16,
        1744.19
    ]
}