{
    "configuracao": {
        "codigo_cenario": "HHLHLHL",
        "nivel_ready_time": "alta",
        "variabilidade_processamento": "alta",
        "media_processamento": "baixa",
        "estrutura_setup": "assimetrica",
        "variabilidade_setup": "baixa",
        "n_maquinas": 10,
        "n_medio_jobs_maquina": 3,
        "n_jobs": 30
    },
    "matriz_setup": [
        [
            null,
            450.82,
            511.21,
            514.84,
            458.51,
            442.12,
            510.28,
            393.57,
            432.08,
            505.7,
            409.91,
            416.04,
            430.1,
            428.92,
            440.7,
            461.82,
            475.27,
            465.1,
            459.28,
            505.85,
            386.77,
            397.03,
            507.59,
            426.2,
            410.12,
            437.57,
            412.32,
            503.12,
            440.5,
            387.32
        ],
        [
            425.89,
            null,
            506.18,
            396.59,
            471.45,
            474.72,
            428.4,
            393.97,
            447.71,
            454.2,
            407.34,
            475.1,
            446.29,
            410.93,
            439.86,
            412.85,
            395.95,
            411.46,
            415.67,
            488.23,
            405.36,
            404.58,
            470.8,
            426.0,
            444.16,
            427.94,
            506.46,
            487.37,
            489.28,
            494.13
        ],
        [
            434.61,
            454.04,
            null,
            419.24,
            419.13,
            456.22,
            441.85,
            505.41,
            413.37,
            495.78,
            416.39,
            432.62,
            398.8,
            493.91,
            416.9,
            459.5,
            505.47,
            433.52,
            403.47,
            495.19,
            396.14,
            473.26,
            500.0,
            459.59,
            479.85,
            506.96,
            483.99,
            464.89,
            500.63,
            415.8
        ],
        [
            505.2,
            458.99,
            402.27,
            null,
            506.62,
            420.86,
            501.51,
            511.09,
            405.07,
            416.95,
            497.31,
            415.48,
            434.12,
            444.09,
            407.49,
            398.4,
            423.69,
            385.5,
            416.3,
            408.46,
            441.85,
            503.55,
            476.57,
            420.04,
            416.24,
            396.62,
            433.34,
            388.3,
            414.69,
            421.61
        ],
        [
            446.69,
            420.63,
            511.67,
            444.68,
            null,
            505.21,
            395.09,
            418.93,
            426.26,
            450.93,
            472.08,
            496.48,
            445.19,
            512.16,
            405.65,
            395.98,
            468.03,
            443.96,
            412.27,
            456.47,
            393.24,
            467.6,
            475.95,
            474.14,
            394.6,
            511.43,
            445.09,
            507.36,
            385.24,
            476.42
        ],
        [
            494.51,
            488.23,
            455.06,
            457.29,
            450.91,
            null,
            416.07,
            437.5,
            395.79,
            464.95,
            461.44,
            469.87,
            502.3,
            416.09,
            432.31,
            458.77,
            508.14,
            499.11,
            502.26,
            506.73,
            444.59,
            430.57,
            486.29,
            452.98,
            481.41,
            396.77,
            489.44,
            395.02,
            390.79,
            457.97
        ],
        [
            472.39,
            470.66,
            506.54,
            421.82,
            394.31,
            415.76,
            null,
            397.57,
            504.32,
            394.14,
            400.07,
            415.75,
            388.48,
            488.63,
            497.26,
            480.8,
            506.34,
            418.99,
            426.08,
            445.89,
            418.35,
            500.45,
            504.7,
            411.73,
            453.83,
            514.11,
            425.29,
            503.4,
            502.25,
            438.88
        ],
        [
            484.82,
            392.35,
            406.76,
            426.78,
            415.89,
            451.63,
            440.04,
            null,
            452.85,
            466.19,
            472.48,
            499.58,
            482.77,
            448.96,
            460.77,
            391.57,
            504.58,
            511.63,
            429.48,
            408.54,
            478.74,
            475.56,
            451.1,
            396.64,
            441.05,
            462.69,
            407.32,
            500.32,
            395.24,
            505.94
        ],
        [
            489.06,
            449.71,
            505.98,
            436.23,
            459.27,
            415.29,
            458.14,
            426.88,
            null,
            399.65,
            408.85,
            387.88,
            435.08,
            403.14,
            471.98,
            472.55,
            459.51,
            405.04,
            499.68,
            392.86,
            508.47,
            481.64,
            412.66,
            495.34,
            511.54,
            468.99,
            406.14,
            408.56,
            465.05,
            418.74
        ],
        [
            408.47,
            483.68,
            444.49,
            436.96,
            498.86,
            386.5,
            493.54,
            450.57,
            391.1,
            null,
            414.45,
            456.92,
            400.01,
            480.29,
            452.77,
            500.73,
            473.03,
            451.03,
            498.27,
            398.27,
            478.87,
            389.65,
            427.81,
            401.65,
            446.07,
            490.52,
            434.5,
            424.07,
            447.93,
            512.07
        ],
        [
            458.17,
            471.3,
            421.42,
            417.33,
            388.33,
            450.1,
            498.86,
            479.97,
            458.05,
            407.71,
            null,
            421.82,
            416.0,
            497.29,
            425.93,
            407.63,
            420.65,
            416.72,
            385.94,
            454.68,
            452.01,
            422.68,
            453.06,
            451.73,
            431.01,
            486.57,
            410.16,
            493.23,
            452.48,
            445.15
        ],
        [
            504.94,
            389.24,
            459.17,
            485.05,
            502.28,
            441.28,
            385.25,
            499.08,
            470.9,
            479.45,
            420.03,
            null,
            455.73,
            474.53,
            510.63,
            504.9,
            476.4,
            394.0,
            454.61,
            401.84,
            417.78,
            447.83,
            475.87,
            443.16,
            403.8,
            480.58,
            494.73,
            407.95,
            456.83,
            500.96
        ],
        [
            424.38,
            512.51,
            500.51,
            509.97,
            478.44,
            431.42,
            483.45,
            413.23,
            483.01,
            513.84,
            480.46,
            430.36,
            null,
            393.13,
            404.27,
            457.61,
            386.92,
            493.48,
            403.98,
            444.67,
            412.4,
            489.25,
            423.2,
            458.93,
            498.53,
            505.45,
            441.81,
            420.09,
            390.8,
            432.89
        ],
        [
            413.3,
            417.53,
            477.58,
            407.8,
            494.27,
            487.58,
            489.44,
            481.22,
            415.49,
            507.27,
            485.96,
            393.19,
            457.19,
            null,
            463.62,
            485.72,
            450.8,
            494.52,
            509.28,
            410.28,
            417.53,
            489.53,
            443.31,
            471.26,
            405.24,
            476.65,
            427.27,
            493.28,
            400.97,
            401.61
        ],
        [
            388.39,
            396.12,
            421.61,
            404.76,
            462.55,
            497.41,
            388.68,
            428.23,
            442.66,
            488.99,
            485.17,
            436.8,
            504.61,
            467.9,
            null,
            465.17,
            497.84,
            436.49,
            420.1,
            487.06,
            479.75,
            484.02,
            421.28,
            387.3,
            417.31,
            489.64,
            436.49,
            471.05,
            405.68,
            390.98
        ],
        [
            491.53,
            428.2,
            503.6,
            422.35,
            391.62,
            485.62,
            419.3,
            413.94,
            406.24,
            405.59,
            422.92,
            399.46,
            446.61,
            418.06,
            404.33,
            null,
            437.2,
            492.75,
            410.42,
            484.69,
            504.02,
            432.57,
            498.16,
            451.13,
            449.92,
            462.31,
            425.22,
            438.58,
            492.52,
            477.87
        ],
        [
            453.24,
            468.84,
            507.9,
            514.8,
            394.15,
            492.7,
            471.55,
            502.57,
            445.99,
            448.75,
            423.08,
            490.96,
            429.57,
            420.0,
            504.84,
            505.31,
            null,
            446.56,
            497.27,
            391.27,
            413.79,
            453.82,
            473.03,
            410.89,
            466.03,
            477.73,
            422.62,
            507.05,
            439.77,
            451.38
        ],
        [
            486.45,
            385.09,
            431.99,
            401.25,
            402.03,
            393.11,
            493.67,
            438.5,
            406.56,
            484.11,
            440.57,
            424.46,
            395.77,
            497.38,
            422.34,
            409.53,
            467.29,
            null,
            512.99,
            506.16,
            390.81,
            407.02,
            480.52,
            393.2,
            418.06,
            394.07,
            390.42,
            446.22,
            392.34,
            490.06
        ],
        [
            453.9,
            411.47,
            472.58,
            493.68,
            508.04,
            415.36,
            479.36,
            481.26,
            464.09,
            396.21,
            398.31,
            414.37,
            493.38,
            427.73,
            412.83,
            429.66,
            423.74,
            387.11,
            null,
            458.1,
            429.29,
            508.82,
            443.42,
            441.17,
            398.63,
            446.98,
            442.08,
            496.77,
            481.45,
            450.57
        ],
        [
            487.6,
            430.26,
            426.8,
            424.25,
            407.18,
            456.6,
            484.47,
            403.56,
            509.17,
            464.3,
            385.09,
            487.28,
            451.16,
            489.03,
            512.2,
            477.76,
            449.17,
            399.52,
            432.18,
            null,
            434.43,
            461.99,
            464.93,
            389.88,
            426.94,
            408.76,
            482.63,
            442.67,
            429.25,
            397.14
        ],
        [
            464.48,
            394.97,
            389.22,
            449.86,
            432.58,
            508.24,
            390.66,
            473.83,
            475.1,
            388.39,
            434.22,
            507.47,
            505.41,
            511.24,
            479.98,
            506.47,
            509.51,
            497.29,
            390.22,
            501.8,
            null,
            462.51,
            443.7,
            398.45,
            385.84,
            401.35,
            456.78,
            482.85,
            404.19,
            459.48
        ],
        [
            480.92,
            432.72,
            388.65,
            486.91,
            484.46,
            481.33,
            424.46,
            450.44,
            425.08,
            397.33,
            442.95,
            499.92,
            424.0,
            462.75,
            445.02,
            481.76,
            490.32,
            398.31,
            467.23,
            488.65,
            499.39,
            null,
            486.71,
            513.14,
            465.92,
            477.22,
            411.47,
            504.0,
            464.27,
            446.31
        ],
        [
            466.76,
            514.63,
            432.38,
            455.23,
            413.17,
            492.8,
            430.89,
            459.6,
            389.31,
            472.76,
            449.21,
            476.47,
            450.14,
            456.15,
            456.87,
            435.06,
            425.3,
            399.97,
            385.1,
            465.34,
            502.34,
            455.52,
            null,
            449.64,
            391.36,
            407.1,
            444.26,
            388.85,
            415.93,
            491.03
        ],
        [
            397.94,
            425.7,
            455.71,
            444.03,
            439.61,
            488.05,
            438.36,
            508.9,
            489.73,
            463.3,
            437.55,
            489.71,
            473.97,
            437.73,
            462.83,
            432.26,
            430.92,
            433.47,
            416.03,
            476.28,
            410.3,
            390.6,
            440.46,
            null,
            514.71,
            443.12,
            402.52,
            451.63,
            433.8,
            432.57
        ],
        [
            440.94,
            459.67,
            470.59,
            385.69,
            492.93,
            482.05,
            438.07,
            482.53,
            476.97,
            456.69,
            424.33,
            397.0,
            496.11,
            406.08,
            393.19,
            513.03,
            495.6,
            389.26,
            501.77,
            401.64,
            386.33,
            506.8,
            465.36,
            416.77,
            null,
            500.51,
            446.43,
            454.17,
            416.74,
            502.5
        ],
        [
            462.18,
            501.87,
            438.86,
            475.39,
            407.67,
            386.84,
            440.4,
            423.67,
            412.27,
            467.2,
            501.62,
            398.32,
            476.59,
            454.78,
            447.15,
            409.24,
            443.22,
            426.68,
            396.08,
            404.08,
            499.12,
            461.35,
            438.18,
            473.41,
            397.55,
            null,
            452.8,
            403.95,
            438.06,
            499.95
        ],
        [
            449.13,
            431.81,
            501.24,
            454.15,
            486.75,
            412.29,
            457.1,
            497.05,
            489.15,
            398.4,
            418.7,
            421.6,
            480.06,
            393.86,
            506.37,
            469.23,
            445.45,
            421.36,
            475.35,
            482.76,
            405.82,
            414.29,
            426.36,
            513.84,
            389.39,
            439.37,
            null,
            444.97,
            443.88,
            408.94
        ],
        [
            442.71,
            502.37,
            429.66,
            444.76,
            405.14,
            457.99,
            433.91,
            392.58,
            399.94,
            459.83,
            436.48,
            495.7,
            483.93,
            426.57,
            502.64,
            496.18,
            408.25,
            434.71,
            496.49,
            432.64,
            510.99,
            499.02,
            411.18,
            463.26,
            477.22,
            390.94,
            411.27,
            null,
            503.84,
            508.44
        ],
        [
            410.66,
            509.16,
            471.88,
            481.08,
            487.26,
            462.7,
            434.18,
            402.09,
            513.25,
            440.0,
            447.21,
            391.29,
            480.98,
            480.0,
            506.34,
            458.53,
            502.28,
            416.58,
            459.77,
            496.3,
            483.35,
            464.72,
            457.12,
            445.55,
            415.91,
            444.74,
            400.2,
            470.53,
            null,
            387.85
        ],
        [
            427.66,
            478.85,
            393.66,
            491.93,
            422.74,
            398.02,
            438.47,
            407.13,
            433.5,
            418.93,
            512.05,
            395.93,
            459.13,
            437.38,
            433.53,
            512.83,
            401.59,
            410.24,
            400.1,
            394.16,
            493.0,
            386.3,
            440.27,
            403.49,
            487.65,
            453.08,
            399.49,
            391.89,
            498.96,
            null
        ]
    ],
    "tempos_processamento": [
        194.65,
        186.23,
        550.26,
        396.16,
        610.05,
        698.31,
        699.92,
        517.43,
        412.17,
        383.58,
        181.34,
        471.4,
        686.48,
        308.27,
        378.59,
        297.08,
        314.89,
        393.43,
        366.53,
        354.57,
        482.48,
        344.91,
        202.29,
        355.71,
        404.22,
        411.31,
        192.87,
        523.23,
        565.07,
        325.74
    ],
    "ready_times": [
        1152.5,
        1063.04,
        621.73,
        875.32,
        103.76,
        1488.58,
        252.7,
        1.56,
        669.69,
        441.76,
        1041.92,
        1296.41,
        590.99,
        1202.02,
        908.97,
        0.0,
        794.4,
        86.29,
        402.71,
        1616.06,
        316.05,
        1198.8,
        1427.14,
        1507.88,
        1314.12,
        207.9,
        465.69,
        574.86,
        1618.36,
        231.99
    ]
}