{
    "configuracao": {
        "codigo_cenario": "HHLHLHL",
        "nivel_ready_time": "alta",
        "variabilidade_processamento": "alta",
        "media_processamento": "baixa",
        "estrutura_setup": "assimetrica",
        "variabilidade_setup": "baixa",
        "n_maquinas": 10,
        "n_medio_jobs_maquina": 3,
        "n_jobs": 30
    },
    "matriz_setup": [
        [
            null,
            407.42,
            419.63,
            499.38,
            460.36,
            477.55,
            435.99,
            485.18,
            498.24,
            394.69,
            483.4,
            391.9,
            478.71,
            418.82,
            444.88,
            499.91,
            466.8,
            508.88,
            455.54,
            435.84,
            474.63,
            493.4,
            424.84,
            471.91,
            456.9,
            457.99,
            419.9,
            490.28,
            422.36,
            446.6
        ],
        [
            489.31,
            null,
            386.83,
            479.63,
            434.11,
            413.5,
            419.86,
            479.26,
            430.94,
            476.18,
            415.94,
            428.45,
            493.3,
            412.01,
            444.55,
            509.62,
            497.6,
            448.42,
            490.08,
            410.5,
            486.82,
            475.55,
            471.26,
            506.12,
            431.39,
            514.31,
            496.09,
            417.65,
            420.35,
            462.96
        ],
        [
            446.02,
            409.74,
            null,
            489.75,
            481.19,
            407.22,
            478.34,
            459.51,
            506.93,
            413.39,
            418.44,
            508.51,
            388.83,
            501.47,
            462.5,
            388.29,
            418.27,
            428.75,
            445.53,
            492.72,
            513.12,
            404.04,
            493.11,
            393.27,
            486.65,
            510.04,
            494.49,
            398.17,
            449.85,
            462.27
        ],
        [
            512.04,
            447.69,
            471.43,
            null,
            436.13,
            482.18,
            418.17,
            411.86,
            484.52,
            471.47,
            499.71,
            429.28,
            386.0,
            514.13,
            500.96,
            496.56,
            420.07,
            412.36,
            418.77,
            481.67,
            452.45,
            496.84,
            467.44,
            447.71,
            388.05,
            503.42,
            396.07,
            442.25,
            448.44,
            478.97
        ],
        [
            485.55,
            444.89,
            403.09,
            503.05,
            null,
            498.54,
            487.21,
            491.94,
            438.6,
            412.2,
            447.18,
            389.45,
            513.39,
            442.84,
            468.81,
            444.79,
            453.1,
            409.18,
            419.47,
            438.81,
            431.34,
            462.23,
            463.03,
            455.64,
            486.21,
            427.16,
            467.41,
            440.43,
            398.74,
            438.14
        ],
        [
            462.71,
            445.08,
            398.42,
            488.58,
            454.58,
            null,
            399.06,
            467.06,
            438.75,
            471.6,
            458.66,
            401.98,
            416.18,
            426.18,
            454.65,
            494.65,
            490.52,
            432.74,
            395.38,
            425.01,
            476.2,
            509.87,
            429.56,
            509.55,
            429.43,
            503.57,
            479.74,
            462.76,
            445.96,
            409.36
        ],
        [
            474.82,
            429.44,
            404.6,
            504.92,
            390.01,
            396.6,
            null,
            387.14,
            490.27,
            451.5,
            424.5,
            484.03,
            415.61,
            429.64,
            471.14,
            459.6,
            419.32,
            393.01,
            412.37,
            477.05,
            402.35,
            438.34,
            500.37,
            496.58,
            450.25,
            470.7,
            443.89,
            472.5,
            434.44,
            468.43
        ],
        [
            408.8,
            447.83,
            411.7,
            428.86,
            489.27,
            479.71,
            502.24,
            null,
            404.42,
            401.15,
            457.11,
            391.05,
            472.29,
            477.3,
            440.83,
            453.62,
            481.16,
            416.76,
            452.33,
            467.87,
            396.72,
            392.34,
            463.22,
            388.71,
            500.91,
            424.19,
            403.49,
            498.55,
            491.7,
            428.67
        ],
        [
            439.79,
            444.24,
            388.46,
            514.87,
            485.39,
            410.44,
            510.22,
            479.16,
            null,
            431.36,
            449.49,
            395.0,
            441.77,
            401.57,
            398.24,
            498.53,
            398.35,
            483.82,
            455.96,
            479.94,
            422.0,
            406.42,
            457.08,
            424.64,
            508.76,
            420.0,
            417.57,
            464.36,
            390.05,
            427.9
        ],
        [
            471.47,
            462.28,
            387.34,
            460.25,
            477.21,
            473.56,
            489.66,
            508.14,
            462.85,
            null,
            460.16,
            506.76,
            488.1,
            449.88,
            391.4,
            498.68,
            392.27,
            456.15,
            473.46,
            419.96,
            418.57,
            451.69,
            385.66,
            402.98,
            503.22,
            488.34,
            397.77,
            463.21,
            505.07,
            468.63
        ],
        [
            426.41,
            493.92,
            403.9,
            495.28,
            494.89,
            400.4,
            476.48,
            511.31,
            393.46,
            484.15,
            null,
            464.34,
            463.18,
            461.16,
            439.74,
            509.52,
            473.59,
            390.58,
            386.79,
            417.3,
            497.7,
            494.45,
            412.16,
            448.47,
            483.58,
            488.77,
            482.85,
            417.59,
            499.84,
            425.35
        ],
        [
            466.47,
            440.42,
            406.69,
            501.73,
            484.71,
            498.9,
            393.87,
            468.4,
            407.77,
            445.73,
            401.6,
            null,
            442.61,
            480.35,
            472.86,
            389.59,
            478.42,
            389.07,
            462.2,
            387.78,
            436.25,
            428.53,
            484.82,
            495.45,
            411.63,
            479.09,
            444.11,
            389.3,
            393.41,
            392.89
        ],
        [
            488.43,
            388.88,
            407.83,
            510.85,
            424.0,
            505.76,
            470.14,
            396.54,
            495.91,
            393.43,
            424.78,
            403.51,
            null,
            413.68,
            500.85,
            501.9,
            495.88,
            473.31,
            444.89,
            493.43,
            400.34,
            444.65,
            397.16,
            481.61,
            486.26,
            394.43,
            461.07,
            392.64,
            465.94,
            398.16
        ],
        [
            493.84,
            478.81,
            389.86,
            427.38,
            425.59,
            443.89,
            401.77,
            511.9,
            404.95,
            395.06,
            484.97,
            509.72,
            429.84,
            null,
            390.89,
            445.85,
            513.11,
            464.21,
            419.03,
            434.37,
            441.3,
            411.62,
            431.81,
            479.75,
            474.25,
            392.18,
            514.7,
            440.27,
            420.32,
            490.87
        ],
        [
            509.34,
            480.63,
            485.16,
            416.59,
            406.78,
            489.24,
            407.8,
            482.12,
            409.25,
            432.11,
            487.37,
            453.76,
            491.14,
            503.35,
            null,
            496.21,
            513.79,
            427.63,
            423.26,
            460.98,
            422.71,
            450.05,
            425.41,
            414.23,
            451.01,
            434.06,
            400.34,
            418.63,
            424.09,
            442.05
        ],
        [
            492.9,
            453.69,
            471.6,
            492.08,
            387.66,
            397.66,
            490.33,
            461.63,
            483.9,
            513.86,
            481.28,
            458.51,
            418.53,
            491.56,
            409.73,
            null,
            408.35,
            465.71,
            440.52,
            401.19,
            510.5,
            491.81,
            498.42,
            398.63,
            475.61,
            505.07,
            397.32,
            483.66,
            512.6,
            452.44
        ],
        [
            508.26,
            442.58,
            508.47,
            480.47,
            464.07,
            454.12,
            402.72,
            470.66,
            409.87,
            405.59,
            422.27,
            412.2,
            505.02,
            427.5,
            417.61,
            496.35,
            null,
            461.87,
            513.53,
            485.35,
            442.85,
            475.08,
            485.93,
            399.32,
            469.04,
            409.87,
            387.95,
            398.01,
            464.12,
            482.33
        ],
        [
            390.22,
            500.04,
            404.54,
            495.05,
            481.5,
            459.26,
            514.38,
            400.69,
            458.76,
            404.32,
            499.56,
            449.87,
            514.89,
            477.53,
            417.28,
            396.64,
            465.92,
            null,
            400.57,
            443.65,
            402.23,
            397.14,
            396.99,
            388.67,
            495.03,
            441.15,
            407.65,
            393.7,
            465.17,
            409.46
        ],
        [
            427.54,
            505.66,
            479.55,
            480.3,
            397.87,
            468.44,
            487.77,
            430.87,
            450.62,
            395.65,
            416.03,
            477.35,
            491.61,
            465.93,
            481.57,
            513.49,
            513.67,
            463.13,
            null,
            474.91,
            501.36,
            487.55,
            501.11,
            394.88,
            507.16,
            500.51,
            461.03,
            512.33,
            401.98,
            388.07
        ],
        [
            432.8,
            408.33,
            498.84,
            400.05,
            403.59,
            503.83,
            470.94,
            385.52,
            485.75,
            501.53,
            440.41,
            395.9,
            472.0,
            444.1,
            405.3,
            424.55,
            447.66,
            397.18,
            437.54,
            null,
            492.97,
            508.54,
            510.13,
            493.5,
            395.76,
            507.81,
            386.16,
            482.38,
            488.86,
            391.16
        ],
        [
            456.45,
            468.31,
            461.78,
            389.58,
            388.71,
            481.55,
            429.94,
            509.73,
            434.94,
            479.12,
            460.0,
            396.09,
            431.46,
            484.17,
            475.59,
            434.38,
            477.35,
            435.63,
            493.23,
            505.76,
            null,
            485.8,
            424.03,
            514.57,
            432.89,
            498.9,
            471.25,
            391.37,
            496.28,
            414.69
        ],
        [
            452.23,
            458.99,
            390.76,
            465.26,
            445.47,
            496.79,
            455.76,
            469.27,
            490.08,
            393.12,
            422.27,
            453.03,
            510.15,
            450.25,
            389.33,
            388.96,
            445.76,
            471.71,
            459.47,
            463.11,
            444.59,
            null,
            391.06,
            447.83,
            510.94,
            487.5,
            430.04,
            508.7,
            393.37,
            479.95
        ],
        [
            416.79,
            424.91,
            506.88,
            477.52,
            473.79,
            503.23,
            408.75,
            488.99,
            447.28,
            407.09,
            509.64,
            429.94,
            403.12,
            418.64,
            423.17,
            392.67,
            435.62,
            442.13,
            440.02,
            501.61,
            404.28,
            496.86,
            null,
            438.62,
            386.14,
            464.63,
            399.55,
            470.73,
            504.32,
            455.48
        ],
        [
            467.78,
            418.09,
            477.6,
            449.53,
            436.19,
            450.79,
            499.14,
            499.49,
            509.25,
            417.08,
            428.6,
            433.04,
            426.54,
            419.27,
            421.28,
            398.2,
            407.89,
            417.39,
            436.12,
            405.95,
            486.3,
            413.58,
            437.61,
            null,
            428.39,
            490.53,
            403.87,
            482.14,
            430.17,
            482.69
        ],
        [
            424.83,
            415.69,
            472.9,
            411.91,
            411.3,
            454.51,
            396.38,
            410.86,
            510.73,
            413.66,
            425.36,
            422.19,
            453.34,
            468.17,
            405.07,
            432.02,
            461.66,
            397.23,
            466.0,
            452.48,
            412.02,
            398.71,
            499.58,
            490.83,
            null,
            492.74,
            414.75,
            432.13,
            399.93,
            403.28
        ],
        [
            476.77,
            392.61,
            395.85,
            437.9,
            399.07,
            498.26,
            471.95,
            443.0,
            415.3,
            486.05,
            445.56,
            464.22,
            473.03,
            447.7,
            507.58,
            432.59,
            482.83,
            455.86,
            436.37,
            407.05,
            429.04,
            414.06,
            464.76,
            412.34,
            512.36,
            null,
            432.56,
            425.75,
            415.82,
            442.73
        ],
        [
            481.91,
            442.08,
            503.37,
            510.93,
            439.26,
            507.12,
            449.09,
            510.05,
            462.89,
            416.95,
            464.67,
            399.79,
            471.4,
            485.4,
            493.11,
            408.17,
            455.35,
            430.88,
            399.18,
            447.31,
            449.81,
            401.06,
            441.56,
            503.1,
            402.74,
            390.8,
            null,
            426.81,
            466.85,
            415.36
        ],
        [
            411.34,
            462.03,
            469.29,
            477.33,
            422.12,
            504.68,
            428.46,
            509.56,
            434.28,
            413.44,
            499.66,
            428.93,
            440.11,
            503.19,
            428.92,
            482.97,
            472.65,
            450.13,
            508.02,
            489.57,
            385.55,
            431.53,
            456.14,
            414.25,
            487.33,
            486.31,
            482.57,
            null,
            422.6,
            402.6
        ],
        [
            484.94,
            498.69,
            408.82,
            509.95,
            444.99,
            401.22,
            451.32,
            400.07,
            493.69,
            422.47,
            397.83,
            496.38,
            445.59,
            430.08,
            410.05,
            498.29,
            417.41,
            490.27,
            414.88,
            480.88,
            466.58,
            499.08,
            385.89,
            397.56,
            386.21,
            425.56,
            388.11,
            441.77,
            null,
            462.16
        ],
        [
            477.19,
            447.53,
            427.64,
            513.08,
            385.36,
            424.74,
            431.89,
            396.59,
            444.49,
            431.5,
            483.19,
            440.46,
            418.13,
            444.12,
            454.46,
            482.4,
            514.57,
            499.91,
            488.81,
            474.16,
            466.37,
            511.41,
            452.62,
            514.04,
            420.54,
            398.22,
            417.26,
            507.88,
            432.25,
            null
        ]
    ],
    "tempos_processamento": [
        498.95,
        367.16,
        467.89,
        420.53,
        294.3,
        256.95,
        490.13,
        560.64,
        432.43,
        483.21,
        569.8,
        242.18,
        681.31,
        261.32,
        479.24,
        698.75,
        506.34,
        234.77,
        364.56,
        347.82,
        220.67,
        331.34,
        556.99,
        643.82,
        568.48,
        693.84,
        242.87,
        337.85,
        711.22,
        203.42
    ],
    "ready_times": [
        1677.98,
        1351.03,
        700.62,
        255.78,
        264.63,
        1592.85,
        563.68,
        1165.0,
        1097.87,
        353.86,
        607.03,
        921.99,
        1003.09,
        982.3,
        263.22,
        585.39,
        1419.49,
        1432.39,
        1019.37,
        1377.6,
        1147.59,
        225.33,
        1032.39,
        1424.24,
        290.08,
        61.57,
        507.04,
        0.0,
        48.57,
        54.53
    ]
}