{
    "configuracao": {
        "codigo_cenario": "HHHHHLL",
        "nivel_ready_time": "alta",
        "variabilidade_processamento": "alta",
        "media_processamento": "alta",
        "estrutura_setup": "assimetrica",
        "variabilidade_setup": "alta",
        "n_maquinas": 2,
        "n_medio_jobs_maquina": 3,
        "n_jobs": 6
    },
    "matriz_setup": [
        [
            null,
            374.75,
            376.84,
            532.87,
            445.84,
            342.17
        ],
        [
            479.02,
            null,
            482.41,
            381.96,
            510.73,
            368.51
        ],
        [
            465.63,
            473.07,
            null,
            578.99,
            391.84,
            423.13
        ],
        [
            538.21,
            524.47,
            530.73,
            null,
            375.28,
            525.61
        ],
        [
            538.17,
            321.53,
            343.5,
            432.03,
            null,
            332.8
        ],
        [
            429.27,
            332.26,
            482.35,
            493.68,
            516.9,
            null
        ]
    ],
    "tempos_processamento": [
        3991.41,
        4723.9,
        2957.98,
        5503.77,
        2602.03,
        2377.11
    ],
    "ready_times": [
        9452.05,
        2458.04,
        0.0,
        1780.43,
        8416.96,
        6230.59
    ]
}