{
    "configuracao": {
        "codigo_cenario": "HHHHHLL",
        "nivel_ready_time": "alta",
        "variabilidade_processamento": "alta",
        "media_processamento": "alta",
        "estrutura_setup": "assimetrica",
        "variabilidade_setup": "alta",
        "n_maquinas": 2,
        "n_medio_jobs_maquina": 3,
        "n_jobs": 6
    },
    "matriz_setup": [
        [
            null,
            539.25,
            320.78,
            320.36,
            473.02,
            376.0
        ],
        [
            371.44,
            null,
            392.78,
            353.87,
            428.89,
            472.62
        ],
        [
            467.69,
            438.47,
            null,
            376.24,
            477.22,
            482.68
        ],
        [
            355.81,
            402.96,
            372.24,
            null,
            470.45,
            421.9
        ],
        [
            408.58,
            574.36,
            422.96,
            448.78,
            null,
            397.71
        ],
        [
            573.82,
            507.71,
            456.17,
            347.52,
            563.66,
            null
        ]
    ],
    "tempos_processamento": [
        4115.18,
        5704.33,
        4594.56,
        6713.48,
        2941.59,
        4457.09
    ],
    "ready_times": [
        0.0,
        3168.84,
        7931.12,
        7460.13,
        5062.42,
        1118.17
    ]
}