{
    "configuracao": {
        "codigo_cenario": "HHHHHLL",
        "nivel_ready_time": "alta",
        "variabilidade_processamento": "alta",
        "media_processamento": "alta",
        "estrutura_setup": "assimetrica",
        "variabilidade_setup": "alta",
        "n_maquinas": 2,
        "n_medio_jobs_maquina": 3,
        "n_jobs": 6
    },
    "matriz_setup": [
        [
            null,
            538.48,
            405.06,
            436.83,
            570.52,
            341.2
        ],
        [
            535.39,
            null,
            523.39,
            353.96,
            455.48,
            511.55
        ],
        [
            523.19,
            577.15,
            null,
            450.16,
            372.31,
            535.16
        ],
        [
            417.58,
            416.84,
            531.13,
            null,
            441.38,
            554.76
        ],
        [
            515.0,
            500.68,
            434.43,
            442.06,
            null,
            423.25
        ],
        [
            399.94,
            579.42,
            406.98,
            549.72,
            378.82,
            null
        ]
    ],
    "tempos_processamento": [
        4247.87,
        4902.5,
        3198.07,
        2154.98,
        2192.96,
        5165.88
    ],
    "ready_times": [
        3340.1,
        0.0,
        3194.77,
        5342.92,
        5355.69,
        8333.14
    ]
}