{
    "configuracao": {
        "codigo_cenario": "HHHHHLL",
        "nivel_ready_time": "alta",
        "variabilidade_processamento": "alta",
        "media_processamento": "alta",
        "estrutura_setup": "assimetrica",
        "variabilidade_setup": "alta",
        "n_maquinas": 2,
        "n_medio_jobs_maquina": 3,
        "n_jobs": 6
    },
    "matriz_setup": [
        [
            null,
            399.08,
            478.81,
            364.42,
            403.21,
            329.82
        ],
        [
            416.11,
            null,
            543.43,
            421.69,
            360.47,
            489.12
        ],
        [
            530.03,
            553.4,
            null,
            513.81,
            343.94,
            463.96
        ],
        [
            556.68,
            560.16,
            452.37,
            null,
            574.68,
            551.7
        ],
        [
            478.59,
            470.51,
            576.2,
            574.84,
            null,
            337.47
        ],
        [
            331.42,
            529.31,
            385.96,
            407.07,
            525.14,
            null
        ]
    ],
    "tempos_processamento": [
        3986.45,
        3660.55,
        3931.5,
        2552.04,
        2744.72,
        4611.98
    ],
    "ready_times": [
        6737.85,
        1387.37,
        3373.77,
        0.0,
        4306.02,
        1609.9
    ]
}