{
    "configuracao": {
        "codigo_cenario": "HHHHHLL",
        "nivel_ready_time": "alta",
        "variabilidade_processamento": "alta",
        "media_processamento": "alta",
        "estrutura_setup": "assimetrica",
        "variabilidade_setup": "alta",
        "n_maquinas": 2,
        "n_medio_jobs_maquina": 3,
        "n_jobs": 6
    },
    "matriz_setup": [
        [
            null,
            455.84,
            555.96,
            490.72,
            575.73,
            435.93
        ],
        [
            425.54,
            null,
            505.97,
            413.83,
            526.98,
            573.04
        ],
        [
            361.16,
            504.94,
            null,
            462.56,
            461.48,
            372.05
        ],
        [
            357.91,
            499.63,
            411.99,
            null,
            411.0,
            529.67
        ],
        [
            557.82,
            562.48,
            542.25,
            454.57,
            null,
            353.68
        ],
        [
            504.21,
            439.72,
            551.78,
            334.28,
            441.0,
            null
        ]
    ],
    "tempos_processamento": [
        1916.85,
        7124.71,
        5634.14,
        3941.28,
        4087.91,
        7028.3
    ],
    "ready_times": [
        6189.31,
        3040.9,
        0.0,
        5764.2,
        4195.52,
        7742.09
    ]
}