{
    "configuracao": {
        "codigo_cenario": "HHHHHLL",
        "nivel_ready_time": "alta",
        "variabilidade_processamento": "alta",
        "media_processamento": "alta",
        "estrutura_setup": "assimetrica",
        "variabilidade_setup": "alta",
        "n_maquinas": 2,
        "n_medio_jobs_maquina": 3,
        "n_jobs": 6
    },
    "matriz_setup": [
        [
            null,
            562.33,
            505.3,
            324.23,
            497.59,
            379.5
        ],
        [
            537.08,
            null,
            539.23,
            400.95,
            529.55,
            421.16
        ],
        [
            419.09,
            491.99,
            null,
            463.96,
            551.86,
            474.91
        ],
        [
            425.42,
            391.65,
            366.83,
            null,
            526.51,
            553.72
        ],
        [
            547.86,
            556.51,
            512.58,
            540.42,
            null,
            422.45
        ],
        [
            438.24,
            347.02,
            344.95,
            366.54,
            407.71,
            null
        ]
    ],
    "tempos_processamento": [
        3874.38,
        4834.62,
        2618.35,
        6254.13,
        4514.21,
        3372.48
    ],
    "ready_times": [
        3826.8,
        1715.55,
        429.07,
        3892.75,
        0.0,
        3811.16
    ]
}