{
    "configuracao": {
        "codigo_cenario": "HHHHLLL",
        "nivel_ready_time": "alta",
        "variabilidade_processamento": "alta",
        "media_processamento": "alta",
        "estrutura_setup": "assimetrica",
        "variabilidade_setup": "baixa",
        "n_maquinas": 2,
        "n_medio_jobs_maquina": 3,
        "n_jobs": 6
    },
    "matriz_setup": [
        [
            null,
            470.55,
            431.65,
            509.53,
            405.87,
            411.97
        ],
        [
            469.76,
            null,
            439.38,
            466.29,
            508.49,
            471.75
        ],
        [
            462.52,
            470.51,
            null,
            509.38,
            389.52,
            406.3
        ],
        [
            401.32,
            471.43,
            393.24,
            null,
            477.18,
            486.28
        ],
        [
            495.37,
            467.32,
            504.45,
            494.71,
            null,
            513.42
        ],
        [
            496.26,
            485.05,
            494.56,
            499.46,
            501.49,
            null
        ]
    ],
    "tempos_processamento": [
        5833.19,
        2245.69,
        3750.2,
        2193.18,
        6559.69,
        5976.51
    ],
    "ready_times": [
        5500.53,
        3895.47,
        9283.47,
        5413.75,
        0.0,
        3457.97
    ]
}