{
    "configuracao": {
        "codigo_cenario": "HHHHLLL",
        "nivel_ready_time": "alta",
        "variabilidade_processamento": "alta",
        "media_processamento": "alta",
        "estrutura_setup": "assimetrica",
        "variabilidade_setup": "baixa",
        "n_maquinas": 2,
        "n_medio_jobs_maquina": 3,
        "n_jobs": 6
    },
    "matriz_setup": [
        [
            null,
            492.28,
            411.78,
            409.78,
            391.77,
            445.86
        ],
        [
            475.55,
            null,
            425.39,
            466.47,
            440.58,
            451.43
        ],
        [
            484.41,
            436.37,
            null,
            486.74,
            435.93,
            432.23
        ],
        [
            492.01,
            501.42,
            421.71,
            null,
            434.61,
            476.93
        ],
        [
            497.45,
            424.58,
            420.65,
            475.19,
            null,
            469.64
        ],
        [
            512.65,
            401.09,
            482.65,
            491.49,
            439.84,
            null
        ]
    ],
    "tempos_processamento": [
        6257.03,
        6023.0,
        5804.02,
        6431.9,
        4722.43,
        6268.92
    ],
    "ready_times": [
        2704.02,
        5001.04,
        7477.46,
        6091.77,
        0.0,
        6084.93
    ]
}