{
    "configuracao": {
        "codigo_cenario": "HHHHLLL",
        "nivel_ready_time": "alta",
        "variabilidade_processamento": "alta",
        "media_processamento": "alta",
        "estrutura_setup": "assimetrica",
        "variabilidade_setup": "baixa",
        "n_maquinas": 2,
        "n_medio_jobs_maquina": 3,
        "n_jobs": 6
    },
    "matriz_setup": [
        [
            null,
            405.25,
            468.53,
            386.88,
            500.77,
            396.81
        ],
        [
            441.64,
            null,
            426.91,
            475.51,
            500.44,
            423.59
        ],
        [
            431.05,
            486.89,
            null,
            398.01,
            479.57,
            464.38
        ],
        [
            495.5,
            481.93,
            407.2,
            null,
            406.51,
            473.18
        ],
        [
            489.89,
            504.89,
            450.23,
            457.01,
            null,
            427.82
        ],
        [
            394.5,
            495.56,
            463.83,
            499.41,
            478.54,
            null
        ]
    ],
    "tempos_processamento": [
        4708.29,
        2782.71,
        6876.4,
        2133.97,
        2919.83,
        3647.13
    ],
    "ready_times": [
        8424.89,
        4694.49,
        4464.14,
        4822.04,
        3416.29,
        0.0
    ]
}