{
    "configuracao": {
        "codigo_cenario": "HLHLLLL",
        "nivel_ready_time": "alta",
        "variabilidade_processamento": "baixa",
        "media_processamento": "alta",
        "estrutura_setup": "simetrica",
        "variabilidade_setup": "baixa",
        "n_maquinas": 2,
        "n_medio_jobs_maquina": 3,
        "n_jobs": 6
    },
    "matriz_setup": [
        [
            null,
            444.86,
            502.06,
            448.15,
            400.39,
            456.04
        ],
        [
            444.86,
            null,
            451.36,
            503.07,
            494.06,
            397.61
        ],
        [
            502.06,
            451.36,
            null,
            499.9,
            449.67,
            426.34
        ],
        [
            448.15,
            503.07,
            499.9,
            null,
            449.24,
            432.38
        ],
        [
            400.39,
            494.06,
            449.67,
            449.24,
            null,
            424.34
        ],
        [
            456.04,
            397.61,
            426.34,
            432.38,
            424.34,
            null
        ]
    ],
    "tempos_processamento": [
        4749.97,
        4341.44,
        4656.67,
        4332.39,
        4547.73,
        4465.06
    ],
    "ready_times": [
        3397.72,
        1377.32,
        0.0,
        8271.0,
        6492.93,
        4217.52
    ]
}