{
    "configuracao": {
        "codigo_cenario": "HLHLLLL",
        "nivel_ready_time": "alta",
        "variabilidade_processamento": "baixa",
        "media_processamento": "alta",
        "estrutura_setup": "simetrica",
        "variabilidade_setup": "baixa",
        "n_maquinas": 2,
        "n_medio_jobs_maquina": 3,
        "n_jobs": 6
    },
    "matriz_setup": [
        [
            null,
            513.47,
            492.34,
            464.69,
            497.09,
            452.42
        ],
        [
            513.47,
            null,
            419.0,
            503.4,
            393.22,
            452.43
        ],
        [
            492.34,
            419.0,
            null,
            441.25,
            472.32,
            472.47
        ],
        [
            464.69,
            503.4,
            441.25,
            null,
            514.57,
            391.69
        ],
        [
            497.09,
            393.22,
            472.32,
            514.57,
            null,
            388.53
        ],
        [
            452.42,
            452.43,
            472.47,
            391.69,
            388.53,
            null
        ]
    ],
    "tempos_processamento": [
        4558.65,
        4588.66,
        4488.65,
        4670.52,
        4262.92,
        4441.05
    ],
    "ready_times": [
        5370.17,
        0.0,
        7493.99,
        2957.75,
        1515.38,
        1012.2
    ]
}