{
    "configuracao": {
        "codigo_cenario": "HLHLLLL",
        "nivel_ready_time": "alta",
        "variabilidade_processamento": "baixa",
        "media_processamento": "alta",
        "estrutura_setup": "simetrica",
        "variabilidade_setup": "baixa",
        "n_maquinas": 2,
        "n_medio_jobs_maquina": 3,
        "n_jobs": 6
    },
    "matriz_setup": [
        [
            null,
            486.71,
            392.88,
            454.38,
            497.21,
            426.09
        ],
        [
            486.71,
            null,
            407.39,
            487.93,
            443.26,
            497.17
        ],
        [
            392.88,
            407.39,
            null,
            408.68,
            455.01,
            509.85
        ],
        [
            454.38,
            487.93,
            408.68,
            null,
            467.06,
            450.08
        ],
        [
            497.21,
            443.26,
            455.01,
            467.06,
            null,
            395.07
        ],
        [
            426.09,
            497.17,
            509.85,
            450.08,
            395.07,
            null
        ]
    ],
    "tempos_processamento": [
        4493.01,
        4443.11,
        4643.87,
        4343.98,
        4572.49,
        4681.15
    ],
    "ready_times": [
        0.0,
        2521.69,
        6971.45,
        4769.1,
        3079.19,
        8413.95
    ]
}