{
    "configuracao": {
        "codigo_cenario": "HLHLLLL",
        "nivel_ready_time": "alta",
        "variabilidade_processamento": "baixa",
        "media_processamento": "alta",
        "estrutura_setup": "simetrica",
        "variabilidade_setup": "baixa",
        "n_maquinas": 2,
        "n_medio_jobs_maquina": 3,
        "n_jobs": 6
    },
    "matriz_setup": [
        [
            null,
            430.76,
            453.71,
            433.94,
            461.96,
            423.44
        ],
        [
            430.76,
            null,
            414.59,
            452.94,
            469.87,
            407.71
        ],
        [
            453.71,
            414.59,
            null,
            389.55,
            468.55,
            431.28
        ],
        [
            433.94,
            452.94,
            389.55,
            null,
            486.13,
            391.33
        ],
        [
            461.96,
            469.87,
            468.55,
            486.13,
            null,
            423.27
        ],
        [
            423.44,
            407.71,
            431.28,
            391.33,
            423.27,
            null
        ]
    ],
    "tempos_processamento": [
        4717.64,
        4527.78,
        4401.74,
        4554.99,
        4717.28,
        4326.51
    ],
    "ready_times": [
        365.69,
        7309.76,
        3963.43,
        3976.48,
        252.24,
        0.0
    ]
}