{
    "configuracao": {
        "codigo_cenario": "HLHLLLL",
        "nivel_ready_time": "alta",
        "variabilidade_processamento": "baixa",
        "media_processamento": "alta",
        "estrutura_setup": "simetrica",
        "variabilidade_setup": "baixa",
        "n_maquinas": 2,
        "n_medio_jobs_maquina": 3,
        "n_jobs": 6
    },
    "matriz_setup": [
        [
            null,
            421.03,
            441.75,
            493.74,
            509.11,
            414.6
        ],
        [
            421.03,
            null,
            463.52,
            390.41,
            389.26,
            438.02
        ],
        [
            441.75,
            463.52,
            null,
            482.24,
            461.35,
            466.51
        ],
        [
            493.74,
            390.41,
            482.24,
            null,
            474.28,
            513.27
        ],
        [
            509.11,
            389.26,
            461.35,
            474.28,
            null,
            469.61
        ],
        [
            414.6,
            438.02,
            466.51,
            513.27,
            469.61,
            null
        ]
    ],
    "tempos_processamento": [
        4560.35,
        4703.96,
        4307.96,
        4572.47,
        4260.42,
        4587.25
    ],
    "ready_times": [
        445.29,
        5477.86,
        0.0,
        5666.8,
        5616.59,
        826.3
    ]
}