{
    "configuracao": {
        "codigo_cenario": "HHLLHLH",
        "nivel_ready_time": "alta",
        "variabilidade_processamento": "alta",
        "media_processamento": "baixa",
        "estrutura_setup": "simetrica",
        "variabilidade_setup": "alta",
        "n_maquinas": 2,
        "n_medio_jobs_maquina": 10,
        "n_jobs": 20
    },
    "matriz_setup": [
        [
            null,
            371.81,
            510.34,
            323.72,
            386.92,
            530.57,
            478.33,
            426.33,
            442.14,
            505.1,
            338.15,
            408.59,
            570.87,
            399.2,
            371.74,
            484.42,
            510.03,
            543.31,
            548.53,
            535.75
        ],
        [
            371.81,
            null,
            324.41,
            463.44,
            432.15,
            409.17,
            337.9,
            548.29,
            562.65,
            450.54,
            515.89,
            372.76,
            395.32,
            367.93,
            531.26,
            568.39,
            563.57,
            513.11,
            357.64,
            566.58
        ],
        [
            510.34,
            324.41,
            null,
            565.42,
            344.17,
            462.84,
            545.53,
            478.85,
            564.73,
            491.66,
            530.02,
            448.27,
            417.0,
            369.05,
            346.35,
            494.84,
            413.84,
            462.17,
            571.63,
            420.02
        ],
        [
            323.72,
            463.44,
            565.42,
            null,
            380.35,
            553.66,
            483.68,
            354.56,
            544.94,
            384.31,
            567.72,
            579.35,
            422.3,
            568.81,
            333.47,
            350.6,
            341.44,
            542.28,
            477.1,
            522.28
        ],
        [
            386.92,
            432.15,
            344.17,
            380.35,
            null,
            564.81,
            383.16,
            474.81,
            427.66,
            571.41,
            399.65,
            340.41,
            529.49,
            395.57,
            547.41,
            528.64,
            560.35,
            555.26,
            551.59,
            396.24
        ],
        [
            530.57,
            409.17,
            462.84,
            553.66,
            564.81,
            null,
            523.86,
            396.77,
            547.35,
            428.64,
            478.33,
            378.5,
            523.53,
            401.9,
            493.16,
            557.07,
            355.67,
            455.6,
            533.07,
            535.2
        ],
        [
            478.33,
            337.9,
            545.53,
            483.68,
            383.16,
            523.86,
            null,
            548.79,
            446.19,
            365.84,
            384.12,
            469.07,
            473.06,
            356.97,
            436.05,
            363.21,
            486.78,
            486.39,
            404.64,
            377.93
        ],
        [
            426.33,
            548.29,
            478.85,
            354.56,
            474.81,
            396.77,
            548.79,
            null,
            341.91,
            362.39,
            517.3,
            568.43,
            479.18,
            359.75,
            482.45,
            521.69,
            415.01,
            495.95,
            359.55,
            356.7
        ],
        [
            442.14,
            562.65,
            564.73,
            544.94,
            427.66,
            547.35,
            446.19,
            341.91,
            null,
            561.57,
            352.86,
            452.18,
            387.11,
            533.34,
            522.82,
            479.72,
            437.02,
            480.56,
            513.31,
            530.92
        ],
        [
            505.1,
            450.54,
            491.66,
            384.31,
            571.41,
            428.64,
            365.84,
            362.39,
            561.57,
            null,
            467.37,
            540.61,
            410.99,
            378.31,
            345.12,
            521.97,
            422.09,
            391.72,
            515.1,
            462.92
        ],
        [
            338.15,
            515.89,
            530.02,
            567.72,
            399.65,
            478.33,
            384.12,
            517.3,
            352.86,
            467.37,
            null,
            400.37,
            444.46,
            512.88,
            447.32,
            468.48,
            381.16,
            501.59,
            568.92,
            468.46
        ],
        [
            408.59,
            372.76,
            448.27,
            579.35,
            340.41,
            378.5,
            469.07,
            568.43,
            452.18,
            540.61,
            400.37,
            null,
            485.3,
            558.35,
            523.49,
            408.06,
            503.08,
            494.57,
            420.68,
            494.95
        ],
        [
            570.87,
            395.32,
            417.0,
            422.3,
            529.49,
            523.53,
            473.06,
            479.18,
            387.11,
            410.99,
            444.46,
            485.3,
            null,
            335.44,
            327.52,
            546.92,
            527.51,
            358.53,
            569.53,
            494.91
        ],
        [
            399.2,
            367.93,
            369.05,
            568.81,
            395.57,
            401.9,
            356.97,
            359.75,
            533.34,
            378.31,
            512.88,
            558.35,
            335.44,
            null,
            508.77,
            459.46,
            406.69,
            338.52,
            479.86,
            446.09
        ],
        [
            371.74,
            531.26,
            346.35,
            333.47,
            547.41,
            493.16,
            436.05,
            482.45,
            522.82,
            345.12,
            447.32,
            523.49,
            327.52,
            508.77,
            null,
            363.09,
            447.22,
            335.76,
            394.77,
            463.73
        ],
        [
            484.42,
            568.39,
            494.84,
            350.6,
            528.64,
            557.07,
            363.21,
            521.69,
            479.72,
            521.97,
            468.48,
            408.06,
            546.92,
            459.46,
            363.09,
            null,
            333.27,
            548.45,
            380.98,
            448.3
        ],
        [
            510.03,
            563.57,
            413.84,
            341.44,
            560.35,
            355.67,
            486.78,
            415.01,
            437.02,
            422.09,
            381.16,
            503.08,
            527.51,
            406.69,
            447.22,
            333.27,
            null,
            371.58,
            394.11,
            528.79
        ],
        [
            543.31,
            513.11,
            462.17,
            542.28,
            555.26,
            455.6,
            486.39,
            495.95,
            480.56,
            391.72,
            501.59,
            494.57,
            358.53,
            338.52,
            335.76,
            548.45,
            371.58,
            null,
            559.33,
            347.11
        ],
        [
            548.53,
            357.64,
            571.63,
            477.1,
            551.59,
            533.07,
            404.64,
            359.55,
            513.31,
            515.1,
            568.92,
            420.68,
            569.53,
            479.86,
            394.77,
            380.98,
            394.11,
            559.33,
            null,
            379.58
        ],
        [
            535.75,
            566.58,
            420.02,
            522.28,
            396.24,
            535.2,
            377.93,
            356.7,
            530.92,
            462.92,
            468.46,
            494.95,
            494.91,
            446.09,
            463.73,
            448.3,
            528.79,
            347.11,
            379.58,
            null
        ]
    ],
    "tempos_processamento": [
        521.27,
        362.0,
        319.77,
        706.15,
        386.95,
        197.58,
        488.49,
        196.71,
        457.81,
        698.99,
        606.11,
        181.74,
        603.23,
        557.33,
        246.92,
        356.7,
        561.1,
        476.18,
        389.95,
        192.08
    ],
    "ready_times": [
        0.0,
        1985.95,
        786.72,
        567.51,
        2470.52,
        27.16,
        4119.88,
        414.28,
        4667.84,
        6911.42,
        872.66,
        5389.83,
        4244.03,
        1756.52,
        3646.86,
        2953.95,
        3696.88,
        1614.14,
        1600.47,
        369.74
    ]
}