{
    "configuracao": {
        "codigo_cenario": "HHLLHLH",
        "nivel_ready_time": "alta",
        "variabilidade_processamento": "alta",
        "media_processamento": "baixa",
        "estrutura_setup": "simetrica",
        "variabilidade_setup": "alta",
        "n_maquinas": 2,
        "n_medio_jobs_maquina": 10,
        "n_jobs": 20
    },
    "matriz_setup": [
        [
            null,
            465.48,
            445.34,
            427.12,
            376.15,
            455.67,
            536.79,
            549.57,
            471.37,
            496.87,
            562.5,
            482.16,
            462.99,
            408.44,
            368.07,
            490.37,
            391.52,
            546.51,
            346.98,
            504.22
        ],
        [
            465.48,
            null,
            411.54,
            403.98,
            431.71,
            454.27,
            528.14,
            335.46,
            459.27,
            456.74,
            353.79,
            525.55,
            518.33,
            541.32,
            499.1,
            453.94,
            324.43,
            425.46,
            339.45,
            528.91
        ],
        [
            445.34,
            411.54,
            null,
            547.47,
            468.39,
            433.46,
            350.06,
            361.32,
            393.6,
            370.28,
            425.1,
            354.7,
            488.69,
            410.86,
            384.67,
            511.44,
            373.2,
            502.47,
            483.31,
            482.27
        ],
        [
            427.12,
            403.98,
            547.47,
            null,
            397.36,
            442.94,
            366.65,
            367.36,
            358.02,
            486.59,
            468.71,
            476.0,
            496.4,
            352.89,
            411.8,
            400.05,
            333.41,
            551.87,
            523.28,
            407.61
        ],
        [
            376.15,
            431.71,
            468.39,
            397.36,
            null,
            448.99,
            376.28,
            476.16,
            475.8,
            441.63,
            502.18,
            489.28,
            577.16,
            493.06,
            386.47,
            439.0,
            328.82,
            347.01,
            470.3,
            524.12
        ],
        [
            455.67,
            454.27,
            433.46,
            442.94,
            448.99,
            null,
            520.65,
            411.61,
            552.07,
            511.51,
            406.07,
            383.37,
            468.64,
            568.82,
            566.5,
            468.13,
            530.45,
            333.21,
            573.85,
            371.76
        ],
        [
            536.79,
            528.14,
            350.06,
            366.65,
            376.28,
            520.65,
            null,
            576.99,
            480.29,
            356.27,
            394.94,
            476.33,
            501.49,
            522.55,
            476.66,
            566.76,
            427.96,
            369.87,
            463.61,
            539.65
        ],
        [
            549.57,
            335.46,
            361.32,
            367.36,
            476.16,
            411.61,
            576.99,
            null,
            444.82,
            448.78,
            392.89,
            375.15,
            555.94,
            363.17,
            459.0,
            381.6,
            403.31,
            389.55,
            465.03,
            469.58
        ],
        [
            471.37,
            459.27,
            393.6,
            358.02,
            475.8,
            552.07,
            480.29,
            444.82,
            null,
            455.98,
            486.83,
            412.79,
            448.97,
            344.91,
            355.75,
            412.15,
            353.29,
            470.86,
            445.58,
            572.36
        ],
        [
            496.87,
            456.74,
            370.28,
            486.59,
            441.63,
            511.51,
            356.27,
            448.78,
            455.98,
            null,
            429.02,
            554.09,
            428.86,
            450.96,
            397.05,
            365.98,
            549.58,
            379.53,
            435.93,
            568.48
        ],
        [
            562.5,
            353.79,
            425.1,
            468.71,
            502.18,
            406.07,
            394.94,
            392.89,
            486.83,
            429.02,
            null,
            356.62,
            478.68,
            514.5,
            368.68,
            494.84,
            452.64,
            555.11,
            407.91,
            450.32
        ],
        [
            482.16,
            525.55,
            354.7,
            476.0,
            489.28,
            383.37,
            476.33,
            375.15,
            412.79,
            554.09,
            356.62,
            null,
            411.95,
            478.0,
            434.7,
            396.95,
            465.44,
            397.46,
            459.58,
            528.57
        ],
        [
            462.99,
            518.33,
            488.69,
            496.4,
            577.16,
            468.64,
            501.49,
            555.94,
            448.97,
            428.86,
            478.68,
            411.95,
            null,
            433.84,
            460.82,
            494.55,
            368.6,
            376.08,
            577.17,
            400.81
        ],
        [
            408.44,
            541.32,
            410.86,
            352.89,
            493.06,
            568.82,
            522.55,
            363.17,
            344.91,
            450.96,
            514.5,
            478.0,
            433.84,
            null,
            417.71,
            557.02,
            392.4,
            506.84,
            552.93,
            406.6
        ],
        [
            368.07,
            499.1,
            384.67,
            411.8,
            386.47,
            566.5,
            476.66,
            459.0,
            355.75,
            397.05,
            368.68,
            434.7,
            460.82,
            417.71,
            null,
            384.49,
            333.74,
            458.09,
            505.97,
            438.71
        ],
        [
            490.37,
            453.94,
            511.44,
            400.05,
            439.0,
            468.13,
            566.76,
            381.6,
            412.15,
            365.98,
            494.84,
            396.95,
            494.55,
            557.02,
            384.49,
            null,
            322.77,
            324.58,
            369.54,
            325.4
        ],
        [
            391.52,
            324.43,
            373.2,
            333.41,
            328.82,
            530.45,
            427.96,
            403.31,
            353.29,
            549.58,
            452.64,
            465.44,
            368.6,
            392.4,
            333.74,
            322.77,
            null,
            380.69,
            389.73,
            401.49
        ],
        [
            546.51,
            425.46,
            502.47,
            551.87,
            347.01,
            333.21,
            369.87,
            389.55,
            470.86,
            379.53,
            555.11,
            397.46,
            376.08,
            506.84,
            458.09,
            324.58,
            380.69,
            null,
            523.59,
            486.78
        ],
        [
            346.98,
            339.45,
            483.31,
            523.28,
            470.3,
            573.85,
            463.61,
            465.03,
            445.58,
            435.93,
            407.91,
            459.58,
            577.17,
            552.93,
            505.97,
            369.54,
            389.73,
            523.59,
            null,
            343.35
        ],
        [
            504.22,
            528.91,
            482.27,
            407.61,
            524.12,
            371.76,
            539.65,
            469.58,
            572.36,
            568.48,
            450.32,
            528.57,
            400.81,
            406.6,
            438.71,
            325.4,
            401.49,
            486.78,
            343.35,
            null
        ]
    ],
    "tempos_processamento": [
        497.05,
        549.65,
        421.8,
        638.83,
        570.68,
        205.16,
        381.31,
        671.08,
        588.66,
        514.83,
        303.76,
        648.54,
        413.31,
        598.23,
        264.25,
        419.29,
        446.62,
        709.23,
        630.48,
        216.57
    ],
    "ready_times": [
        7062.68,
        1385.51,
        7598.89,
        1744.45,
        3440.12,
        2791.61,
        5921.14,
        1711.02,
        5324.42,
        6935.29,
        2885.61,
        3305.01,
        734.64,
        0.0,
        5052.95,
        5096.82,
        7695.57,
        935.07,
        6017.58,
        4833.65
    ]
}