{
    "configuracao": {
        "codigo_cenario": "HHLLHLH",
        "nivel_ready_time": "alta",
        "variabilidade_processamento": "alta",
        "media_processamento": "baixa",
        "estrutura_setup": "simetrica",
        "variabilidade_setup": "alta",
        "n_maquinas": 2,
        "n_medio_jobs_maquina": 10,
        "n_jobs": 20
    },
    "matriz_setup": [
        [
            null,
            484.82,
            341.57,
            391.17,
            445.17,
            541.89,
            394.84,
            516.89,
            485.0,
            367.53,
            504.57,
            336.52,
            433.09,
            420.41,
            451.9,
            514.03,
            506.81,
            479.59,
            391.36,
            560.91
        ],
        [
            484.82,
            null,
            472.25,
            532.45,
            364.59,
            451.09,
            561.85,
            379.2,
            462.26,
            405.01,
            492.32,
            377.51,
            540.46,
            406.42,
            371.33,
            325.35,
            537.88,
            405.64,
            459.41,
            487.08
        ],
        [
            341.57,
            472.25,
            null,
            521.44,
            512.36,
            347.65,
            370.61,
            385.07,
            323.2,
            351.73,
            432.39,
            536.42,
            351.37,
            499.88,
            528.21,
            510.39,
            570.82,
            575.03,
            525.96,
            474.38
        ],
        [
            391.17,
            532.45,
            521.44,
            null,
            486.62,
            496.25,
            341.75,
            534.57,
            515.16,
            374.46,
            402.77,
            332.0,
            568.82,
            481.32,
            371.84,
            514.36,
            423.37,
            328.81,
            531.89,
            437.86
        ],
        [
            445.17,
            364.59,
            512.36,
            486.62,
            null,
            495.45,
            335.32,
            375.18,
            425.52,
            324.26,
            499.28,
            484.81,
            458.03,
            474.35,
            483.87,
            396.94,
            355.87,
            490.34,
            482.44,
            511.93
        ],
        [
            541.89,
            451.09,
            347.65,
            496.25,
            495.45,
            null,
            574.63,
            469.18,
            420.33,
            361.6,
            339.61,
            328.31,
            463.62,
            344.84,
            574.9,
            500.43,
            473.29,
            325.52,
            408.68,
            470.56
        ],
        [
            394.84,
            561.85,
            370.61,
            341.75,
            335.32,
            574.63,
            null,
            469.48,
            554.7,
            484.43,
            479.97,
            488.23,
            509.55,
            391.3,
            547.53,
            560.29,
            538.71,
            548.69,
            571.79,
            363.17
        ],
        [
            516.89,
            379.2,
            385.07,
            534.57,
            375.18,
            469.18,
            469.48,
            null,
            486.36,
            516.7,
            540.59,
            527.28,
            323.73,
            385.8,
            504.0,
            449.77,
            495.25,
            549.27,
            445.21,
            413.83
        ],
        [
            485.0,
            462.26,
            323.2,
            515.16,
            425.52,
            420.33,
            554.7,
            486.36,
            null,
            548.5,
            503.48,
            456.49,
            507.43,
            529.19,
            369.5,
            421.29,
            524.92,
            518.35,
            357.33,
            432.17
        ],
        [
            367.53,
            405.01,
            351.73,
            374.46,
            324.26,
            361.6,
            484.43,
            516.7,
            548.5,
            null,
            390.32,
            520.84,
            553.74,
            412.82,
            388.39,
            564.03,
            441.73,
            543.07,
            486.74,
            513.59
        ],
        [
            504.57,
            492.32,
            432.39,
            402.77,
            499.28,
            339.61,
            479.97,
            540.59,
            503.48,
            390.32,
            null,
            480.62,
            524.64,
            475.5,
            369.87,
            573.83,
            564.29,
            415.57,
            368.87,
            437.63
        ],
        [
            336.52,
            377.51,
            536.42,
            332.0,
            484.81,
            328.31,
            488.23,
            527.28,
            456.49,
            520.84,
            480.62,
            null,
            448.79,
            340.89,
            571.59,
            553.58,
            443.58,
            515.82,
            380.78,
            321.47
        ],
        [
            433.09,
            540.46,
            351.37,
            568.82,
            458.03,
            463.62,
            509.55,
            323.73,
            507.43,
            553.74,
            524.64,
            448.79,
            null,
            425.39,
            574.31,
            348.37,
            333.3,
            413.77,
            550.26,
            328.76
        ],
        [
            420.41,
            406.42,
            499.88,
            481.32,
            474.35,
            344.84,
            391.3,
            385.8,
            529.19,
            412.82,
            475.5,
            340.89,
            425.39,
            null,
            487.76,
            508.1,
            337.83,
            577.05,
            452.67,
            334.41
        ],
        [
            451.9,
            371.33,
            528.21,
            371.84,
            483.87,
            574.9,
            547.53,
            504.0,
            369.5,
            388.39,
            369.87,
            571.59,
            574.31,
            487.76,
            null,
            554.28,
            556.31,
            456.38,
            510.44,
            399.98
        ],
        [
            514.03,
            325.35,
            510.39,
            514.36,
            396.94,
            500.43,
            560.29,
            449.77,
            421.29,
            564.03,
            573.83,
            553.58,
            348.37,
            508.1,
            554.28,
            null,
            395.66,
            423.79,
            346.58,
            403.12
        ],
        [
            506.81,
            537.88,
            570.82,
            423.37,
            355.87,
            473.29,
            538.71,
            495.25,
            524.92,
            441.73,
            564.29,
            443.58,
            333.3,
            337.83,
            556.31,
            395.66,
            null,
            440.94,
            430.58,
            462.1
        ],
        [
            479.59,
            405.64,
            575.03,
            328.81,
            490.34,
            325.52,
            548.69,
            549.27,
            518.35,
            543.07,
            415.57,
            515.82,
            413.77,
            577.05,
            456.38,
            423.79,
            440.94,
            null,
            372.87,
            377.3
        ],
        [
            391.36,
            459.41,
            525.96,
            531.89,
            482.44,
            408.68,
            571.79,
            445.21,
            357.33,
            486.74,
            368.87,
            380.78,
            550.26,
            452.67,
            510.44,
            346.58,
            430.58,
            372.87,
            null,
            327.53
        ],
        [
            560.91,
            487.08,
            474.38,
            437.86,
            511.93,
            470.56,
            363.17,
            413.83,
            432.17,
            513.59,
            437.63,
            321.47,
            328.76,
            334.41,
            399.98,
            403.12,
            462.1,
            377.3,
            327.53,
            null
        ]
    ],
    "tempos_processamento": [
        306.95,
        421.5,
        465.99,
        388.28,
        301.89,
        540.71,
        237.09,
        511.04,
        503.29,
        607.55,
        233.57,
        635.61,
        490.44,
        553.3,
        247.2,
        212.72,
        288.28,
        372.51,
        245.95,
        305.84
    ],
    "ready_times": [
        2346.45,
        1979.67,
        2324.4,
        3640.25,
        6692.38,
        1549.08,
        5716.55,
        4294.99,
        6267.96,
        4419.96,
        5016.88,
        6208.92,
        4771.57,
        0.0,
        3204.77,
        334.01,
        1044.96,
        5585.06,
        6893.25,
        3688.68
    ]
}