{
    "configuracao": {
        "codigo_cenario": "HHLLHLH",
        "nivel_ready_time": "alta",
        "variabilidade_processamento": "alta",
        "media_processamento": "baixa",
        "estrutura_setup": "simetrica",
        "variabilidade_setup": "alta",
        "n_maquinas": 2,
        "n_medio_jobs_maquina": 10,
        "n_jobs": 20
    },
    "matriz_setup": [
        [
            null,
            456.99,
            486.33,
            508.94,
            392.15,
            323.04,
            440.58,
            359.42,
            557.04,
            381.91,
            497.8,
            579.09,
            379.91,
            537.04,
            335.78,
            396.95,
            556.7,
            515.76,
            517.71,
            324.97
        ],
        [
            456.99,
            null,
            368.58,
            508.9,
            423.26,
            477.96,
            333.65,
            418.48,
            460.36,
            352.77,
            561.76,
            342.5,
            541.75,
            355.04,
            368.88,
            479.26,
            377.48,
            354.79,
            556.6,
            572.0
        ],
        [
            486.33,
            368.58,
            null,
            411.74,
            567.57,
            384.45,
            448.98,
            385.47,
            402.34,
            577.38,
            466.82,
            569.47,
            485.63,
            568.15,
            326.61,
            326.11,
            448.22,
            547.76,
            398.94,
            342.43
        ],
        [
            508.94,
            508.9,
            411.74,
            null,
            458.44,
            504.87,
            366.0,
            327.03,
            478.55,
            342.96,
            493.39,
            473.3,
            388.69,
            459.39,
            411.37,
            387.93,
            416.46,
            510.42,
            486.43,
            475.15
        ],
        [
            392.15,
            423.26,
            567.57,
            458.44,
            null,
            572.99,
            359.83,
            357.69,
            550.53,
            454.74,
            573.34,
            505.86,
            534.0,
            406.63,
            423.16,
            423.49,
            508.21,
            567.86,
            335.19,
            509.38
        ],
        [
            323.04,
            477.96,
            384.45,
            504.87,
            572.99,
            null,
            510.61,
            434.17,
            400.74,
            439.27,
            412.25,
            528.23,
            425.16,
            563.47,
            337.81,
            561.72,
            346.74,
            369.39,
            528.49,
            322.81
        ],
        [
            440.58,
            333.65,
            448.98,
            366.0,
            359.83,
            510.61,
            null,
            376.25,
            378.44,
            416.92,
            424.4,
            521.17,
            409.44,
            483.42,
            578.15,
            320.69,
            487.05,
            383.81,
            505.18,
            408.46
        ],
        [
            359.42,
            418.48,
            385.47,
            327.03,
            357.69,
            434.17,
            376.25,
            null,
            369.5,
            570.62,
            492.23,
            542.57,
            396.65,
            497.07,
            378.81,
            505.81,
            526.74,
            558.21,
            413.01,
            399.52
        ],
        [
            557.04,
            460.36,
            402.34,
            478.55,
            550.53,
            400.74,
            378.44,
            369.5,
            null,
            346.52,
            446.25,
            445.96,
            465.89,
            365.55,
            428.78,
            371.93,
            463.61,
            568.13,
            579.63,
            371.55
        ],
        [
            381.91,
            352.77,
            577.38,
            342.96,
            454.74,
            439.27,
            416.92,
            570.62,
            346.52,
            null,
            336.0,
            453.89,
            534.36,
            521.57,
            515.58,
            413.82,
            396.79,
            368.33,
            427.22,
            389.43
        ],
        [
            497.8,
            561.76,
            466.82,
            493.39,
            573.34,
            412.25,
            424.4,
            492.23,
            446.25,
            336.0,
            null,
            443.7,
            573.22,
            492.16,
            575.84,
            357.37,
            549.94,
            499.61,
            543.84,
            327.52
        ],
        [
            579.09,
            342.5,
            569.47,
            473.3,
            505.86,
            528.23,
            521.17,
            542.57,
            445.96,
            453.89,
            443.7,
            null,
            434.15,
            462.0,
            525.55,
            545.29,
            504.94,
            487.67,
            568.9,
            380.6
        ],
        [
            379.91,
            541.75,
            485.63,
            388.69,
            534.0,
            425.16,
            409.44,
            396.65,
            465.89,
            534.36,
            573.22,
            434.15,
            null,
            430.03,
            467.04,
            408.05,
            505.89,
            457.09,
            387.69,
            373.81
        ],
        [
            537.04,
            355.04,
            568.15,
            459.39,
            406.63,
            563.47,
            483.42,
            497.07,
            365.55,
            521.57,
            492.16,
            462.0,
            430.03,
            null,
            386.9,
            500.55,
            513.41,
            576.44,
            427.81,
            536.83
        ],
        [
            335.78,
            368.88,
            326.61,
            411.37,
            423.16,
            337.81,
            578.15,
            378.81,
            428.78,
            515.58,
            575.84,
            525.55,
            467.04,
            386.9,
            null,
            388.32,
            405.16,
            551.82,
            418.4,
            394.24
        ],
        [
            396.95,
            479.26,
            326.11,
            387.93,
            423.49,
            561.72,
            320.69,
            505.81,
            371.93,
            413.82,
            357.37,
            545.29,
            408.05,
            500.55,
            388.32,
            null,
            517.92,
            515.33,
            330.66,
            347.22
        ],
        [
            556.7,
            377.48,
            448.22,
            416.46,
            508.21,
            346.74,
            487.05,
            526.74,
            463.61,
            396.79,
            549.94,
            504.94,
            505.89,
            513.41,
            405.16,
            517.92,
            null,
            352.73,
            495.29,
            576.51
        ],
        [
            515.76,
            354.79,
            547.76,
            510.42,
            567.86,
            369.39,
            383.81,
            558.21,
            568.13,
            368.33,
            499.61,
            487.67,
            457.09,
            576.44,
            551.82,
            515.33,
            352.73,
            null,
            378.07,
            387.79
        ],
        [
            517.71,
            556.6,
            398.94,
            486.43,
            335.19,
            528.49,
            505.18,
            413.01,
            579.63,
            427.22,
            543.84,
            568.9,
            387.69,
            427.81,
            418.4,
            330.66,
            495.29,
            378.07,
            null,
            571.65
        ],
        [
            324.97,
            572.0,
            342.43,
            475.15,
            509.38,
            322.81,
            408.46,
            399.52,
            371.55,
            389.43,
            327.52,
            380.6,
            373.81,
            536.83,
            394.24,
            347.22,
            576.51,
            387.79,
            571.65,
            null
        ]
    ],
    "tempos_processamento": [
        537.01,
        418.87,
        697.98,
        278.04,
        469.29,
        505.75,
        181.39,
        213.06,
        321.51,
        559.75,
        600.79,
        197.29,
        306.12,
        192.54,
        251.86,
        337.79,
        428.07,
        225.19,
        336.96,
        421.94
    ],
    "ready_times": [
        1456.66,
        0.0,
        7223.53,
        5098.16,
        1060.56,
        7177.22,
        7048.43,
        3667.48,
        3138.91,
        6266.66,
        6038.31,
        405.52,
        6645.72,
        964.57,
        4273.74,
        2755.9,
        2515.25,
        479.97,
        6636.88,
        1497.81
    ]
}