{
    "configuracao": {
        "codigo_cenario": "HHLLHLH",
        "nivel_ready_time": "alta",
        "variabilidade_processamento": "alta",
        "media_processamento": "baixa",
        "estrutura_setup": "simetrica",
        "variabilidade_setup": "alta",
        "n_maquinas": 2,
        "n_medio_jobs_maquina": 10,
        "n_jobs": 20
    },
    "matriz_setup": [
        [
            null,
            340.19,
            470.8,
            523.64,
            411.97,
            504.88,
            367.26,
            425.1,
            514.14,
            394.76,
            395.63,
            443.08,
            387.34,
            414.44,
            341.03,
            401.56,
            551.4,
            476.19,
            367.73,
            426.33
        ],
        [
            340.19,
            null,
            372.59,
            345.97,
            421.99,
            473.01,
            377.8,
            395.16,
            539.97,
            423.17,
            554.0,
            477.9,
            461.45,
            374.65,
            481.55,
            409.4,
            468.35,
            359.21,
            395.31,
            443.79
        ],
        [
            470.8,
            372.59,
            null,
            340.51,
            329.1,
            523.12,
            350.44,
            569.15,
            448.02,
            447.63,
            560.04,
            351.34,
            333.35,
            492.76,
            369.12,
            382.99,
            343.08,
            561.12,
            342.27,
            469.72
        ],
        [
            523.64,
            345.97,
            340.51,
            null,
            501.57,
            435.85,
            505.28,
            486.16,
            570.97,
            362.45,
            501.14,
            444.87,
            575.4,
            546.96,
            517.27,
            349.09,
            333.59,
            525.84,
            413.66,
            518.92
        ],
        [
            411.97,
            421.99,
            329.1,
            501.57,
            null,
            452.39,
            433.98,
            498.61,
            444.21,
            436.8,
            429.62,
            550.25,
            364.85,
            529.41,
            404.33,
            516.43,
            494.28,
            550.4,
            506.45,
            441.08
        ],
        [
            504.88,
            473.01,
            523.12,
            435.85,
            452.39,
            null,
            395.18,
            356.49,
            416.82,
            486.8,
            356.64,
            430.04,
            390.37,
            386.39,
            487.48,
            413.55,
            470.72,
            334.27,
            375.08,
            406.57
        ],
        [
            367.26,
            377.8,
            350.44,
            505.28,
            433.98,
            395.18,
            null,
            416.61,
            350.95,
            359.75,
            454.89,
            514.89,
            450.13,
            521.2,
            473.39,
            389.14,
            519.86,
            516.89,
            404.36,
            511.81
        ],
        [
            425.1,
            395.16,
            569.15,
            486.16,
            498.61,
            356.49,
            416.61,
            null,
            388.06,
            403.98,
            562.55,
            392.09,
            380.06,
            467.64,
            430.15,
            422.32,
            419.73,
            360.19,
            328.04,
            564.27
        ],
        [
            514.14,
            539.97,
            448.02,
            570.97,
            444.21,
            416.82,
            350.95,
            388.06,
            null,
            570.38,
            381.96,
            428.78,
            387.74,
            448.5,
            537.16,
            571.39,
            542.18,
            576.63,
            426.11,
            497.34
        ],
        [
            394.76,
            423.17,
            447.63,
            362.45,
            436.8,
            486.8,
            359.75,
            403.98,
            570.38,
            null,
            438.77,
            415.86,
            439.89,
            464.19,
            431.49,
            453.92,
            367.07,
            510.36,
            569.48,
            533.12
        ],
        [
            395.63,
            554.0,
            560.04,
            501.14,
            429.62,
            356.64,
            454.89,
            562.55,
            381.96,
            438.77,
            null,
            504.83,
            420.15,
            554.69,
            420.48,
            360.14,
            473.24,
            394.21,
            352.35,
            453.12
        ],
        [
            443.08,
            477.9,
            351.34,
            444.87,
            550.25,
            430.04,
            514.89,
            392.09,
            428.78,
            415.86,
            504.83,
            null,
            503.69,
            446.66,
            409.22,
            419.06,
            402.93,
            463.73,
            427.25,
            374.9
        ],
        [
            387.34,
            461.45,
            333.35,
            575.4,
            364.85,
            390.37,
            450.13,
            380.06,
            387.74,
            439.89,
            420.15,
            503.69,
            null,
            525.38,
            510.13,
            484.39,
            461.34,
            330.8,
            572.35,
            420.75
        ],
        [
            414.44,
            374.65,
            492.76,
            546.96,
            529.41,
            386.39,
            521.2,
            467.64,
            448.5,
            464.19,
            554.69,
            446.66,
            525.38,
            null,
            574.1,
            579.33,
            401.27,
            478.48,
            411.04,
            339.89
        ],
        [
            341.03,
            481.55,
            369.12,
            517.27,
            404.33,
            487.48,
            473.39,
            430.15,
            537.16,
            431.49,
            420.48,
            409.22,
            510.13,
            574.1,
            null,
            511.92,
            398.01,
            423.27,
            509.46,
            497.7
        ],
        [
            401.56,
            409.4,
            382.99,
            349.09,
            516.43,
            413.55,
            389.14,
            422.32,
            571.39,
            453.92,
            360.14,
            419.06,
            484.39,
            579.33,
            511.92,
            null,
            387.9,
            518.57,
            370.13,
            525.93
        ],
        [
            551.4,
            468.35,
            343.08,
            333.59,
            494.28,
            470.72,
            519.86,
            419.73,
            542.18,
            367.07,
            473.24,
            402.93,
            461.34,
            401.27,
            398.01,
            387.9,
            null,
            354.95,
            435.47,
            446.76
        ],
        [
            476.19,
            359.21,
            561.12,
            525.84,
            550.4,
            334.27,
            516.89,
            360.19,
            576.63,
            510.36,
            394.21,
            463.73,
            330.8,
            478.48,
            423.27,
            518.57,
            354.95,
            null,
            448.22,
            359.89
        ],
        [
            367.73,
            395.31,
            342.27,
            413.66,
            506.45,
            375.08,
            404.36,
            328.04,
            426.11,
            569.48,
            352.35,
            427.25,
            572.35,
            411.04,
            509.46,
            370.13,
            435.47,
            448.22,
            null,
            342.06
        ],
        [
            426.33,
            443.79,
            469.72,
            518.92,
            441.08,
            406.57,
            511.81,
            564.27,
            497.34,
            533.12,
            453.12,
            374.9,
            420.75,
            339.89,
            497.7,
            525.93,
            446.76,
            359.89,
            342.06,
            null
        ]
    ],
    "tempos_processamento": [
        184.33,
        630.73,
        620.41,
        192.47,
        570.87,
        545.17,
        353.94,
        187.45,
        544.79,
        705.79,
        659.75,
        309.58,
        661.55,
        530.75,
        523.68,
        381.87,
        190.76,
        634.22,
        249.81,
        369.43
    ],
    "ready_times": [
        1661.57,
        26.17,
        1299.9,
        4267.79,
        465.01,
        2342.54,
        2988.23,
        2367.02,
        2598.88,
        1314.1,
        3926.85,
        6339.23,
        5324.79,
        672.76,
        1246.02,
        0.0,
        2685.65,
        4054.83,
        6596.86,
        685.42
    ]
}