{
    "configuracao": {
        "codigo_cenario": "HHLLHLH",
        "nivel_ready_time": "alta",
        "variabilidade_processamento": "alta",
        "media_processamento": "baixa",
        "estrutura_setup": "simetrica",
        "variabilidade_setup": "alta",
        "n_maquinas": 2,
        "n_medio_jobs_maquina": 10,
        "n_jobs": 20
    },
    "matriz_setup": [
        [
            null,
            356.0,
            428.78,
            471.77,
            538.91,
            576.97,
            397.92,
            438.78,
            383.4,
            438.99,
            449.93,
            557.67,
            415.3,
            454.68,
            442.6,
            506.81,
            432.16,
            425.74,
            409.17,
            520.82
        ],
        [
            356.0,
            null,
            555.75,
            363.12,
            563.85,
            541.39,
            546.82,
            435.53,
            457.36,
            487.56,
            528.71,
            520.47,
            563.85,
            326.77,
            486.71,
            577.74,
            467.84,
            523.44,
            421.74,
            554.88
        ],
        [
            428.78,
            555.75,
            null,
            505.74,
            577.62,
            377.71,
            393.9,
            506.78,
            376.41,
            390.17,
            360.08,
            341.46,
            542.46,
            563.37,
            484.0,
            345.21,
            456.09,
            517.64,
            349.36,
            376.46
        ],
        [
            471.77,
            363.12,
            505.74,
            null,
            324.2,
            530.78,
            431.75,
            350.88,
            341.51,
            556.06,
            446.5,
            517.14,
            419.41,
            391.72,
            422.76,
            555.76,
            476.08,
            377.2,
            543.42,
            334.49
        ],
        [
            538.91,
            563.85,
            577.62,
            324.2,
            null,
            349.25,
            376.9,
            362.7,
            412.11,
            412.22,
            549.67,
            521.92,
            554.9,
            537.42,
            354.83,
            439.86,
            361.74,
            386.8,
            509.79,
            420.73
        ],
        [
            576.97,
            541.39,
            377.71,
            530.78,
            349.25,
            null,
            522.74,
            434.24,
            403.59,
            377.57,
            326.61,
            331.64,
            534.9,
            360.55,
            360.13,
            326.64,
            325.28,
            332.94,
            528.14,
            387.84
        ],
        [
            397.92,
            546.82,
            393.9,
            431.75,
            376.9,
            522.74,
            null,
            481.58,
            459.97,
            342.45,
            480.84,
            497.8,
            564.7,
            577.95,
            334.14,
            382.0,
            573.29,
            427.28,
            523.71,
            396.37
        ],
        [
            438.78,
            435.53,
            506.78,
            350.88,
            362.7,
            434.24,
            481.58,
            null,
            394.46,
            497.59,
            472.73,
            572.03,
            410.75,
            577.73,
            510.46,
            411.07,
            524.74,
            536.5,
            375.53,
            321.53
        ],
        [
            383.4,
            457.36,
            376.41,
            341.51,
            412.11,
            403.59,
            459.97,
            394.46,
            null,
            323.55,
            468.58,
            426.41,
            334.0,
            552.69,
            516.69,
            410.52,
            495.16,
            544.06,
            321.95,
            471.32
        ],
        [
            438.99,
            487.56,
            390.17,
            556.06,
            412.22,
            377.57,
            342.45,
            497.59,
            323.55,
            null,
            372.01,
            518.43,
            569.8,
            405.6,
            426.46,
            487.39,
            326.02,
            454.02,
            350.7,
            532.64
        ],
        [
            449.93,
            528.71,
            360.08,
            446.5,
            549.67,
            326.61,
            480.84,
            472.73,
            468.58,
            372.01,
            null,
            494.53,
            376.03,
            386.44,
            481.96,
            369.8,
            353.52,
            542.58,
            413.22,
            329.46
        ],
        [
            557.67,
            520.47,
            341.46,
            517.14,
            521.92,
            331.64,
            497.8,
            572.03,
            426.41,
            518.43,
            494.53,
            null,
            566.16,
            545.69,
            446.4,
            524.85,
            369.28,
            457.04,
            406.1,
            481.32
        ],
        [
            415.3,
            563.85,
            542.46,
            419.41,
            554.9,
            534.9,
            564.7,
            410.75,
            334.0,
            569.8,
            376.03,
            566.16,
            null,
            345.37,
            494.94,
            353.35,
            506.82,
            479.54,
            573.79,
            505.84
        ],
        [
            454.68,
            326.77,
            563.37,
            391.72,
            537.42,
            360.55,
            577.95,
            577.73,
            552.69,
            405.6,
            386.44,
            545.69,
            345.37,
            null,
            525.86,
            563.68,
            482.17,
            510.83,
            524.78,
            500.51
        ],
        [
            442.6,
            486.71,
            484.0,
            422.76,
            354.83,
            360.13,
            334.14,
            510.46,
            516.69,
            426.46,
            481.96,
            446.4,
            494.94,
            525.86,
            null,
            471.75,
            347.36,
            350.96,
            484.99,
            500.75
        ],
        [
            506.81,
            577.74,
            345.21,
            555.76,
            439.86,
            326.64,
            382.0,
            411.07,
            410.52,
            487.39,
            369.8,
            524.85,
            353.35,
            563.68,
            471.75,
            null,
            518.8,
            442.49,
            531.47,
            378.99
        ],
        [
            432.16,
            467.84,
            456.09,
            476.08,
            361.74,
            325.28,
            573.29,
            524.74,
            495.16,
            326.02,
            353.52,
            369.28,
            506.82,
            482.17,
            347.36,
            518.8,
            null,
            337.47,
            415.14,
            389.4
        ],
        [
            425.74,
            523.44,
            517.64,
            377.2,
            386.8,
            332.94,
            427.28,
            536.5,
            544.06,
            454.02,
            542.58,
            457.04,
            479.54,
            510.83,
            350.96,
            442.49,
            337.47,
            null,
            558.03,
            518.05
        ],
        [
            409.17,
            421.74,
            349.36,
            543.42,
            509.79,
            528.14,
            523.71,
            375.53,
            321.95,
            350.7,
            413.22,
            406.1,
            573.79,
            524.78,
            484.99,
            531.47,
            415.14,
            558.03,
            null,
            570.9
        ],
        [
            520.82,
            554.88,
            376.46,
            334.49,
            420.73,
            387.84,
            396.37,
            321.53,
            471.32,
            532.64,
            329.46,
            481.32,
            505.84,
            500.51,
            500.75,
            378.99,
            389.4,
            518.05,
            570.9,
            null
        ]
    ],
    "tempos_processamento": [
        376.45,
        553.85,
        215.66,
        225.83,
        706.6,
        679.32,
        606.37,
        259.5,
        557.24,
        399.81,
        624.71,
        441.27,
        239.99,
        448.69,
        364.08,
        683.65,
        677.77,
        285.29,
        224.82,
        266.4
    ],
    "ready_times": [
        6885.34,
        5835.55,
        7476.56,
        5847.42,
        2743.04,
        1263.98,
        0.0,
        6649.07,
        7267.26,
        1644.0,
        1054.6,
        5958.19,
        7656.94,
        1181.79,
        1129.45,
        6377.41,
        4396.24,
        410.55,
        1933.08,
        6759.06
    ]
}