{
    "configuracao": {
        "codigo_cenario": "HHLLHLH",
        "nivel_ready_time": "alta",
        "variabilidade_processamento": "alta",
        "media_processamento": "baixa",
        "estrutura_setup": "simetrica",
        "variabilidade_setup": "alta",
        "n_maquinas": 2,
        "n_medio_jobs_maquina": 10,
        "n_jobs": 20
    },
    "matriz_setup": [
        [
            null,
            455.84,
            437.38,
            393.86,
            530.91,
            433.94,
            509.13,
            380.63,
            449.02,
            578.32,
            535.6,
            415.22,
            462.64,
            367.1,
            551.98,
            390.31,
            490.96,
            376.2,
            384.32,
            415.1
        ],
        [
            455.84,
            null,
            539.3,
            469.8,
            549.1,
            504.64,
            499.78,
            487.63,
            532.32,
            529.53,
            557.07,
            331.29,
            380.02,
            442.43,
            472.53,
            389.52,
            375.16,
            367.8,
            365.11,
            555.57
        ],
        [
            437.38,
            539.3,
            null,
            461.45,
            320.51,
            574.2,
            385.79,
            459.27,
            454.11,
            335.84,
            500.82,
            323.51,
            555.67,
            574.63,
            453.2,
            537.14,
            577.08,
            534.46,
            487.42,
            536.24
        ],
        [
            393.86,
            469.8,
            461.45,
            null,
            435.59,
            396.14,
            332.31,
            395.38,
            408.6,
            379.81,
            515.79,
            511.25,
            467.52,
            362.52,
            533.54,
            491.9,
            405.02,
            422.8,
            500.43,
            339.18
        ],
        [
            530.91,
            549.1,
            320.51,
            435.59,
            null,
            517.14,
            449.05,
            515.43,
            423.28,
            335.64,
            422.04,
            368.56,
            444.13,
            513.71,
            388.35,
            406.12,
            346.33,
            523.19,
            340.67,
            532.51
        ],
        [
            433.94,
            504.64,
            574.2,
            396.14,
            517.14,
            null,
            504.45,
            324.48,
            494.47,
            358.98,
            410.71,
            477.29,
            408.32,
            531.3,
            516.44,
            417.21,
            415.72,
            532.94,
            396.66,
            321.6
        ],
        [
            509.13,
            499.78,
            385.79,
            332.31,
            449.05,
            504.45,
            null,
            478.75,
            501.64,
            504.83,
            341.73,
            471.17,
            533.71,
            452.69,
            346.43,
            471.57,
            474.61,
            509.04,
            530.89,
            457.65
        ],
        [
            380.63,
            487.63,
            459.27,
            395.38,
            515.43,
            324.48,
            478.75,
            null,
            483.22,
            477.57,
            541.23,
            478.4,
            384.39,
            500.65,
            528.51,
            518.37,
            511.13,
            499.22,
            517.97,
            353.42
        ],
        [
            449.02,
            532.32,
            454.11,
            408.6,
            423.28,
            494.47,
            501.64,
            483.22,
            null,
            378.84,
            516.01,
            324.24,
            448.64,
            459.94,
            489.09,
            409.02,
            510.09,
            404.74,
            449.64,
            523.18
        ],
        [
            578.32,
            529.53,
            335.84,
            379.81,
            335.64,
            358.98,
            504.83,
            477.57,
            378.84,
            null,
            324.86,
            479.2,
            539.27,
            386.97,
            449.05,
            509.75,
            567.48,
            335.22,
            506.22,
            411.89
        ],
        [
            535.6,
            557.07,
            500.82,
            515.79,
            422.04,
            410.71,
            341.73,
            541.23,
            516.01,
            324.86,
            null,
            342.77,
            576.05,
            480.95,
            570.32,
            533.52,
            532.48,
            447.62,
            345.37,
            481.94
        ],
        [
            415.22,
            331.29,
            323.51,
            511.25,
            368.56,
            477.29,
            471.17,
            478.4,
            324.24,
            479.2,
            342.77,
            null,
            559.22,
            340.53,
            365.65,
            520.5,
            338.34,
            443.24,
            473.32,
            414.94
        ],
        [
            462.64,
            380.02,
            555.67,
            467.52,
            444.13,
            408.32,
            533.71,
            384.39,
            448.64,
            539.27,
            576.05,
            559.22,
            null,
            434.55,
            467.88,
            367.08,
            333.26,
            356.83,
            327.8,
            491.03
        ],
        [
            367.1,
            442.43,
            574.63,
            362.52,
            513.71,
            531.3,
            452.69,
            500.65,
            459.94,
            386.97,
            480.95,
            340.53,
            434.55,
            null,
            553.1,
            532.74,
            443.07,
            340.06,
            394.14,
            376.81
        ],
        [
            551.98,
            472.53,
            453.2,
            533.54,
            388.35,
            516.44,
            346.43,
            528.51,
            489.09,
            449.05,
            570.32,
            365.65,
            467.88,
            553.1,
            null,
            405.51,
            503.82,
            330.64,
            439.37,
            392.6
        ],
        [
            390.31,
            389.52,
            537.14,
            491.9,
            406.12,
            417.21,
            471.57,
            518.37,
            409.02,
            509.75,
            533.52,
            520.5,
            367.08,
            532.74,
            405.51,
            null,
            395.36,
            350.16,
            504.99,
            409.42
        ],
        [
            490.96,
            375.16,
            577.08,
            405.02,
            346.33,
            415.72,
            474.61,
            511.13,
            510.09,
            567.48,
            532.48,
            338.34,
            333.26,
            443.07,
            503.82,
            395.36,
            null,
            447.54,
            396.93,
            369.71
        ],
        [
            376.2,
            367.8,
            534.46,
            422.8,
            523.19,
            532.94,
            509.04,
            499.22,
            404.74,
            335.22,
            447.62,
            443.24,
            356.83,
            340.06,
            330.64,
            350.16,
            447.54,
            null,
            552.28,
            440.37
        ],
        [
            384.32,
            365.11,
            487.42,
            500.43,
            340.67,
            396.66,
            530.89,
            517.97,
            449.64,
            506.22,
            345.37,
            473.32,
            327.8,
            394.14,
            439.37,
            504.99,
            396.93,
            552.28,
            null,
            434.11
        ],
        [
            415.1,
            555.57,
            536.24,
            339.18,
            532.51,
            321.6,
            457.65,
            353.42,
            523.18,
            411.89,
            481.94,
            414.94,
            491.03,
            376.81,
            392.6,
            409.42,
            369.71,
            440.37,
            434.11,
            null
        ]
    ],
    "tempos_processamento": [
        412.17,
        389.56,
        186.57,
        633.51,
        312.05,
        643.8,
        713.91,
        376.01,
        283.19,
        346.7,
        596.37,
        381.34,
        474.9,
        589.53,
        181.53,
        504.79,
        231.73,
        333.71,
        475.47,
        451.32
    ],
    "ready_times": [
        4913.05,
        1351.45,
        6797.03,
        7023.19,
        4219.45,
        815.64,
        6310.57,
        2564.26,
        7250.38,
        7082.52,
        2440.54,
        3469.51,
        7557.56,
        2851.77,
        2083.52,
        4270.98,
        6394.42,
        2498.64,
        3875.05,
        0.0
    ]
}