{
    "configuracao": {
        "codigo_cenario": "HHLLHLH",
        "nivel_ready_time": "alta",
        "variabilidade_processamento": "alta",
        "media_processamento": "baixa",
        "estrutura_setup": "simetrica",
        "variabilidade_setup": "alta",
        "n_maquinas": 2,
        "n_medio_jobs_maquina": 10,
        "n_jobs": 20
    },
    "matriz_setup": [
        [
            null,
            470.46,
            565.48,
            537.65,
            388.7,
            360.84,
            515.52,
            442.5,
            382.12,
            398.01,
            530.79,
            500.59,
            323.82,
            464.71,
            446.35,
            369.58,
            467.0,
            418.94,
            374.52,
            555.09
        ],
        [
            470.46,
            null,
            501.64,
            470.31,
            524.31,
            480.79,
            480.46,
            406.79,
            463.43,
            485.81,
            560.97,
            345.89,
            497.77,
            539.47,
            385.46,
            539.44,
            463.56,
            519.01,
            489.18,
            520.07
        ],
        [
            565.48,
            501.64,
            null,
            474.54,
            471.15,
            569.18,
            542.04,
            398.34,
            467.8,
            545.29,
            356.64,
            507.68,
            553.61,
            484.19,
            322.03,
            509.33,
            332.56,
            418.5,
            394.08,
            460.47
        ],
        [
            537.65,
            470.31,
            474.54,
            null,
            466.04,
            573.29,
            515.73,
            564.56,
            536.39,
            320.65,
            573.32,
            551.38,
            412.46,
            354.86,
            416.11,
            342.82,
            524.74,
            403.56,
            517.33,
            375.34
        ],
        [
            388.7,
            524.31,
            471.15,
            466.04,
            null,
            436.25,
            326.72,
            365.36,
            367.71,
            508.17,
            400.39,
            385.43,
            322.82,
            452.9,
            486.24,
            375.05,
            576.65,
            557.47,
            546.17,
            427.36
        ],
        [
            360.84,
            480.79,
            569.18,
            573.29,
            436.25,
            null,
            505.1,
            353.46,
            498.82,
            361.94,
            413.55,
            414.13,
            527.06,
            560.89,
            552.11,
            505.36,
            438.2,
            444.67,
            364.77,
            405.62
        ],
        [
            515.52,
            480.46,
            542.04,
            515.73,
            326.72,
            505.1,
            null,
            528.25,
            540.72,
            487.71,
            561.97,
            360.11,
            577.27,
            484.21,
            563.22,
            446.79,
            383.72,
            491.06,
            565.91,
            539.13
        ],
        [
            442.5,
            406.79,
            398.34,
            564.56,
            365.36,
            353.46,
            528.25,
            null,
            328.64,
            547.78,
            465.18,
            509.12,
            542.93,
            579.63,
            531.36,
            369.04,
            323.2,
            395.98,
            362.68,
            365.06
        ],
        [
            382.12,
            463.43,
            467.8,
            536.39,
            367.71,
            498.82,
            540.72,
            328.64,
            null,
            400.23,
            560.76,
            438.49,
            452.8,
            355.92,
            404.26,
            523.48,
            526.33,
            532.74,
            324.28,
            473.89
        ],
        [
            398.01,
            485.81,
            545.29,
            320.65,
            508.17,
            361.94,
            487.71,
            547.78,
            400.23,
            null,
            578.97,
            548.58,
            498.04,
            344.45,
            564.19,
            438.5,
            571.75,
            357.67,
            515.71,
            457.65
        ],
        [
            530.79,
            560.97,
            356.64,
            573.32,
            400.39,
            413.55,
            561.97,
            465.18,
            560.76,
            578.97,
            null,
            445.96,
            381.33,
            458.38,
            322.09,
            447.7,
            380.87,
            563.46,
            370.28,
            504.02
        ],
        [
            500.59,
            345.89,
            507.68,
            551.38,
            385.43,
            414.13,
            360.11,
            509.12,
            438.49,
            548.58,
            445.96,
            null,
            430.5,
            380.64,
            350.65,
            426.44,
            438.97,
            441.03,
            550.23,
            420.23
        ],
        [
            323.82,
            497.77,
            553.61,
            412.46,
            322.82,
            527.06,
            577.27,
            542.93,
            452.8,
            498.04,
            381.33,
            430.5,
            null,
            533.94,
            555.33,
            330.19,
            385.77,
            328.06,
            435.9,
            573.25
        ],
        [
            464.71,
            539.47,
            484.19,
            354.86,
            452.9,
            560.89,
            484.21,
            579.63,
            355.92,
            344.45,
            458.38,
            380.64,
            533.94,
            null,
            556.33,
            398.1,
            421.32,
            538.44,
            524.89,
            566.87
        ],
        [
            446.35,
            385.46,
            322.03,
            416.11,
            486.24,
            552.11,
            563.22,
            531.36,
            404.26,
            564.19,
            322.09,
            350.65,
            555.33,
            556.33,
            null,
            465.27,
            415.99,
            532.97,
            446.27,
            419.93
        ],
        [
            369.58,
            539.44,
            509.33,
            342.82,
            375.05,
            505.36,
            446.79,
            369.04,
            523.48,
            438.5,
            447.7,
            426.44,
            330.19,
            398.1,
            465.27,
            null,
            371.51,
            378.77,
            503.87,
            409.63
        ],
        [
            467.0,
            463.56,
            332.56,
            524.74,
            576.65,
            438.2,
            383.72,
            323.2,
            526.33,
            571.75,
            380.87,
            438.97,
            385.77,
            421.32,
            415.99,
            371.51,
            null,
            569.56,
            440.32,
            342.75
        ],
        [
            418.94,
            519.01,
            418.5,
            403.56,
            557.47,
            444.67,
            491.06,
            395.98,
            532.74,
            357.67,
            563.46,
            441.03,
            328.06,
            538.44,
            532.97,
            378.77,
            569.56,
            null,
            551.88,
            452.11
        ],
        [
            374.52,
            489.18,
            394.08,
            517.33,
            546.17,
            364.77,
            565.91,
            362.68,
            324.28,
            515.71,
            370.28,
            550.23,
            435.9,
            524.89,
            446.27,
            503.87,
            440.32,
            551.88,
            null,
            441.37
        ],
        [
            555.09,
            520.07,
            460.47,
            375.34,
            427.36,
            405.62,
            539.13,
            365.06,
            473.89,
            457.65,
            504.02,
            420.23,
            573.25,
            566.87,
            419.93,
            409.63,
            342.75,
            452.11,
            441.37,
            null
        ]
    ],
    "tempos_processamento": [
        540.99,
        577.22,
        191.28,
        466.77,
        300.48,
        442.3,
        180.62,
        477.13,
        505.58,
        328.82,
        415.84,
        214.13,
        573.52,
        337.24,
        579.37,
        211.9,
        575.08,
        305.65,
        397.13,
        706.35
    ],
    "ready_times": [
        3513.1,
        5528.93,
        5217.15,
        7122.11,
        7350.8,
        6646.88,
        1949.72,
        4800.3,
        2442.6,
        4475.33,
        874.15,
        149.57,
        229.98,
        0.0,
        6541.6,
        5491.31,
        774.19,
        7.84,
        537.48,
        326.73
    ]
}