{
    "configuracao": {
        "codigo_cenario": "HLHHHLH",
        "nivel_ready_time": "alta",
        "variabilidade_processamento": "baixa",
        "media_processamento": "alta",
        "estrutura_setup": "assimetrica",
        "variabilidade_setup": "alta",
        "n_maquinas": 2,
        "n_medio_jobs_maquina": 10,
        "n_jobs": 20
    },
    "matriz_setup": [
        [
            null,
            441.34,
            353.09,
            457.28,
            441.47,
            565.92,
            520.14,
            419.81,
            458.82,
            484.54,
            320.62,
            430.76,
            573.2,
            439.49,
            419.09,
            489.37,
            531.9,
            338.13,
            341.7,
            561.2
        ],
        [
            340.18,
            null,
            402.11,
            439.62,
            523.53,
            349.26,
            336.74,
            385.54,
            394.29,
            394.51,
            392.31,
            360.13,
            482.14,
            385.9,
            392.26,
            578.33,
            414.81,
            423.05,
            429.76,
            347.29
        ],
        [
            464.65,
            367.95,
            null,
            421.11,
            451.24,
            575.34,
            412.72,
            551.48,
            487.32,
            407.74,
            434.83,
            455.86,
            384.22,
            529.1,
            485.71,
            528.91,
            446.23,
            544.74,
            477.78,
            518.15
        ],
        [
            374.74,
            337.41,
            562.21,
            null,
            348.62,
            481.26,
            431.3,
            329.04,
            432.44,
            457.37,
            554.27,
            345.89,
            556.88,
            560.18,
            517.52,
            557.97,
            461.5,
            558.26,
            555.93,
            415.32
        ],
        [
            436.24,
            390.59,
            493.41,
            545.46,
            null,
            350.36,
            425.94,
            419.59,
            418.52,
            453.44,
            332.5,
            371.45,
            483.03,
            389.4,
            419.76,
            415.33,
            327.02,
            441.52,
            406.08,
            531.77
        ],
        [
            524.18,
            347.86,
            332.41,
            560.97,
            347.11,
            null,
            562.7,
            355.92,
            415.09,
            378.2,
            463.27,
            569.94,
            365.9,
            481.51,
            435.83,
            341.62,
            332.45,
            576.1,
            479.45,
            499.82
        ],
        [
            331.63,
            365.96,
            391.11,
            388.85,
            409.01,
            396.22,
            null,
            455.29,
            568.55,
            579.01,
            349.39,
            536.64,
            382.88,
            477.9,
            554.78,
            417.37,
            539.3,
            517.73,
            548.83,
            565.02
        ],
        [
            450.13,
            528.46,
            326.77,
            333.93,
            447.21,
            484.35,
            436.78,
            null,
            414.73,
            357.56,
            329.48,
            398.89,
            383.0,
            473.77,
            431.95,
            562.73,
            348.48,
            367.92,
            561.12,
            366.87
        ],
        [
            524.24,
            424.32,
            332.11,
            401.09,
            485.43,
            546.31,
            322.26,
            378.86,
            null,
            578.3,
            463.63,
            453.32,
            456.19,
            363.11,
            560.43,
            398.31,
            452.86,
            544.7,
            401.19,
            494.92
        ],
        [
            365.83,
            529.15,
            505.63,
            399.58,
            394.01,
            539.14,
            417.82,
            435.63,
            427.58,
            null,
            517.62,
            359.06,
            468.69,
            345.69,
            461.32,
            420.97,
            518.22,
            478.44,
            562.84,
            511.95
        ],
        [
            340.11,
            477.65,
            456.52,
            550.49,
            560.57,
            507.24,
            424.03,
            385.23,
            388.68,
            502.15,
            null,
            509.22,
            532.99,
            451.75,
            335.72,
            379.64,
            452.05,
            485.08,
            351.35,
            537.16
        ],
        [
            443.25,
            476.26,
            532.3,
            549.87,
            492.51,
            387.45,
            354.2,
            579.52,
            490.04,
            355.87,
            447.27,
            null,
            465.0,
            561.12,
            406.87,
            488.78,
            399.54,
            481.59,
            327.54,
            532.37
        ],
        [
            566.66,
            432.67,
            490.59,
            391.49,
            526.82,
            334.32,
            332.79,
            432.12,
            560.84,
            379.49,
            330.74,
            420.01,
            null,
            406.33,
            413.75,
            396.87,
            490.87,
            368.44,
            376.19,
            392.2
        ],
        [
            322.81,
            540.64,
            454.24,
            321.24,
            375.16,
            325.96,
            400.16,
            501.17,
            513.63,
            454.08,
            533.56,
            380.96,
            434.58,
            null,
            568.54,
            348.03,
            478.78,
            360.38,
            425.07,
            429.3
        ],
        [
            507.28,
            355.48,
            513.46,
            432.66,
            427.16,
            425.64,
            452.36,
            469.63,
            472.35,
            464.71,
            436.86,
            430.18,
            473.97,
            404.98,
            null,
            565.62,
            448.68,
            370.26,
            369.19,
            489.87
        ],
        [
            425.72,
            536.73,
            333.82,
            540.63,
            420.91,
            322.07,
            506.54,
            455.64,
            405.71,
            354.48,
            464.22,
            330.39,
            546.16,
            574.51,
            430.49,
            null,
            542.25,
            524.73,
            345.32,
            552.53
        ],
        [
            456.24,
            522.28,
            516.16,
            383.16,
            338.9,
            332.69,
            394.46,
            522.17,
            485.61,
            347.46,
            536.97,
            533.19,
            470.74,
            525.99,
            507.46,
            357.77,
            null,
            573.47,
            423.99,
            399.75
        ],
        [
            341.47,
            386.06,
            534.32,
            542.77,
            453.95,
            516.16,
            533.61,
            416.59,
            487.82,
            376.79,
            498.66,
            466.58,
            531.09,
            418.39,
            542.44,
            339.53,
            341.05,
            null,
            355.87,
            369.88
        ],
        [
            521.39,
            521.41,
            379.86,
            379.98,
            343.28,
            383.12,
            460.82,
            546.74,
            498.26,
            411.86,
            514.36,
            390.13,
            459.94,
            502.95,
            513.06,
            566.49,
            324.69,
            489.69,
            null,
            335.12
        ],
        [
            330.48,
            414.17,
            379.9,
            424.61,
            572.82,
            368.72,
            414.0,
            354.95,
            462.7,
            446.8,
            385.58,
            402.73,
            462.41,
            347.86,
            416.2,
            465.74,
            453.33,
            495.28,
            382.48,
            null
        ]
    ],
    "tempos_processamento": [
        4598.34,
        4540.67,
        4500.23,
        4252.12,
        4510.53,
        4517.05,
        4338.98,
        4306.4,
        4493.5,
        4683.56,
        4353.35,
        4392.36,
        4678.77,
        4359.72,
        4242.33,
        4309.47,
        4446.5,
        4554.99,
        4721.22,
        4245.68
    ],
    "ready_times": [
        10542.37,
        39099.18,
        5232.88,
        6677.24,
        26241.21,
        6203.0,
        27889.43,
        43328.32,
        25726.03,
        20833.26,
        5178.66,
        8838.65,
        19871.96,
        34647.39,
        36331.77,
        0.0,
        29696.29,
        9440.97,
        38968.83,
        3140.46
    ]
}