{
    "configuracao": {
        "codigo_cenario": "HLHHHLH",
        "nivel_ready_time": "alta",
        "variabilidade_processamento": "baixa",
        "media_processamento": "alta",
        "estrutura_setup": "assimetrica",
        "variabilidade_setup": "alta",
        "n_maquinas": 2,
        "n_medio_jobs_maquina": 10,
        "n_jobs": 20
    },
    "matriz_setup": [
        [
            null,
            571.89,
            561.41,
            488.6,
            548.78,
            538.82,
            565.3,
            429.82,
            416.0,
            394.52,
            579.86,
            579.56,
            459.13,
            347.81,
            436.4,
            524.79,
            469.78,
            489.42,
            457.76,
            499.31
        ],
        [
            514.63,
            null,
            325.87,
            332.77,
            403.87,
            377.34,
            510.08,
            420.44,
            333.27,
            454.52,
            430.65,
            491.37,
            396.67,
            562.42,
            537.96,
            464.79,
            480.12,
            402.62,
            372.7,
            552.41
        ],
        [
            381.5,
            402.17,
            null,
            538.65,
            350.64,
            567.82,
            476.92,
            431.82,
            517.98,
            509.01,
            534.82,
            512.66,
            489.59,
            437.41,
            514.84,
            528.21,
            478.37,
            447.45,
            496.08,
            548.28
        ],
        [
            553.75,
            551.67,
            483.2,
            null,
            469.6,
            480.72,
            385.85,
            518.26,
            430.33,
            367.73,
            411.68,
            527.04,
            411.43,
            456.9,
            496.31,
            443.68,
            431.09,
            342.88,
            561.18,
            446.25
        ],
        [
            363.99,
            478.98,
            492.43,
            376.68,
            null,
            450.49,
            461.05,
            515.42,
            433.18,
            375.33,
            477.43,
            357.03,
            563.97,
            490.14,
            536.34,
            498.48,
            557.82,
            543.21,
            387.17,
            420.46
        ],
        [
            548.17,
            541.99,
            442.64,
            556.69,
            355.51,
            null,
            555.09,
            338.95,
            463.96,
            459.94,
            397.36,
            470.09,
            374.69,
            394.24,
            564.89,
            394.33,
            404.09,
            556.62,
            468.79,
            474.42
        ],
        [
            343.04,
            367.96,
            419.44,
            435.25,
            367.65,
            378.42,
            null,
            364.87,
            411.58,
            473.76,
            371.8,
            474.41,
            413.91,
            388.09,
            446.76,
            342.5,
            576.08,
            485.42,
            412.97,
            536.66
        ],
        [
            445.62,
            553.8,
            358.62,
            530.88,
            484.98,
            350.75,
            523.92,
            null,
            465.45,
            541.67,
            344.75,
            383.55,
            448.38,
            358.09,
            395.86,
            507.83,
            335.11,
            400.5,
            416.69,
            521.82
        ],
        [
            539.75,
            338.18,
            325.56,
            464.63,
            374.07,
            347.95,
            371.05,
            569.19,
            null,
            475.0,
            576.54,
            355.92,
            478.8,
            456.1,
            361.55,
            577.42,
            378.13,
            501.63,
            467.08,
            433.28
        ],
        [
            463.23,
            448.14,
            446.88,
            511.26,
            499.77,
            341.17,
            471.21,
            512.13,
            419.71,
            null,
            407.06,
            448.63,
            376.28,
            490.58,
            365.28,
            487.67,
            490.7,
            383.17,
            395.21,
            359.83
        ],
        [
            550.52,
            375.8,
            381.28,
            546.21,
            372.25,
            339.07,
            475.14,
            532.93,
            469.66,
            451.83,
            null,
            517.27,
            340.38,
            523.4,
            378.36,
            467.07,
            519.44,
            400.15,
            467.12,
            403.91
        ],
        [
            321.18,
            543.57,
            575.73,
            375.83,
            412.98,
            485.02,
            456.01,
            457.18,
            476.33,
            521.38,
            541.63,
            null,
            519.34,
            574.48,
            546.1,
            405.42,
            401.39,
            504.41,
            379.35,
            327.35
        ],
        [
            378.37,
            404.71,
            337.16,
            404.49,
            367.27,
            350.75,
            360.21,
            576.29,
            555.61,
            436.81,
            406.94,
            474.42,
            null,
            493.19,
            525.72,
            470.07,
            389.9,
            438.61,
            510.98,
            379.64
        ],
        [
            541.96,
            386.89,
            383.65,
            351.52,
            476.37,
            468.56,
            551.66,
            380.93,
            497.95,
            405.13,
            540.27,
            510.43,
            377.77,
            null,
            394.84,
            525.39,
            442.44,
            392.14,
            430.17,
            541.05
        ],
        [
            476.42,
            354.62,
            329.56,
            401.0,
            560.66,
            324.09,
            407.51,
            372.99,
            539.09,
            406.03,
            405.73,
            324.43,
            445.59,
            533.65,
            null,
            373.27,
            429.35,
            435.36,
            579.06,
            349.73
        ],
        [
            501.57,
            488.97,
            553.68,
            470.29,
            336.09,
            537.89,
            404.84,
            360.94,
            497.44,
            423.17,
            576.14,
            463.42,
            388.71,
            574.0,
            425.28,
            null,
            508.79,
            537.07,
            572.95,
            373.58
        ],
        [
            526.49,
            553.63,
            377.47,
            568.23,
            457.42,
            426.65,
            560.17,
            527.29,
            352.13,
            470.22,
            569.96,
            542.34,
            512.16,
            555.38,
            366.78,
            471.48,
            null,
            515.02,
            482.86,
            546.55
        ],
        [
            334.32,
            385.77,
            460.16,
            397.55,
            543.86,
            395.91,
            432.65,
            534.11,
            491.53,
            478.37,
            559.29,
            331.87,
            418.96,
            441.87,
            490.7,
            355.59,
            541.43,
            null,
            477.17,
            479.42
        ],
        [
            360.45,
            524.55,
            553.41,
            331.85,
            501.77,
            394.61,
            462.2,
            535.49,
            389.13,
            395.76,
            511.94,
            477.8,
            484.93,
            485.26,
            529.81,
            570.03,
            485.99,
            353.71,
            null,
            343.29
        ],
        [
            408.7,
            543.7,
            462.07,
            498.22,
            522.86,
            506.93,
            454.77,
            363.67,
            391.88,
            495.17,
            399.18,
            575.77,
            561.6,
            393.93,
            572.3,
            327.03,
            338.84,
            427.25,
            325.61,
            null
        ]
    ],
    "tempos_processamento": [
        4761.49,
        4270.03,
        4498.92,
        4747.34,
        4477.81,
        4539.74,
        4728.15,
        4725.45,
        4559.23,
        4514.84,
        4327.22,
        4527.25,
        4419.1,
        4611.23,
        4566.75,
        4357.04,
        4569.45,
        4765.98,
        4581.27,
        4739.52
    ],
    "ready_times": [
        9229.85,
        13312.52,
        24492.94,
        0.0,
        16914.24,
        11295.25,
        5336.32,
        16906.0,
        18124.1,
        1473.6,
        25516.75,
        14176.19,
        3531.95,
        16132.64,
        38781.63,
        19280.28,
        5526.66,
        28693.37,
        32092.68,
        3735.77
    ]
}