{
    "configuracao": {
        "codigo_cenario": "HLHHHLH",
        "nivel_ready_time": "alta",
        "variabilidade_processamento": "baixa",
        "media_processamento": "alta",
        "estrutura_setup": "assimetrica",
        "variabilidade_setup": "alta",
        "n_maquinas": 2,
        "n_medio_jobs_maquina": 10,
        "n_jobs": 20
    },
    "matriz_setup": [
        [
            null,
            468.65,
            420.0,
            340.06,
            458.89,
            441.5,
            524.65,
            556.31,
            327.73,
            403.37,
            421.18,
            482.5,
            570.45,
            516.76,
            475.66,
            496.36,
            565.86,
            509.32,
            547.7,
            464.71
        ],
        [
            348.8,
            null,
            540.77,
            431.88,
            368.41,
            395.18,
            497.87,
            555.94,
            491.23,
            381.59,
            521.0,
            499.2,
            427.82,
            523.25,
            432.55,
            374.6,
            442.46,
            399.67,
            346.3,
            340.0
        ],
        [
            502.38,
            368.79,
            null,
            329.87,
            383.32,
            405.56,
            456.3,
            500.73,
            492.82,
            561.28,
            490.46,
            435.51,
            375.94,
            451.13,
            373.47,
            501.81,
            411.94,
            390.03,
            446.62,
            404.13
        ],
        [
            538.1,
            396.05,
            492.74,
            null,
            541.64,
            353.66,
            501.54,
            367.98,
            346.3,
            421.41,
            493.88,
            517.43,
            356.74,
            554.42,
            350.79,
            487.92,
            489.52,
            430.15,
            381.95,
            556.44
        ],
        [
            487.06,
            529.14,
            365.77,
            574.68,
            null,
            358.33,
            454.02,
            475.33,
            392.94,
            480.29,
            537.96,
            449.84,
            445.87,
            443.32,
            502.99,
            340.95,
            365.48,
            504.58,
            444.14,
            444.29
        ],
        [
            323.85,
            471.07,
            554.44,
            374.69,
            443.78,
            null,
            549.36,
            419.28,
            382.51,
            460.19,
            351.73,
            566.52,
            571.74,
            437.8,
            406.31,
            515.24,
            526.47,
            428.25,
            548.94,
            340.65
        ],
        [
            513.92,
            378.66,
            558.3,
            488.19,
            356.11,
            453.66,
            null,
            503.07,
            397.8,
            338.97,
            405.83,
            352.62,
            557.92,
            494.75,
            541.3,
            500.19,
            474.29,
            525.45,
            520.02,
            535.57
        ],
        [
            551.08,
            416.43,
            446.34,
            430.95,
            543.14,
            410.4,
            561.6,
            null,
            418.47,
            404.43,
            525.1,
            482.79,
            330.78,
            459.99,
            420.43,
            484.36,
            455.44,
            387.52,
            335.05,
            553.09
        ],
        [
            565.21,
            336.57,
            492.01,
            564.93,
            351.62,
            381.94,
            566.9,
            577.69,
            null,
            447.4,
            459.56,
            551.54,
            337.47,
            465.0,
            373.23,
            501.1,
            337.88,
            467.91,
            519.92,
            417.28
        ],
        [
            552.73,
            512.0,
            558.32,
            386.38,
            454.61,
            402.37,
            354.04,
            458.01,
            578.17,
            null,
            498.85,
            463.4,
            387.25,
            466.35,
            357.4,
            502.61,
            339.06,
            549.13,
            549.85,
            359.54
        ],
        [
            383.9,
            356.2,
            400.44,
            380.01,
            370.48,
            379.16,
            417.81,
            411.25,
            403.63,
            420.5,
            null,
            402.39,
            556.12,
            466.99,
            519.23,
            339.1,
            557.21,
            516.3,
            325.23,
            415.24
        ],
        [
            352.36,
            539.13,
            563.09,
            522.09,
            423.66,
            497.68,
            572.1,
            471.62,
            470.44,
            329.43,
            460.16,
            null,
            498.01,
            365.54,
            462.85,
            571.1,
            373.94,
            475.14,
            499.76,
            399.61
        ],
        [
            413.17,
            442.03,
            391.57,
            433.31,
            500.87,
            475.87,
            448.55,
            358.96,
            447.79,
            481.92,
            376.58,
            418.46,
            null,
            428.71,
            401.48,
            455.59,
            493.6,
            460.38,
            370.34,
            422.65
        ],
        [
            507.69,
            341.57,
            559.62,
            533.97,
            446.23,
            405.45,
            482.72,
            370.98,
            527.23,
            542.78,
            535.86,
            516.12,
            322.6,
            null,
            329.48,
            340.54,
            391.86,
            479.07,
            452.09,
            530.26
        ],
        [
            349.24,
            442.05,
            379.67,
            385.45,
            419.57,
            559.46,
            473.35,
            483.13,
            406.88,
            460.88,
            390.83,
            481.91,
            372.4,
            511.71,
            null,
            479.6,
            351.03,
            561.71,
            331.1,
            498.04
        ],
        [
            438.04,
            429.19,
            571.25,
            534.14,
            406.18,
            498.48,
            404.28,
            410.23,
            540.35,
            537.91,
            442.1,
            483.38,
            439.88,
            528.87,
            564.64,
            null,
            354.47,
            344.73,
            519.37,
            572.58
        ],
        [
            410.85,
            469.84,
            356.44,
            343.4,
            502.63,
            527.43,
            426.14,
            501.51,
            488.43,
            492.96,
            509.66,
            460.02,
            570.9,
            382.76,
            353.9,
            322.03,
            null,
            529.17,
            440.49,
            539.34
        ],
        [
            416.99,
            413.69,
            522.87,
            507.71,
            360.73,
            550.84,
            541.28,
            475.29,
            346.24,
            395.78,
            370.08,
            567.6,
            503.93,
            459.58,
            447.73,
            334.71,
            325.53,
            null,
            573.67,
            328.07
        ],
        [
            517.9,
            423.32,
            347.98,
            463.85,
            518.05,
            502.6,
            396.04,
            470.43,
            570.03,
            332.0,
            399.63,
            516.13,
            406.57,
            367.49,
            398.13,
            534.35,
            427.71,
            565.37,
            null,
            485.56
        ],
        [
            508.04,
            519.7,
            388.25,
            365.83,
            394.72,
            355.82,
            446.21,
            483.76,
            371.58,
            503.17,
            470.66,
            545.21,
            575.25,
            459.19,
            521.23,
            566.5,
            533.66,
            340.95,
            365.69,
            null
        ]
    ],
    "tempos_processamento": [
        4381.64,
        4599.96,
        4576.14,
        4721.29,
        4428.29,
        4268.63,
        4711.14,
        4236.11,
        4718.94,
        4754.92,
        4669.34,
        4685.33,
        4562.09,
        4333.16,
        4639.14,
        4497.75,
        4547.43,
        4550.25,
        4310.25,
        4666.35
    ],
    "ready_times": [
        35627.51,
        6825.61,
        33735.05,
        8366.34,
        28748.56,
        0.0,
        6791.49,
        669.76,
        30616.3,
        18088.37,
        37523.39,
        29441.74,
        34365.66,
        6152.99,
        1327.49,
        23033.98,
        34552.21,
        30619.56,
        7654.66,
        24637.82
    ]
}