{
    "configuracao": {
        "codigo_cenario": "HLHHHLH",
        "nivel_ready_time": "alta",
        "variabilidade_processamento": "baixa",
        "media_processamento": "alta",
        "estrutura_setup": "assimetrica",
        "variabilidade_setup": "alta",
        "n_maquinas": 2,
        "n_medio_jobs_maquina": 10,
        "n_jobs": 20
    },
    "matriz_setup": [
        [
            null,
            563.74,
            474.98,
            558.9,
            414.93,
            530.36,
            535.12,
            410.96,
            491.12,
            409.39,
            391.63,
            487.11,
            432.8,
            326.43,
            489.18,
            357.37,
            356.26,
            442.53,
            332.69,
            515.59
        ],
        [
            392.16,
            null,
            453.79,
            535.9,
            329.11,
            405.26,
            375.77,
            508.69,
            421.17,
            476.73,
            544.92,
            429.68,
            535.49,
            445.2,
            448.98,
            345.63,
            414.17,
            496.6,
            385.05,
            447.89
        ],
        [
            508.03,
            522.07,
            null,
            419.81,
            370.64,
            516.01,
            412.51,
            518.21,
            349.2,
            340.56,
            352.4,
            387.9,
            486.76,
            442.43,
            464.94,
            539.88,
            379.03,
            481.64,
            440.03,
            438.56
        ],
        [
            347.94,
            428.75,
            514.15,
            null,
            328.43,
            549.64,
            356.66,
            520.17,
            437.68,
            350.12,
            482.49,
            445.22,
            329.39,
            418.37,
            458.03,
            415.37,
            335.77,
            564.26,
            343.62,
            335.29
        ],
        [
            328.53,
            447.93,
            472.07,
            558.42,
            null,
            444.53,
            487.61,
            324.71,
            543.83,
            366.62,
            472.16,
            430.76,
            347.92,
            423.74,
            336.99,
            397.83,
            423.33,
            457.77,
            375.87,
            383.9
        ],
        [
            337.95,
            370.17,
            544.69,
            329.3,
            328.04,
            null,
            560.61,
            421.11,
            351.0,
            357.27,
            440.05,
            354.88,
            555.85,
            451.84,
            490.82,
            434.75,
            560.23,
            569.67,
            511.86,
            493.22
        ],
        [
            539.13,
            449.35,
            491.7,
            469.38,
            518.04,
            462.13,
            null,
            462.8,
            395.48,
            441.5,
            502.37,
            570.18,
            320.19,
            524.21,
            453.79,
            399.98,
            550.19,
            440.09,
            530.51,
            429.81
        ],
        [
            342.84,
            377.22,
            369.66,
            366.94,
            388.03,
            470.35,
            561.88,
            null,
            526.19,
            391.12,
            402.94,
            410.37,
            418.65,
            515.46,
            323.09,
            506.2,
            405.08,
            425.36,
            339.09,
            342.56
        ],
        [
            530.14,
            543.04,
            573.06,
            406.78,
            328.8,
            577.7,
            429.31,
            568.2,
            null,
            342.15,
            353.06,
            352.0,
            462.11,
            420.59,
            496.38,
            502.73,
            438.61,
            415.97,
            460.1,
            454.18
        ],
        [
            524.52,
            467.57,
            557.84,
            450.03,
            329.15,
            572.63,
            421.6,
            387.78,
            536.29,
            null,
            327.83,
            336.45,
            385.47,
            495.86,
            385.37,
            321.67,
            481.91,
            369.45,
            434.98,
            484.54
        ],
        [
            407.37,
            522.0,
            564.4,
            444.7,
            514.19,
            374.83,
            323.5,
            514.23,
            433.89,
            409.83,
            null,
            504.07,
            453.48,
            556.91,
            565.2,
            378.44,
            548.54,
            469.78,
            509.35,
            476.17
        ],
        [
            372.49,
            323.2,
            355.58,
            433.97,
            335.37,
            570.19,
            577.1,
            491.52,
            389.92,
            554.91,
            558.05,
            null,
            372.9,
            545.39,
            388.27,
            467.92,
            468.0,
            518.37,
            422.77,
            394.85
        ],
        [
            483.85,
            430.04,
            350.53,
            369.32,
            514.57,
            567.7,
            344.24,
            523.47,
            577.81,
            334.15,
            576.9,
            571.16,
            null,
            575.6,
            373.48,
            321.45,
            508.91,
            387.98,
            340.72,
            363.58
        ],
        [
            574.66,
            468.4,
            362.22,
            556.67,
            555.86,
            500.97,
            524.12,
            418.65,
            481.74,
            429.59,
            337.85,
            498.46,
            388.38,
            null,
            551.94,
            423.41,
            508.75,
            463.93,
            525.85,
            372.37
        ],
        [
            447.13,
            388.27,
            412.21,
            360.06,
            482.31,
            346.99,
            512.83,
            381.8,
            418.36,
            452.06,
            487.13,
            562.49,
            354.58,
            519.77,
            null,
            482.36,
            564.58,
            559.05,
            342.72,
            490.62
        ],
        [
            376.59,
            458.67,
            476.63,
            563.2,
            343.59,
            522.72,
            344.2,
            469.48,
            367.1,
            362.69,
            539.76,
            369.12,
            479.63,
            576.13,
            423.74,
            null,
            373.89,
            481.59,
            409.87,
            527.7
        ],
        [
            416.12,
            469.06,
            575.71,
            399.42,
            385.3,
            522.25,
            324.06,
            441.1,
            531.08,
            323.7,
            567.8,
            499.62,
            470.42,
            490.71,
            356.2,
            327.27,
            null,
            410.51,
            403.62,
            443.7
        ],
        [
            483.9,
            399.77,
            330.24,
            366.84,
            404.81,
            547.85,
            380.5,
            502.51,
            351.64,
            449.64,
            487.62,
            464.43,
            511.3,
            502.21,
            527.04,
            348.75,
            579.32,
            null,
            438.96,
            559.62
        ],
        [
            346.32,
            501.32,
            327.91,
            327.13,
            524.12,
            345.79,
            328.73,
            551.71,
            460.86,
            396.37,
            576.6,
            339.88,
            430.36,
            402.08,
            497.67,
            336.34,
            434.53,
            517.17,
            null,
            391.6
        ],
        [
            504.89,
            509.74,
            444.38,
            508.58,
            492.12,
            384.27,
            413.94,
            579.07,
            363.89,
            351.58,
            410.2,
            398.61,
            321.48,
            502.19,
            480.48,
            401.14,
            423.98,
            465.53,
            544.43,
            null
        ]
    ],
    "tempos_processamento": [
        4744.91,
        4389.87,
        4661.3,
        4244.76,
        4665.73,
        4424.04,
        4592.34,
        4563.7,
        4649.49,
        4556.07,
        4554.22,
        4330.51,
        4432.7,
        4744.13,
        4376.8,
        4669.21,
        4248.86,
        4312.16,
        4336.2,
        4312.72
    ],
    "ready_times": [
        33689.6,
        6063.03,
        21059.19,
        0.0,
        31570.74,
        7375.74,
        17615.26,
        38309.91,
        21462.47,
        5654.92,
        39102.83,
        5297.32,
        24339.16,
        43513.43,
        43770.53,
        37236.76,
        41653.13,
        15234.02,
        23130.52,
        14396.44
    ]
}