{
    "configuracao": {
        "codigo_cenario": "HLHHHLH",
        "nivel_ready_time": "alta",
        "variabilidade_processamento": "baixa",
        "media_processamento": "alta",
        "estrutura_setup": "assimetrica",
        "variabilidade_setup": "alta",
        "n_maquinas": 2,
        "n_medio_jobs_maquina": 10,
        "n_jobs": 20
    },
    "matriz_setup": [
        [
            null,
            453.84,
            399.42,
            325.22,
            425.13,
            357.53,
            392.94,
            529.98,
            499.13,
            357.35,
            493.96,
            476.68,
            515.77,
            394.82,
            455.08,
            336.67,
            415.63,
            406.96,
            435.33,
            410.79
        ],
        [
            405.84,
            null,
            431.42,
            510.5,
            485.99,
            579.57,
            473.51,
            577.13,
            352.05,
            443.49,
            508.85,
            347.86,
            548.69,
            325.62,
            351.44,
            534.23,
            529.71,
            504.55,
            531.15,
            409.04
        ],
        [
            542.75,
            380.34,
            null,
            532.48,
            510.16,
            371.57,
            545.47,
            537.23,
            384.84,
            396.11,
            356.39,
            462.71,
            339.49,
            482.7,
            425.59,
            380.04,
            471.6,
            484.73,
            456.05,
            462.01
        ],
        [
            372.04,
            444.02,
            493.82,
            null,
            420.52,
            442.72,
            330.34,
            446.85,
            496.97,
            506.2,
            462.83,
            390.17,
            460.14,
            385.54,
            536.38,
            482.2,
            328.62,
            448.87,
            382.93,
            331.08
        ],
        [
            579.63,
            354.24,
            567.55,
            428.27,
            null,
            472.03,
            550.03,
            522.18,
            419.79,
            513.38,
            387.06,
            334.74,
            559.18,
            466.57,
            520.27,
            535.0,
            564.45,
            385.89,
            326.87,
            553.44
        ],
        [
            542.17,
            573.09,
            414.38,
            544.46,
            568.41,
            null,
            342.46,
            504.05,
            342.96,
            365.05,
            341.72,
            516.81,
            448.8,
            468.62,
            520.84,
            509.03,
            569.6,
            425.57,
            567.19,
            537.25
        ],
        [
            500.8,
            570.38,
            411.48,
            388.06,
            452.99,
            489.49,
            null,
            519.92,
            551.72,
            497.06,
            419.91,
            539.44,
            485.65,
            559.47,
            459.48,
            462.34,
            484.12,
            474.6,
            394.49,
            570.99
        ],
        [
            510.66,
            336.72,
            467.35,
            404.54,
            364.1,
            526.85,
            513.69,
            null,
            349.97,
            432.11,
            527.65,
            335.86,
            321.54,
            508.49,
            409.12,
            514.27,
            504.5,
            346.25,
            473.13,
            361.48
        ],
        [
            324.03,
            463.76,
            401.5,
            455.16,
            513.58,
            556.53,
            489.32,
            340.09,
            null,
            451.63,
            377.98,
            386.61,
            529.75,
            538.31,
            383.44,
            564.29,
            506.32,
            516.01,
            576.01,
            518.51
        ],
        [
            533.78,
            435.97,
            415.93,
            505.52,
            530.72,
            338.79,
            443.08,
            522.11,
            340.79,
            null,
            374.4,
            493.88,
            327.27,
            447.69,
            408.96,
            551.89,
            574.35,
            475.34,
            494.75,
            403.57
        ],
        [
            328.2,
            339.45,
            422.27,
            437.68,
            484.91,
            354.43,
            521.47,
            517.15,
            569.72,
            426.15,
            null,
            576.6,
            376.61,
            507.95,
            495.96,
            534.2,
            451.12,
            388.59,
            441.69,
            368.87
        ],
        [
            453.19,
            451.5,
            510.1,
            555.12,
            342.67,
            381.34,
            423.83,
            495.7,
            395.21,
            457.1,
            347.13,
            null,
            567.64,
            551.11,
            543.42,
            389.59,
            379.03,
            573.59,
            400.03,
            357.6
        ],
        [
            440.28,
            321.04,
            478.54,
            569.47,
            551.83,
            499.29,
            509.55,
            408.33,
            411.92,
            562.8,
            514.03,
            476.48,
            null,
            365.95,
            483.63,
            422.69,
            506.19,
            543.97,
            452.13,
            416.14
        ],
        [
            419.89,
            399.62,
            432.96,
            387.42,
            435.52,
            519.81,
            565.17,
            458.26,
            502.92,
            368.0,
            401.16,
            567.01,
            534.51,
            null,
            476.48,
            411.27,
            488.86,
            389.04,
            519.54,
            394.48
        ],
        [
            362.94,
            579.42,
            464.92,
            515.94,
            485.52,
            340.21,
            528.95,
            488.62,
            507.64,
            449.3,
            445.72,
            431.56,
            577.71,
            452.43,
            null,
            427.23,
            348.46,
            381.98,
            472.73,
            367.03
        ],
        [
            509.74,
            366.84,
            521.47,
            345.67,
            448.15,
            480.32,
            546.4,
            400.12,
            480.3,
            414.26,
            329.86,
            484.6,
            476.77,
            359.63,
            398.9,
            null,
            455.0,
            484.52,
            344.31,
            339.1
        ],
        [
            467.41,
            491.36,
            321.42,
            511.4,
            528.58,
            361.91,
            551.58,
            467.6,
            551.59,
            401.04,
            532.32,
            421.79,
            356.24,
            437.63,
            476.15,
            370.75,
            null,
            521.66,
            577.01,
            419.87
        ],
        [
            501.27,
            564.9,
            532.64,
            321.19,
            393.25,
            541.3,
            436.59,
            538.33,
            322.93,
            394.04,
            462.69,
            450.2,
            449.59,
            513.12,
            545.46,
            502.87,
            568.2,
            null,
            540.01,
            534.8
        ],
        [
            503.4,
            566.3,
            429.48,
            488.63,
            445.73,
            372.2,
            428.8,
            465.59,
            508.83,
            340.02,
            482.24,
            492.57,
            460.63,
            424.85,
            468.36,
            354.49,
            504.54,
            562.86,
            null,
            416.01
        ],
        [
            521.15,
            412.14,
            428.71,
            538.42,
            491.04,
            345.77,
            495.46,
            490.6,
            469.81,
            549.12,
            484.72,
            324.5,
            576.59,
            473.62,
            529.12,
            416.11,
            423.94,
            546.63,
            567.36,
            null
        ]
    ],
    "tempos_processamento": [
        4499.81,
        4298.06,
        4674.37,
        4271.81,
        4267.35,
        4712.58,
        4325.06,
        4740.48,
        4714.38,
        4475.63,
        4289.36,
        4476.04,
        4346.32,
        4454.11,
        4279.93,
        4566.01,
        4724.77,
        4329.26,
        4495.49,
        4751.87
    ],
    "ready_times": [
        29727.15,
        15027.58,
        6376.35,
        38747.82,
        38516.73,
        30613.52,
        1384.86,
        375.53,
        10157.17,
        35465.58,
        40014.1,
        36255.18,
        21580.93,
        0.0,
        34640.15,
        42204.5,
        244.76,
        32087.72,
        28427.74,
        30446.24
    ]
}