{
    "configuracao": {
        "codigo_cenario": "HHHLLLL",
        "nivel_ready_time": "alta",
        "variabilidade_processamento": "alta",
        "media_processamento": "alta",
        "estrutura_setup": "simetrica",
        "variabilidade_setup": "baixa",
        "n_maquinas": 2,
        "n_medio_jobs_maquina": 3,
        "n_jobs": 6
    },
    "matriz_setup": [
        [
            null,
            444.5,
            416.59,
            419.85,
            476.58,
            448.4
        ],
        [
            444.5,
            null,
            455.54,
            472.51,
            390.49,
            424.99
        ],
        [
            416.59,
            455.54,
            null,
            461.01,
            409.67,
            453.23
        ],
        [
            419.85,
            472.51,
            461.01,
            null,
            508.0,
            394.97
        ],
        [
            476.58,
            390.49,
            409.67,
            508.0,
            null,
            437.8
        ],
        [
            448.4,
            424.99,
            453.23,
            394.97,
            437.8,
            null
        ]
    ],
    "tempos_processamento": [
        2586.62,
        5734.37,
        5569.38,
        6129.57,
        3734.96,
        3932.95
    ],
    "ready_times": [
        4315.84,
        0.0,
        5902.0,
        4213.65,
        5071.91,
        3174.04
    ]
}