{
    "configuracao": {
        "codigo_cenario": "HHHLLLL",
        "nivel_ready_time": "alta",
        "variabilidade_processamento": "alta",
        "media_processamento": "alta",
        "estrutura_setup": "simetrica",
        "variabilidade_setup": "baixa",
        "n_maquinas": 2,
        "n_medio_jobs_maquina": 3,
        "n_jobs": 6
    },
    "matriz_setup": [
        [
            null,
            478.56,
            420.93,
            453.65,
            440.52,
            469.88
        ],
        [
            478.56,
            null,
            475.21,
            492.71,
            401.59,
            446.89
        ],
        [
            420.93,
            475.21,
            null,
            387.06,
            462.91,
            405.2
        ],
        [
            453.65,
            492.71,
            387.06,
            null,
            423.95,
            402.48
        ],
        [
            440.52,
            401.59,
            462.91,
            423.95,
            null,
            444.92
        ],
        [
            469.88,
            446.89,
            405.2,
            402.48,
            444.92,
            null
        ]
    ],
    "tempos_processamento": [
        6974.66,
        7084.53,
        6229.44,
        3916.98,
        2701.61,
        3191.9
    ],
    "ready_times": [
        1904.21,
        6316.09,
        713.38,
        0.0,
        3294.6,
        1549.95
    ]
}