{
    "configuracao": {
        "codigo_cenario": "HHHLLLL",
        "nivel_ready_time": "alta",
        "variabilidade_processamento": "alta",
        "media_processamento": "alta",
        "estrutura_setup": "simetrica",
        "variabilidade_setup": "baixa",
        "n_maquinas": 2,
        "n_medio_jobs_maquina": 3,
        "n_jobs": 6
    },
    "matriz_setup": [
        [
            null,
            507.12,
            471.75,
            450.03,
            391.54,
            388.16
        ],
        [
            507.12,
            null,
            414.45,
            465.07,
            385.95,
            494.35
        ],
        [
            471.75,
            414.45,
            null,
            415.3,
            484.83,
            402.76
        ],
        [
            450.03,
            465.07,
            415.3,
            null,
            394.27,
            495.69
        ],
        [
            391.54,
            385.95,
            484.83,
            394.27,
            null,
            421.11
        ],
        [
            388.16,
            494.35,
            402.76,
            495.69,
            421.11,
            null
        ]
    ],
    "tempos_processamento": [
        2107.86,
        4966.43,
        4328.14,
        2254.56,
        1867.78,
        6472.0
    ],
    "ready_times": [
        8265.73,
        793.92,
        7931.65,
        3230.45,
        0.0,
        4552.2
    ]
}