{
    "configuracao": {
        "codigo_cenario": "HLHHLHL",
        "nivel_ready_time": "alta",
        "variabilidade_processamento": "baixa",
        "media_processamento": "alta",
        "estrutura_setup": "assimetrica",
        "variabilidade_setup": "baixa",
        "n_maquinas": 10,
        "n_medio_jobs_maquina": 3,
        "n_jobs": 30
    },
    "matriz_setup": [
        [
            null,
            411.5,
            460.52,
            448.59,
            479.45,
            499.42,
            472.61,
            442.61,
            485.74,
            453.44,
            404.53,
            421.52,
            501.95,
            403.28,
            465.53,
            393.5,
            408.14,
            463.18,
            407.05,
            461.6,
            496.6,
            391.54,
            466.27,
            424.7,
            435.43,
            402.93,
            468.56,
            409.6,
            438.5,
            465.91
        ],
        [
            471.56,
            null,
            492.92,
            503.33,
            438.63,
            404.21,
            456.17,
            446.05,
            409.65,
            497.17,
            463.18,
            397.11,
            464.37,
            385.06,
            487.12,
            410.68,
            507.07,
            483.53,
            428.68,
            449.8,
            456.28,
            413.09,
            496.69,
            455.32,
            418.21,
            445.24,
            413.43,
            434.88,
            464.34,
            472.08
        ],
        [
            460.17,
            453.84,
            null,
            422.33,
            451.32,
            393.3,
            394.61,
            409.04,
            414.98,
            436.49,
            448.39,
            405.8,
            501.45,
            435.19,
            419.39,
            484.5,
            412.55,
            395.27,
            424.83,
            439.51,
            510.04,
            418.94,
            401.29,
            473.31,
            512.14,
            451.99,
            392.14,
            482.16,
            501.47,
            462.52
        ],
        [
            473.07,
            454.02,
            509.94,
            null,
            402.41,
            424.35,
            462.56,
            433.49,
            469.91,
            463.35,
            427.04,
            500.19,
            497.14,
            411.32,
            506.37,
            512.68,
            387.88,
            424.22,
            469.54,
            499.09,
            451.5,
            501.1,
            422.32,
            468.5,
            432.48,
            446.47,
            512.88,
            456.89,
            393.02,
            493.12
        ],
        [
            437.7,
            474.68,
            490.09,
            415.35,
            null,
            484.71,
            462.81,
            470.59,
            443.24,
            496.85,
            501.48,
            397.33,
            413.06,
            412.19,
            493.66,
            441.23,
            476.18,
            510.75,
            499.0,
            514.84,
            440.07,
            487.18,
            490.23,
            456.43,
            501.4,
            390.03,
            502.29,
            393.63,
            455.35,
            416.43
        ],
        [
            453.8,
            483.0,
            479.13,
            404.41,
            421.28,
            null,
            446.98,
            434.55,
            440.19,
            451.77,
            427.04,
            463.73,
            400.4,
            461.67,
            431.52,
            401.76,
            435.58,
            395.07,
            418.39,
            492.07,
            391.3,
            502.93,
            444.29,
            490.14,
            439.46,
            476.61,
            487.05,
            437.85,
            458.34,
            408.99
        ],
        [
            431.21,
            443.81,
            466.54,
            509.96,
            387.46,
            499.8,
            null,
            421.29,
            514.41,
            452.47,
            465.57,
            441.76,
            443.77,
            510.69,
            444.37,
            462.07,
            511.67,
            436.55,
            497.85,
            490.95,
            434.66,
            457.52,
            398.94,
            405.81,
            415.44,
            453.36,
            477.76,
            396.57,
            481.34,
            507.09
        ],
        [
            425.96,
            510.61,
            419.55,
            507.86,
            486.66,
            500.97,
            449.56,
            null,
            427.88,
            504.0,
            397.19,
            504.88,
            399.1,
            439.19,
            495.46,
            391.98,
            505.32,
            436.23,
            392.89,
            497.47,
            471.24,
            463.79,
            439.81,
            435.97,
            440.9,
            391.32,
            423.79,
            479.75,
            405.34,
            462.34
        ],
        [
            456.53,
            458.07,
            420.89,
            392.55,
            440.04,
            514.02,
            510.59,
            385.28,
            null,
            420.43,
            428.69,
            509.52,
            418.82,
            413.15,
            421.49,
            390.23,
            485.06,
            436.33,
            481.67,
            458.8,
            500.56,
            403.57,
            507.58,
            461.0,
            412.37,
            467.96,
            417.94,
            471.14,
            481.3,
            391.48
        ],
        [
            439.5,
            428.53,
            458.12,
            476.7,
            504.08,
            439.1,
            423.94,
            493.49,
            501.54,
            null,
            414.39,
            396.09,
            507.72,
            427.76,
            440.52,
            491.59,
            419.52,
            386.51,
            415.22,
            435.6,
            484.11,
            472.86,
            386.4,
            434.29,
            454.1,
            502.81,
            510.59,
            450.83,
            415.23,
            484.62
        ],
        [
            474.77,
            408.31,
            481.39,
            434.68,
            467.12,
            452.35,
            448.8,
            431.58,
            431.62,
            421.14,
            null,
            427.53,
            477.11,
            409.84,
            500.4,
            410.77,
            427.29,
            396.3,
            508.07,
            441.38,
            439.35,
            513.56,
            463.41,
            395.05,
            441.36,
            459.35,
            390.99,
            411.67,
            402.87,
            442.02
        ],
        [
            482.62,
            492.12,
            493.28,
            504.8,
            464.34,
            475.12,
            395.79,
            385.56,
            420.51,
            461.53,
            499.45,
            null,
            452.99,
            481.26,
            495.27,
            392.69,
            508.09,
            502.87,
            421.24,
            401.2,
            464.9,
            386.44,
            491.63,
            403.75,
            400.28,
            473.88,
            465.73,
            387.08,
            412.17,
            484.94
        ],
        [
            408.15,
            431.83,
            414.99,
            421.64,
            511.29,
            441.73,
            436.73,
            454.52,
            453.73,
            484.42,
            435.44,
            431.18,
            null,
            491.34,
            495.85,
            503.1,
            419.43,
            483.43,
            510.6,
            436.49,
            471.4,
            470.93,
            445.51,
            458.96,
            423.36,
            432.83,
            415.89,
            482.6,
            433.38,
            461.57
        ],
        [
            481.29,
            489.05,
            488.34,
            495.6,
            448.83,
            477.48,
            479.46,
            432.82,
            486.47,
            397.55,
            415.02,
            492.68,
            463.31,
            null,
            488.99,
            408.79,
            398.7,
            464.92,
            402.74,
            504.49,
            497.89,
            433.77,
            503.62,
            449.11,
            430.98,
            488.53,
            513.42,
            431.25,
            475.95,
            447.72
        ],
        [
            496.66,
            441.8,
            419.73,
            476.08,
            468.04,
            457.4,
            470.63,
            429.77,
            435.15,
            404.67,
            472.17,
            491.1,
            445.55,
            426.51,
            null,
            455.16,
            479.37,
            400.52,
            426.53,
            457.8,
            400.91,
            406.85,
            457.28,
            406.58,
            400.85,
            418.94,
            475.62,
            389.6,
            455.9,
            445.75
        ],
        [
            476.54,
            473.04,
            405.39,
            470.59,
            387.89,
            512.3,
            514.24,
            508.22,
            456.33,
            473.45,
            385.08,
            499.35,
            508.28,
            445.55,
            423.71,
            null,
            494.01,
            447.48,
            458.14,
            392.68,
            405.53,
            485.73,
            396.56,
            485.45,
            436.64,
            507.86,
            415.89,
            400.96,
            396.42,
            452.64
        ],
        [
            462.07,
            445.95,
            393.29,
            407.22,
            386.99,
            452.18,
            403.48,
            480.87,
            408.74,
            434.96,
            412.67,
            443.04,
            474.0,
            473.79,
            391.31,
            421.64,
            null,
            424.09,
            466.33,
            493.99,
            390.73,
            446.04,
            444.15,
            469.32,
            401.32,
            458.07,
            420.9,
            440.77,
            483.69,
            498.52
        ],
        [
            421.53,
            394.6,
            479.37,
            510.44,
            385.1,
            488.45,
            411.79,
            497.02,
            507.45,
            421.28,
            440.96,
            447.7,
            474.93,
            412.06,
            502.17,
            485.06,
            406.25,
            null,
            424.94,
            483.64,
            484.25,
            465.98,
            503.36,
            474.98,
            509.22,
            507.04,
            409.1,
            439.05,
            454.77,
            422.45
        ],
        [
            457.42,
            420.46,
            426.24,
            442.18,
            448.47,
            499.34,
            404.7,
            493.72,
            444.73,
            473.73,
            488.33,
            509.64,
            446.17,
            488.95,
            411.16,
            505.84,
            457.25,
            434.2,
            null,
            513.59,
            502.5,
            493.56,
            425.16,
            389.06,
            487.19,
            463.31,
            434.32,
            488.45,
            443.9,
            425.93
        ],
        [
            456.97,
            498.75,
            436.73,
            452.64,
            483.78,
            441.99,
            395.15,
            391.3,
            493.1,
            464.64,
            415.87,
            439.77,
            436.25,
            494.93,
            511.49,
            510.32,
            472.59,
            421.58,
            503.51,
            null,
            389.0,
            478.41,
            407.48,
            419.74,
            501.59,
            505.19,
            464.65,
            442.34,
            412.13,
            409.66
        ],
        [
            434.95,
            397.61,
            452.09,
            438.87,
            453.37,
            408.3,
            399.48,
            398.51,
            502.38,
            421.05,
            398.19,
            388.93,
            441.74,
            504.74,
            434.02,
            440.62,
            397.59,
            486.09,
            478.83,
            459.67,
            null,
            506.34,
            471.96,
            499.97,
            401.15,
            492.86,
            402.61,
            472.07,
            483.51,
            436.67
        ],
        [
            479.86,
            479.53,
            496.51,
            388.21,
            494.27,
            407.18,
            415.61,
            455.84,
            404.61,
            387.93,
            410.69,
            514.06,
            400.58,
            404.35,
            474.02,
            495.2,
            477.68,
            417.75,
            398.36,
            460.68,
            450.56,
            null,
            401.98,
            498.51,
            478.21,
            514.42,
            507.95,
            443.49,
            437.73,
            462.08
        ],
        [
            479.5,
            465.5,
            449.07,
            492.93,
            462.85,
            458.09,
            486.12,
            469.15,
            445.5,
            447.08,
            429.67,
            454.71,
            440.29,
            403.31,
            514.06,
            458.32,
            408.14,
            491.84,
            448.03,
            426.43,
            481.52,
            396.34,
            null,
            429.45,
            442.42,
            447.07,
            468.95,
            431.47,
            457.85,
            417.07
        ],
        [
            414.98,
            444.61,
            418.09,
            489.27,
            426.04,
            465.32,
            389.41,
            407.14,
            470.32,
            395.24,
            399.93,
            508.51,
            438.45,
            405.85,
            398.41,
            442.71,
            504.48,
            482.17,
            422.26,
            458.9,
            449.42,
            391.02,
            425.94,
            null,
            478.52,
            456.18,
            419.5,
            458.72,
            456.09,
            451.63
        ],
        [
            402.09,
            511.02,
            436.26,
            388.26,
            426.48,
            504.41,
            448.88,
            432.8,
            445.83,
            458.97,
            491.87,
            425.88,
            453.04,
            410.43,
            443.77,
            448.41,
            444.24,
            408.12,
            395.74,
            436.23,
            414.02,
            425.13,
            432.85,
            439.65,
            null,
            468.77,
            506.34,
            440.12,
            451.98,
            506.48
        ],
        [
            446.15,
            404.27,
            471.16,
            484.7,
            480.94,
            464.27,
            391.77,
            428.77,
            494.87,
            386.07,
            418.6,
            466.48,
            433.91,
            463.31,
            465.97,
            408.67,
            464.97,
            407.61,
            509.86,
            448.01,
            386.2,
            433.91,
            508.33,
            442.76,
            427.61,
            null,
            414.62,
            494.21,
            459.56,
            407.31
        ],
        [
            422.06,
            465.32,
            443.25,
            393.89,
            485.72,
            473.55,
            434.09,
            497.88,
            408.69,
            452.41,
            510.59,
            508.85,
            496.95,
            439.93,
            442.3,
            505.58,
            492.44,
            426.34,
            388.53,
            443.06,
            430.44,
            416.43,
            440.68,
            449.51,
            499.92,
            483.04,
            null,
            393.13,
            437.23,
            408.94
        ],
        [
            439.76,
            413.3,
            491.3,
            454.24,
            426.98,
            479.07,
            396.18,
            409.33,
            459.27,
            407.04,
            476.13,
            455.52,
            452.06,
            510.62,
            419.38,
            434.36,
            435.44,
            495.91,
            479.6,
            443.42,
            492.82,
            399.14,
            497.83,
            501.02,
            467.27,
            511.64,
            414.45,
            null,
            502.43,
            451.47
        ],
        [
            435.2,
            440.45,
            484.11,
            433.27,
            457.99,
            493.06,
            475.52,
            463.71,
            394.98,
            484.14,
            467.83,
            425.0,
            414.58,
            475.17,
            458.51,
            460.87,
            508.92,
            403.97,
            461.67,
            481.25,
            390.67,
            483.32,
            409.09,
            480.71,
            501.48,
            438.31,
            392.71,
            441.4,
            null,
            435.38
        ],
        [
            485.88,
            476.3,
            488.83,
            486.84,
            474.23,
            467.84,
            502.62,
            467.06,
            449.82,
            485.52,
            436.89,
            445.73,
            396.16,
            457.47,
            495.84,
            418.9,
            418.59,
            465.27,
            461.23,
            505.95,
            438.39,
            473.45,
            439.0,
            465.51,
            484.64,
            497.71,
            506.05,
            447.87,
            434.84,
            null
        ]
    ],
    "tempos_processamento": [
        4418.99,
        4745.53,
        4414.08,
        4478.97,
        4632.91,
        4438.17,
        4598.26,
        4453.55,
        4666.87,
        4738.04,
        4700.12,
        4665.51,
        4573.92,
        4573.58,
        4623.71,
        4616.93,
        4428.06,
        4755.42,
        4292.46,
        4533.94,
        4520.33,
        4416.4,
        4688.85,
        4395.09,
        4343.74,
        4754.79,
        4640.74,
        4277.0,
        4441.29,
        4605.04
    ],
    "ready_times": [
        9008.3,
        1616.85,
        2723.99,
        1730.22,
        3651.81,
        8773.23,
        1360.69,
        1641.69,
        4917.6,
        4088.64,
        1060.54,
        0.0,
        5483.13,
        7654.58,
        5431.67,
        6502.83,
        4660.71,
        4962.44,
        6428.92,
        3421.45,
        3819.43,
        6479.94,
        1393.12,
        7323.39,
        1762.15,
        8083.09,
        9435.0,
        1614.1,
        5113.05,
        2515.4
    ]
}