{
    "configuracao": {
        "codigo_cenario": "HLHHLHL",
        "nivel_ready_time": "alta",
        "variabilidade_processamento": "baixa",
        "media_processamento": "alta",
        "estrutura_setup": "assimetrica",
        "variabilidade_setup": "baixa",
        "n_maquinas": 10,
        "n_medio_jobs_maquina": 3,
        "n_jobs": 30
    },
    "matriz_setup": [
        [
            null,
            476.79,
            493.85,
            458.44,
            408.27,
            385.07,
            422.6,
            502.28,
            496.8,
            453.03,
            472.69,
            482.4,
            452.26,
            440.99,
            514.17,
            464.64,
            412.19,
            390.79,
            443.87,
            504.49,
            405.8,
            514.06,
            385.22,
            421.29,
            391.77,
            426.37,
            490.47,
            503.97,
            448.93,
            440.1
        ],
        [
            396.11,
            null,
            446.11,
            494.67,
            444.19,
            419.9,
            440.37,
            403.32,
            387.54,
            388.23,
            490.18,
            504.73,
            452.77,
            386.05,
            399.73,
            423.4,
            397.49,
            405.68,
            445.26,
            488.05,
            439.89,
            426.55,
            456.62,
            501.1,
            465.4,
            504.71,
            394.04,
            464.03,
            398.64,
            467.88
        ],
        [
            500.26,
            433.29,
            null,
            477.76,
            513.01,
            501.35,
            477.35,
            389.25,
            476.18,
            401.2,
            396.55,
            462.82,
            464.23,
            445.15,
            410.06,
            478.39,
            404.29,
            480.82,
            491.0,
            394.29,
            484.48,
            492.75,
            478.47,
            509.58,
            473.22,
            476.55,
            455.55,
            386.44,
            418.19,
            423.61
        ],
        [
            469.84,
            492.75,
            397.15,
            null,
            409.93,
            443.19,
            392.85,
            462.41,
            404.09,
            494.71,
            422.16,
            505.76,
            497.36,
            455.86,
            485.31,
            423.15,
            470.62,
            391.99,
            418.57,
            499.2,
            396.57,
            413.61,
            474.08,
            462.89,
            392.99,
            471.73,
            404.22,
            467.67,
            490.65,
            397.91
        ],
        [
            447.12,
            411.49,
            398.7,
            498.25,
            null,
            432.11,
            457.95,
            397.75,
            391.78,
            448.63,
            499.02,
            490.28,
            425.28,
            386.67,
            467.07,
            459.44,
            456.11,
            429.87,
            471.54,
            420.24,
            464.63,
            398.35,
            422.77,
            502.04,
            499.71,
            461.78,
            498.39,
            514.86,
            435.64,
            506.39
        ],
        [
            474.36,
            450.05,
            404.47,
            507.61,
            390.97,
            null,
            430.28,
            436.14,
            471.79,
            497.34,
            410.21,
            406.58,
            418.4,
            450.39,
            484.99,
            485.0,
            401.48,
            418.94,
            498.15,
            426.55,
            438.6,
            421.3,
            389.69,
            420.8,
            481.35,
            461.9,
            496.08,
            397.26,
            433.26,
            465.56
        ],
        [
            399.62,
            461.7,
            407.72,
            404.56,
            416.87,
            394.87,
            null,
            452.71,
            457.4,
            485.72,
            425.13,
            386.93,
            472.32,
            465.58,
            399.53,
            428.37,
            511.8,
            407.89,
            429.16,
            404.3,
            482.28,
            392.2,
            465.37,
            405.05,
            464.34,
            435.68,
            450.37,
            435.93,
            452.79,
            395.54
        ],
        [
            393.76,
            432.55,
            418.38,
            506.22,
            473.73,
            417.18,
            513.79,
            null,
            434.33,
            463.73,
            415.88,
            395.04,
            479.45,
            451.89,
            464.65,
            459.62,
            401.13,
            510.08,
            502.81,
            476.53,
            477.87,
            469.44,
            399.85,
            431.53,
            481.3,
            472.03,
            439.08,
            432.65,
            468.86,
            464.51
        ],
        [
            455.98,
            502.99,
            447.63,
            461.14,
            472.19,
            444.49,
            418.6,
            389.41,
            null,
            400.16,
            433.36,
            438.65,
            468.57,
            452.64,
            456.28,
            418.97,
            469.92,
            503.22,
            475.85,
            434.71,
            453.19,
            385.99,
            456.33,
            456.16,
            431.0,
            437.78,
            409.17,
            458.62,
            502.17,
            396.96
        ],
        [
            398.81,
            486.26,
            391.97,
            500.56,
            425.06,
            422.31,
            475.43,
            422.45,
            420.11,
            null,
            409.16,
            505.64,
            435.26,
            514.6,
            408.77,
            395.9,
            488.46,
            436.21,
            484.79,
            505.32,
            431.27,
            477.61,
            430.85,
            470.31,
            431.09,
            416.54,
            420.55,
            432.32,
            404.1,
            503.04
        ],
        [
            461.45,
            409.37,
            497.44,
            401.22,
            508.2,
            490.84,
            475.08,
            500.16,
            435.41,
            410.67,
            null,
            392.06,
            507.59,
            505.89,
            413.96,
            408.99,
            449.12,
            445.66,
            386.26,
            470.65,
            447.35,
            489.04,
            495.45,
            493.98,
            470.55,
            393.0,
            395.17,
            400.88,
            494.71,
            425.9
        ],
        [
            503.1,
            449.3,
            470.29,
            418.57,
            498.13,
            500.66,
            396.27,
            424.21,
            395.74,
            487.7,
            513.7,
            null,
            496.09,
            420.28,
            408.55,
            389.51,
            412.62,
            390.51,
            489.15,
            432.52,
            492.01,
            414.18,
            434.26,
            421.61,
            506.19,
            419.21,
            469.73,
            400.22,
            486.08,
            398.02
        ],
        [
            411.94,
            467.51,
            436.66,
            471.78,
            438.62,
            471.97,
            438.98,
            479.94,
            497.55,
            506.97,
            389.75,
            417.57,
            null,
            497.64,
            395.08,
            486.61,
            449.48,
            441.95,
            397.89,
            453.95,
            461.08,
            410.01,
            404.82,
            455.19,
            392.8,
            452.51,
            422.07,
            489.74,
            494.59,
            459.57
        ],
        [
            478.07,
            406.57,
            512.96,
            448.3,
            477.52,
            498.96,
            491.24,
            403.86,
            439.06,
            509.75,
            407.18,
            469.76,
            513.03,
            null,
            452.22,
            390.07,
            470.64,
            496.46,
            431.6,
            409.56,
            402.63,
            390.67,
            423.51,
            412.6,
            411.9,
            468.52,
            502.4,
            477.96,
            479.47,
            468.25
        ],
        [
            436.09,
            401.08,
            491.44,
            416.08,
            424.63,
            446.28,
            386.46,
            493.38,
            437.86,
            406.16,
            396.39,
            446.23,
            459.39,
            408.99,
            null,
            437.38,
            486.71,
            455.85,
            514.17,
            461.69,
            500.13,
            422.5,
            406.49,
            422.65,
            412.34,
            449.56,
            444.84,
            390.99,
            386.48,
            453.72
        ],
        [
            441.58,
            427.42,
            456.26,
            454.23,
            487.3,
            493.75,
            470.25,
            485.6,
            499.37,
            507.2,
            454.55,
            449.18,
            499.95,
            455.12,
            444.59,
            null,
            514.51,
            394.89,
            468.51,
            390.12,
            514.65,
            488.07,
            506.04,
            492.57,
            468.74,
            441.44,
            499.53,
            429.18,
            483.41,
            491.1
        ],
        [
            508.53,
            392.66,
            486.52,
            430.43,
            421.51,
            483.87,
            448.87,
            436.51,
            494.78,
            509.33,
            486.51,
            466.99,
            451.03,
            437.65,
            424.39,
            388.17,
            null,
            455.67,
            488.63,
            491.18,
            481.57,
            452.77,
            432.24,
            500.38,
            504.84,
            430.58,
            427.71,
            392.72,
            467.69,
            433.13
        ],
        [
            416.64,
            402.8,
            503.33,
            490.39,
            460.63,
            492.69,
            406.79,
            410.18,
            484.27,
            409.72,
            460.65,
            514.65,
            403.08,
            396.46,
            398.54,
            410.91,
            391.93,
            null,
            470.01,
            497.06,
            463.0,
            409.03,
            482.55,
            504.07,
            466.11,
            438.31,
            505.38,
            496.4,
            415.23,
            429.69
        ],
        [
            411.01,
            401.09,
            473.27,
            433.14,
            436.33,
            391.62,
            482.41,
            393.09,
            436.43,
            426.16,
            470.84,
            443.52,
            461.24,
            477.43,
            471.77,
            455.56,
            402.42,
            419.66,
            null,
            459.85,
            495.17,
            417.18,
            511.39,
            474.87,
            443.8,
            485.88,
            500.59,
            471.36,
            468.2,
            493.19
        ],
        [
            412.38,
            431.53,
            394.29,
            402.95,
            447.42,
            479.12,
            448.1,
            431.62,
            492.85,
            403.01,
            495.19,
            403.37,
            425.28,
            385.6,
            455.23,
            412.66,
            444.26,
            448.9,
            451.97,
            null,
            477.45,
            393.66,
            460.77,
            407.0,
            500.98,
            431.98,
            481.61,
            496.33,
            399.03,
            512.37
        ],
        [
            467.78,
            424.68,
            444.85,
            480.07,
            421.59,
            502.45,
            463.38,
            420.76,
            405.26,
            476.2,
            462.78,
            512.91,
            406.75,
            507.33,
            507.75,
            411.0,
            441.18,
            420.02,
            483.13,
            439.71,
            null,
            434.75,
            486.35,
            455.79,
            389.41,
            490.33,
            446.66,
            413.06,
            473.27,
            399.65
        ],
        [
            397.15,
            465.38,
            402.9,
            494.84,
            399.1,
            476.91,
            397.91,
            441.8,
            474.03,
            496.92,
            396.65,
            450.49,
            480.72,
            463.58,
            419.43,
            492.9,
            389.56,
            473.75,
            399.45,
            418.47,
            411.23,
            null,
            459.94,
            500.94,
            394.77,
            503.34,
            506.37,
            508.01,
            434.42,
            500.53
        ],
        [
            489.43,
            448.6,
            460.59,
            457.64,
            510.91,
            434.15,
            425.43,
            419.84,
            490.9,
            467.76,
            470.59,
            494.21,
            466.73,
            423.82,
            455.26,
            482.8,
            514.57,
            385.79,
            466.94,
            449.33,
            496.68,
            503.6,
            null,
            464.22,
            415.05,
            392.52,
            458.45,
            424.87,
            394.91,
            425.35
        ],
        [
            392.87,
            402.54,
            505.02,
            410.81,
            390.18,
            423.47,
            501.61,
            398.38,
            496.15,
            447.77,
            409.96,
            493.92,
            446.98,
            498.03,
            509.33,
            505.21,
            479.75,
            479.75,
            406.62,
            490.12,
            451.52,
            428.19,
            392.6,
            null,
            495.39,
            457.23,
            411.61,
            406.8,
            509.39,
            401.92
        ],
        [
            501.49,
            428.81,
            489.75,
            491.86,
            462.35,
            386.92,
            407.56,
            448.68,
            461.2,
            463.73,
            417.53,
            478.94,
            509.5,
            403.35,
            397.31,
            503.87,
            399.99,
            435.83,
            407.0,
            461.11,
            421.67,
            446.01,
            434.05,
            416.96,
            null,
            428.47,
            388.91,
            407.67,
            501.73,
            460.45
        ],
        [
            445.3,
            411.25,
            458.39,
            496.26,
            494.73,
            510.67,
            484.46,
            485.16,
            483.92,
            468.5,
            485.66,
            434.9,
            476.65,
            509.97,
            417.18,
            471.56,
            487.92,
            399.47,
            396.73,
            492.14,
            399.53,
            474.39,
            404.14,
            477.48,
            392.4,
            null,
            404.53,
            450.78,
            409.32,
            508.2
        ],
        [
            402.64,
            449.55,
            505.33,
            459.67,
            420.77,
            413.89,
            500.36,
            480.4,
            479.91,
            451.7,
            447.43,
            430.39,
            408.24,
            473.54,
            473.63,
            457.14,
            400.42,
            513.07,
            459.01,
            393.4,
            467.85,
            514.72,
            462.45,
            399.29,
            490.4,
            421.42,
            null,
            454.92,
            503.28,
            498.76
        ],
        [
            425.18,
            502.02,
            496.76,
            496.75,
            495.88,
            421.12,
            496.24,
            506.4,
            467.96,
            408.42,
            450.39,
            484.81,
            418.55,
            467.07,
            474.54,
            429.48,
            514.1,
            437.32,
            421.71,
            395.22,
            505.84,
            510.89,
            446.45,
            464.99,
            508.7,
            395.13,
            434.07,
            null,
            473.34,
            435.34
        ],
        [
            437.31,
            459.42,
            511.23,
            398.81,
            500.54,
            489.15,
            461.0,
            466.5,
            417.64,
            416.01,
            463.06,
            423.94,
            451.04,
            479.36,
            397.58,
            389.3,
            404.91,
            435.12,
            493.5,
            471.14,
            432.8,
            415.34,
            410.81,
            477.74,
            455.85,
            409.27,
            453.3,
            459.01,
            null,
            393.71
        ],
        [
            465.78,
            490.47,
            441.14,
            507.96,
            513.13,
            496.93,
            469.0,
            484.57,
            443.67,
            482.87,
            452.15,
            416.01,
            412.32,
            506.32,
            408.65,
            459.09,
            415.84,
            391.95,
            510.89,
            413.33,
            430.4,
            444.26,
            503.07,
            386.99,
            427.53,
            422.05,
            402.65,
            482.9,
            466.73,
            null
        ]
    ],
    "tempos_processamento": [
        4266.06,
        4537.34,
        4345.31,
        4282.92,
        4665.01,
        4365.55,
        4673.06,
        4241.01,
        4614.31,
        4338.59,
        4742.03,
        4755.09,
        4552.44,
        4646.35,
        4511.08,
        4574.72,
        4651.65,
        4279.37,
        4359.81,
        4388.07,
        4738.88,
        4242.46,
        4546.15,
        4413.35,
        4325.09,
        4608.21,
        4409.34,
        4450.45,
        4391.27,
        4317.68
    ],
    "ready_times": [
        0.0,
        4689.79,
        6151.98,
        2969.5,
        9358.55,
        1645.96,
        3406.42,
        2607.58,
        7297.63,
        2170.16,
        5040.74,
        8250.84,
        9530.35,
        7367.64,
        4361.21,
        1667.14,
        5810.67,
        7000.75,
        6575.38,
        2969.25,
        1581.39,
        9649.58,
        6478.7,
        6137.91,
        1173.82,
        5088.46,
        5831.71,
        6180.45,
        1218.79,
        320.51
    ]
}