{
    "configuracao": {
        "codigo_cenario": "HLHHLHL",
        "nivel_ready_time": "alta",
        "variabilidade_processamento": "baixa",
        "media_processamento": "alta",
        "estrutura_setup": "assimetrica",
        "variabilidade_setup": "baixa",
        "n_maquinas": 10,
        "n_medio_jobs_maquina": 3,
        "n_jobs": 30
    },
    "matriz_setup": [
        [
            null,
            398.52,
            424.21,
            477.94,
            439.01,
            400.09,
            454.51,
            387.68,
            480.45,
            485.94,
            495.45,
            399.24,
            477.89,
            496.8,
            441.93,
            449.7,
            497.06,
            483.06,
            442.49,
            409.68,
            387.65,
            474.52,
            389.9,
            460.81,
            418.04,
            476.12,
            491.01,
            386.21,
            510.82,
            454.54
        ],
        [
            385.38,
            null,
            494.5,
            496.1,
            437.02,
            487.17,
            405.78,
            421.53,
            414.36,
            500.55,
            434.76,
            487.6,
            510.14,
            407.89,
            483.02,
            464.54,
            513.44,
            470.99,
            498.5,
            493.82,
            511.65,
            409.5,
            476.31,
            507.91,
            429.79,
            399.74,
            503.52,
            492.9,
            389.99,
            512.23
        ],
        [
            397.53,
            472.22,
            null,
            390.1,
            445.58,
            400.87,
            393.74,
            413.81,
            445.45,
            406.37,
            394.72,
            399.49,
            415.99,
            421.18,
            489.83,
            456.76,
            494.3,
            456.46,
            422.34,
            514.26,
            449.24,
            499.86,
            385.58,
            414.14,
            509.1,
            400.69,
            457.9,
            428.86,
            508.23,
            435.44
        ],
        [
            455.11,
            494.14,
            411.91,
            null,
            495.09,
            420.95,
            417.52,
            511.34,
            407.56,
            487.3,
            421.63,
            486.46,
            437.37,
            510.32,
            466.82,
            499.2,
            493.96,
            480.09,
            385.19,
            476.61,
            408.22,
            509.62,
            392.19,
            477.53,
            450.12,
            415.07,
            392.79,
            504.38,
            497.24,
            433.36
        ],
        [
            493.83,
            414.32,
            477.48,
            421.72,
            null,
            466.42,
            498.01,
            411.4,
            423.66,
            454.84,
            504.06,
            404.82,
            441.15,
            399.84,
            486.98,
            464.35,
            505.63,
            387.96,
            464.24,
            423.55,
            428.62,
            473.15,
            439.35,
            467.79,
            419.26,
            453.54,
            425.01,
            445.57,
            454.1,
            485.66
        ],
        [
            442.06,
            434.25,
            389.94,
            390.5,
            469.22,
            null,
            488.16,
            487.14,
            512.53,
            469.87,
            506.38,
            484.72,
            424.53,
            416.74,
            486.07,
            425.33,
            420.27,
            418.6,
            451.08,
            452.1,
            504.2,
            440.03,
            429.48,
            426.84,
            445.56,
            480.71,
            443.99,
            434.79,
            483.33,
            459.61
        ],
        [
            486.01,
            493.28,
            486.11,
            503.83,
            429.49,
            505.65,
            null,
            475.5,
            419.42,
            393.74,
            443.37,
            488.89,
            395.64,
            453.07,
            496.18,
            458.26,
            444.44,
            475.97,
            469.82,
            472.89,
            467.1,
            487.66,
            510.4,
            478.23,
            493.33,
            414.09,
            487.74,
            418.61,
            411.38,
            427.26
        ],
        [
            513.22,
            450.59,
            487.96,
            472.84,
            465.78,
            411.42,
            412.53,
            null,
            503.85,
            494.13,
            400.41,
            462.63,
            413.35,
            399.34,
            434.42,
            433.53,
            425.89,
            499.7,
            478.27,
            386.25,
            424.88,
            481.36,
            489.78,
            495.7,
            470.35,
            510.54,
            400.88,
            466.2,
            470.09,
            492.09
        ],
        [
            425.34,
            406.25,
            421.39,
            472.96,
            511.69,
            403.65,
            497.87,
            460.98,
            null,
            411.98,
            457.5,
            463.02,
            414.92,
            461.3,
            412.79,
            445.65,
            449.57,
            430.61,
            418.52,
            390.61,
            492.74,
            408.56,
            405.35,
            401.36,
            481.17,
            496.83,
            397.44,
            415.18,
            427.47,
            439.96
        ],
        [
            449.93,
            498.76,
            475.12,
            475.46,
            507.73,
            457.52,
            493.32,
            513.96,
            427.3,
            null,
            453.61,
            467.18,
            399.7,
            503.18,
            402.42,
            411.86,
            489.46,
            463.92,
            394.7,
            448.06,
            445.17,
            393.79,
            421.14,
            448.47,
            406.69,
            457.89,
            446.7,
            464.62,
            405.76,
            416.42
        ],
        [
            406.02,
            391.62,
            506.53,
            438.85,
            436.88,
            512.34,
            510.35,
            396.22,
            404.74,
            401.24,
            null,
            445.51,
            387.5,
            399.4,
            434.33,
            492.21,
            448.64,
            480.24,
            449.0,
            433.67,
            506.73,
            480.23,
            409.73,
            450.83,
            443.68,
            476.69,
            494.22,
            391.16,
            486.41,
            497.22
        ],
        [
            439.18,
            473.25,
            439.66,
            453.56,
            403.07,
            439.79,
            458.45,
            392.44,
            464.48,
            468.31,
            424.97,
            null,
            473.23,
            463.02,
            501.19,
            400.6,
            495.77,
            406.62,
            485.06,
            486.26,
            435.84,
            438.52,
            401.69,
            426.78,
            443.78,
            455.11,
            446.65,
            471.77,
            392.27,
            392.24
        ],
        [
            457.17,
            463.35,
            433.51,
            443.75,
            396.52,
            453.93,
            423.64,
            445.92,
            437.75,
            398.63,
            457.45,
            407.66,
            null,
            416.79,
            424.9,
            427.99,
            417.11,
            498.45,
            496.06,
            468.98,
            398.62,
            428.35,
            502.11,
            459.87,
            464.48,
            463.27,
            417.18,
            500.5,
            505.65,
            463.68
        ],
        [
            429.27,
            401.55,
            503.32,
            397.89,
            472.0,
            387.49,
            514.61,
            402.21,
            447.84,
            407.39,
            442.68,
            505.78,
            470.97,
            null,
            474.84,
            501.57,
            438.29,
            429.66,
            492.48,
            423.19,
            467.92,
            438.86,
            416.06,
            499.09,
            496.02,
            450.12,
            491.3,
            449.11,
            493.37,
            466.17
        ],
        [
            468.55,
            420.68,
            464.55,
            408.42,
            410.48,
            475.21,
            437.98,
            409.37,
            432.5,
            482.05,
            432.8,
            481.56,
            387.45,
            428.64,
            null,
            424.58,
            483.19,
            434.36,
            428.4,
            488.65,
            487.77,
            450.74,
            467.45,
            498.61,
            463.54,
            473.45,
            399.45,
            449.9,
            474.82,
            394.36
        ],
        [
            451.38,
            494.92,
            488.17,
            474.31,
            463.82,
            501.74,
            501.37,
            475.55,
            410.68,
            387.24,
            454.88,
            423.68,
            445.71,
            444.91,
            498.98,
            null,
            456.62,
            387.63,
            498.2,
            466.29,
            392.5,
            508.72,
            482.76,
            436.29,
            506.68,
            481.78,
            487.74,
            425.14,
            464.35,
            416.79
        ],
        [
            453.36,
            458.01,
            463.48,
            507.34,
            452.19,
            403.11,
            511.43,
            508.81,
            454.47,
            396.66,
            391.1,
            461.3,
            416.8,
            511.05,
            508.48,
            494.44,
            null,
            452.4,
            391.13,
            393.09,
            467.04,
            418.89,
            428.48,
            399.38,
            443.24,
            412.34,
            453.79,
            453.86,
            473.58,
            410.72
        ],
        [
            511.68,
            480.93,
            466.59,
            499.96,
            415.04,
            496.84,
            445.14,
            473.37,
            421.4,
            458.1,
            462.67,
            499.29,
            486.87,
            394.04,
            451.48,
            447.04,
            513.32,
            null,
            429.5,
            513.36,
            390.81,
            387.05,
            437.78,
            494.67,
            439.44,
            401.8,
            469.18,
            475.19,
            512.69,
            398.38
        ],
        [
            463.26,
            403.2,
            493.79,
            442.03,
            494.81,
            410.17,
            475.8,
            431.62,
            490.18,
            485.5,
            399.61,
            442.08,
            500.68,
            385.6,
            416.02,
            493.18,
            393.26,
            473.85,
            null,
            442.39,
            514.74,
            404.77,
            435.4,
            444.0,
            479.19,
            466.83,
            450.83,
            499.14,
            445.5,
            496.04
        ],
        [
            485.99,
            452.89,
            468.33,
            500.6,
            494.69,
            491.74,
            478.29,
            430.0,
            482.15,
            426.89,
            418.52,
            493.25,
            446.52,
            500.7,
            436.83,
            399.46,
            445.7,
            429.69,
            483.26,
            null,
            400.79,
            415.11,
            439.42,
            468.38,
            405.57,
            407.76,
            435.15,
            396.99,
            421.38,
            416.98
        ],
        [
            443.82,
            463.81,
            412.86,
            406.53,
            425.01,
            400.77,
            386.9,
            508.26,
            472.22,
            388.06,
            394.27,
            406.62,
            448.08,
            465.52,
            400.61,
            513.86,
            512.1,
            426.53,
            486.42,
            469.11,
            null,
            413.38,
            478.91,
            487.82,
            461.44,
            461.52,
            482.84,
            459.21,
            496.38,
            400.52
        ],
        [
            486.55,
            407.83,
            474.76,
            455.32,
            442.45,
            480.98,
            445.36,
            387.59,
            429.91,
            435.98,
            405.78,
            499.85,
            406.21,
            499.13,
            510.76,
            500.9,
            465.5,
            502.66,
            454.48,
            483.91,
            467.09,
            null,
            399.91,
            450.11,
            392.31,
            394.8,
            496.78,
            426.02,
            386.01,
            389.59
        ],
        [
            482.08,
            399.06,
            445.44,
            444.13,
            494.74,
            505.97,
            473.78,
            427.45,
            444.7,
            435.04,
            468.79,
            474.26,
            494.97,
            478.51,
            463.03,
            430.55,
            386.44,
            401.22,
            404.81,
            399.71,
            441.39,
            405.04,
            null,
            502.71,
            503.13,
            502.06,
            433.74,
            426.88,
            439.37,
            511.06
        ],
        [
            411.08,
            468.8,
            478.57,
            440.41,
            484.76,
            410.53,
            413.59,
            497.14,
            510.74,
            416.11,
            436.95,
            510.88,
            450.26,
            432.23,
            463.05,
            499.11,
            409.93,
            487.09,
            443.18,
            439.33,
            391.02,
            396.99,
            407.41,
            null,
            448.36,
            451.77,
            446.31,
            491.29,
            394.97,
            427.35
        ],
        [
            410.22,
            416.49,
            402.78,
            484.21,
            465.17,
            391.95,
            487.97,
            474.9,
            496.66,
            496.75,
            428.22,
            476.49,
            403.68,
            427.01,
            418.6,
            486.38,
            407.36,
            459.6,
            498.26,
            443.76,
            421.62,
            447.56,
            442.65,
            404.84,
            null,
            464.68,
            417.42,
            428.25,
            459.21,
            442.45
        ],
        [
            454.78,
            508.28,
            409.09,
            462.2,
            414.74,
            409.36,
            392.39,
            440.34,
            392.94,
            432.82,
            408.66,
            503.9,
            490.65,
            505.56,
            399.69,
            447.89,
            425.33,
            435.83,
            471.38,
            421.7,
            424.2,
            459.98,
            396.46,
            481.18,
            503.64,
            null,
            444.78,
            394.12,
            499.93,
            508.61
        ],
        [
            440.17,
            506.2,
            403.38,
            430.23,
            464.68,
            449.27,
            406.44,
            401.6,
            390.72,
            478.89,
            394.05,
            484.44,
            510.75,
            508.16,
            392.56,
            422.77,
            480.78,
            468.46,
            390.94,
            393.88,
            446.74,
            404.85,
            434.81,
            402.47,
            455.32,
            430.75,
            null,
            445.66,
            449.95,
            425.67
        ],
        [
            509.63,
            434.59,
            396.99,
            476.96,
            393.68,
            514.19,
            388.07,
            511.09,
            468.44,
            412.38,
            397.9,
            462.02,
            445.73,
            513.3,
            451.2,
            403.07,
            402.53,
            421.46,
            433.63,
            505.85,
            471.61,
            514.36,
            412.88,
            492.51,
            443.32,
            415.3,
            514.36,
            null,
            419.12,
            475.21
        ],
        [
            465.56,
            476.12,
            493.11,
            451.98,
            405.08,
            436.19,
            498.25,
            414.74,
            464.52,
            402.65,
            426.99,
            498.22,
            386.94,
            513.91,
            427.92,
            487.43,
            443.17,
            426.12,
            498.12,
            505.79,
            493.34,
            483.24,
            393.28,
            457.59,
            485.69,
            427.87,
            445.32,
            454.57,
            null,
            386.73
        ],
        [
            460.14,
            466.71,
            456.23,
            413.87,
            455.21,
            442.12,
            387.08,
            428.64,
            439.39,
            464.39,
            502.12,
            483.61,
            454.53,
            462.48,
            491.9,
            502.64,
            403.38,
            514.23,
            502.85,
            439.32,
            495.9,
            475.22,
            445.15,
            454.56,
            439.96,
            485.57,
            502.74,
            486.81,
            436.25,
            null
        ]
    ],
    "tempos_processamento": [
        4605.27,
        4542.27,
        4652.99,
        4662.61,
        4240.39,
        4733.95,
        4287.57,
        4581.54,
        4742.9,
        4410.22,
        4424.41,
        4615.13,
        4585.32,
        4435.48,
        4257.39,
        4730.62,
        4286.79,
        4364.69,
        4350.86,
        4543.22,
        4762.78,
        4655.73,
        4719.37,
        4412.77,
        4429.9,
        4231.91,
        4555.84,
        4672.87,
        4666.23,
        4461.8
    ],
    "ready_times": [
        8732.33,
        0.0,
        3735.13,
        5497.21,
        8348.47,
        3406.59,
        180.03,
        1441.38,
        3500.4,
        4812.92,
        4952.5,
        5959.45,
        2275.84,
        2389.53,
        7921.44,
        1549.97,
        5642.64,
        8748.67,
        4753.67,
        5788.72,
        7261.93,
        8432.63,
        8026.01,
        6963.1,
        8641.79,
        7827.46,
        1848.51,
        511.33,
        6148.93,
        8721.58
    ]
}