{
    "configuracao": {
        "codigo_cenario": "HLHHLHL",
        "nivel_ready_time": "alta",
        "variabilidade_processamento": "baixa",
        "media_processamento": "alta",
        "estrutura_setup": "assimetrica",
        "variabilidade_setup": "baixa",
        "n_maquinas": 10,
        "n_medio_jobs_maquina": 3,
        "n_jobs": 30
    },
    "matriz_setup": [
        [
            null,
            387.78,
            407.72,
            423.31,
            479.8,
            408.88,
            466.43,
            456.61,
            410.8,
            435.41,
            499.25,
            420.22,
            392.3,
            469.81,
            436.64,
            406.61,
            394.83,
            434.25,
            408.3,
            392.72,
            420.56,
            479.99,
            484.66,
            393.56,
            483.74,
            461.19,
            503.77,
            460.66,
            454.8,
            412.01
        ],
        [
            504.96,
            null,
            398.59,
            499.66,
            478.23,
            449.34,
            417.97,
            494.85,
            499.69,
            409.19,
            481.94,
            395.95,
            513.14,
            431.37,
            486.57,
            470.95,
            490.35,
            488.32,
            467.76,
            482.58,
            427.99,
            513.62,
            389.01,
            420.87,
            490.19,
            499.35,
            472.12,
            418.8,
            464.49,
            423.39
        ],
        [
            391.82,
            394.96,
            null,
            399.76,
            469.37,
            404.6,
            485.69,
            494.82,
            477.93,
            392.61,
            466.71,
            437.22,
            495.39,
            400.56,
            429.52,
            458.17,
            455.75,
            461.37,
            493.42,
            503.22,
            474.08,
            511.19,
            506.7,
            433.91,
            419.52,
            423.48,
            406.69,
            423.79,
            403.98,
            480.33
        ],
        [
            501.71,
            500.28,
            507.68,
            null,
            481.87,
            404.52,
            424.26,
            479.28,
            514.05,
            495.45,
            508.88,
            492.68,
            509.73,
            449.46,
            478.62,
            397.44,
            428.76,
            406.7,
            483.36,
            505.68,
            480.56,
            484.8,
            493.36,
            500.95,
            404.79,
            482.77,
            407.2,
            386.97,
            397.66,
            423.34
        ],
        [
            394.76,
            390.79,
            398.85,
            432.29,
            null,
            513.58,
            442.93,
            394.06,
            449.18,
            397.84,
            441.6,
            421.87,
            471.74,
            492.76,
            460.11,
            435.41,
            421.19,
            404.21,
            463.27,
            399.6,
            481.99,
            486.36,
            425.26,
            482.81,
            507.88,
            503.58,
            414.99,
            385.13,
            484.06,
            479.08
        ],
        [
            388.81,
            395.42,
            496.76,
            437.97,
            475.2,
            null,
            413.17,
            493.65,
            511.33,
            389.78,
            465.08,
            446.26,
            401.6,
            406.17,
            445.75,
            454.13,
            445.72,
            469.41,
            418.38,
            511.17,
            420.39,
            512.92,
            436.75,
            434.32,
            466.32,
            423.25,
            420.95,
            414.49,
            480.36,
            456.66
        ],
        [
            435.81,
            417.31,
            399.36,
            469.47,
            389.13,
            417.77,
            null,
            473.41,
            422.87,
            476.84,
            475.6,
            469.78,
            397.35,
            395.52,
            463.6,
            421.14,
            512.55,
            478.56,
            461.4,
            493.38,
            404.11,
            435.78,
            514.65,
            406.33,
            396.59,
            510.04,
            506.95,
            422.81,
            470.31,
            490.15
        ],
        [
            414.65,
            408.12,
            486.7,
            509.38,
            414.34,
            487.32,
            385.31,
            null,
            403.49,
            470.18,
            473.09,
            492.6,
            441.14,
            449.92,
            511.02,
            486.42,
            494.28,
            422.77,
            508.55,
            389.69,
            427.46,
            511.26,
            460.74,
            462.42,
            411.28,
            398.23,
            512.87,
            438.34,
            465.26,
            477.51
        ],
        [
            479.63,
            432.61,
            447.48,
            399.94,
            439.83,
            468.55,
            471.62,
            447.75,
            null,
            445.72,
            493.23,
            495.6,
            397.3,
            433.22,
            433.61,
            416.76,
            501.28,
            442.95,
            447.29,
            513.09,
            497.4,
            402.06,
            460.73,
            405.96,
            514.42,
            407.33,
            448.75,
            406.46,
            474.04,
            470.03
        ],
        [
            491.96,
            405.85,
            485.37,
            492.35,
            478.07,
            459.35,
            486.64,
            481.75,
            413.73,
            null,
            397.83,
            402.39,
            398.64,
            461.8,
            488.54,
            486.84,
            461.67,
            462.25,
            487.26,
            413.34,
            431.77,
            490.91,
            385.39,
            397.62,
            388.13,
            390.54,
            422.68,
            389.4,
            446.15,
            411.6
        ],
        [
            456.59,
            422.48,
            471.59,
            446.24,
            486.24,
            512.65,
            397.09,
            450.0,
            464.42,
            478.75,
            null,
            446.62,
            504.04,
            489.49,
            416.69,
            417.75,
            448.0,
            493.11,
            409.57,
            511.51,
            426.78,
            395.46,
            491.03,
            447.25,
            448.24,
            415.39,
            439.7,
            483.89,
            435.26,
            505.52
        ],
        [
            443.46,
            427.67,
            433.86,
            462.03,
            477.75,
            419.89,
            478.45,
            436.13,
            465.09,
            438.83,
            389.35,
            null,
            393.87,
            400.94,
            508.46,
            443.73,
            463.37,
            425.58,
            397.13,
            512.83,
            406.45,
            433.04,
            452.12,
            415.33,
            466.77,
            436.94,
            480.79,
            435.14,
            426.0,
            418.73
        ],
        [
            491.17,
            414.83,
            475.01,
            466.97,
            510.34,
            423.99,
            465.43,
            496.75,
            441.55,
            496.79,
            422.0,
            420.78,
            null,
            434.08,
            417.92,
            444.44,
            487.22,
            464.73,
            416.12,
            494.24,
            467.23,
            474.39,
            478.91,
            444.47,
            490.07,
            385.78,
            493.67,
            425.49,
            423.42,
            413.48
        ],
        [
            426.57,
            498.91,
            497.16,
            421.38,
            491.72,
            473.18,
            391.81,
            507.93,
            471.43,
            497.44,
            403.85,
            479.86,
            512.7,
            null,
            407.52,
            422.52,
            407.52,
            447.13,
            490.34,
            505.52,
            486.53,
            456.77,
            466.45,
            480.64,
            471.52,
            441.13,
            424.89,
            471.62,
            488.31,
            435.9
        ],
        [
            476.19,
            487.65,
            449.36,
            492.52,
            409.26,
            425.23,
            417.26,
            398.94,
            502.81,
            421.89,
            473.46,
            464.83,
            513.86,
            475.24,
            null,
            486.42,
            448.82,
            434.29,
            388.96,
            403.31,
            426.4,
            480.93,
            479.7,
            430.19,
            421.97,
            498.86,
            514.17,
            395.11,
            405.93,
            493.11
        ],
        [
            473.75,
            427.37,
            507.1,
            386.99,
            440.96,
            505.91,
            511.04,
            490.96,
            390.06,
            509.38,
            434.2,
            413.81,
            440.4,
            495.97,
            424.4,
            null,
            480.79,
            454.58,
            449.94,
            397.77,
            498.47,
            399.8,
            497.24,
            464.52,
            495.83,
            416.14,
            480.33,
            420.34,
            409.72,
            445.08
        ],
        [
            425.59,
            385.11,
            413.29,
            394.7,
            423.95,
            503.78,
            509.94,
            498.92,
            451.39,
            505.04,
            403.46,
            420.99,
            498.08,
            425.06,
            396.91,
            482.17,
            null,
            503.5,
            513.7,
            502.06,
            436.76,
            475.04,
            497.35,
            501.96,
            485.18,
            470.02,
            501.71,
            501.88,
            446.51,
            422.97
        ],
        [
            436.23,
            385.51,
            501.28,
            400.32,
            443.04,
            400.33,
            442.95,
            416.64,
            443.71,
            490.52,
            493.23,
            477.23,
            394.3,
            442.94,
            462.16,
            419.73,
            392.63,
            null,
            449.57,
            397.56,
            493.09,
            503.79,
            462.87,
            417.33,
            513.57,
            410.11,
            432.22,
            511.22,
            458.04,
            479.91
        ],
        [
            394.53,
            481.24,
            501.65,
            514.27,
            463.06,
            430.46,
            463.67,
            495.37,
            459.15,
            460.79,
            498.21,
            387.57,
            447.03,
            480.68,
            444.82,
            439.51,
            496.03,
            460.64,
            null,
            491.49,
            453.37,
            455.39,
            421.24,
            461.2,
            405.91,
            423.61,
            424.6,
            419.21,
            445.83,
            504.02
        ],
        [
            404.22,
            459.33,
            450.01,
            419.68,
            485.91,
            409.02,
            423.77,
            389.08,
            445.52,
            444.53,
            508.97,
            477.49,
            447.31,
            495.0,
            443.43,
            478.66,
            462.18,
            390.12,
            512.82,
            null,
            508.18,
            428.25,
            508.78,
            455.32,
            459.72,
            497.06,
            447.85,
            421.89,
            396.06,
            497.9
        ],
        [
            409.35,
            460.38,
            405.55,
            405.84,
            470.68,
            496.04,
            394.78,
            442.4,
            476.79,
            414.58,
            492.77,
            497.8,
            439.82,
            464.25,
            455.14,
            458.86,
            513.03,
            489.71,
            449.4,
            436.33,
            null,
            454.32,
            507.91,
            386.38,
            487.71,
            474.28,
            497.38,
            446.59,
            494.88,
            474.23
        ],
        [
            470.71,
            385.43,
            397.11,
            485.51,
            452.54,
            442.09,
            432.0,
            435.91,
            395.14,
            408.75,
            405.91,
            491.26,
            490.8,
            498.85,
            404.18,
            432.52,
            424.85,
            509.88,
            421.28,
            386.14,
            412.24,
            null,
            397.2,
            457.51,
            435.1,
            490.83,
            405.83,
            486.63,
            443.51,
            459.7
        ],
        [
            408.99,
            444.52,
            419.7,
            509.76,
            506.12,
            467.06,
            420.96,
            454.23,
            426.78,
            509.07,
            417.5,
            422.14,
            490.7,
            461.49,
            436.0,
            409.27,
            396.61,
            386.12,
            509.58,
            437.21,
            482.07,
            390.79,
            null,
            398.42,
            493.09,
            425.61,
            443.34,
            395.98,
            501.99,
            395.44
        ],
        [
            427.57,
            483.02,
            451.1,
            428.92,
            506.82,
            428.06,
            392.75,
            458.45,
            408.62,
            439.95,
            501.91,
            442.8,
            494.32,
            409.38,
            500.21,
            471.92,
            511.34,
            497.92,
            501.34,
            452.38,
            473.43,
            385.98,
            447.14,
            null,
            483.09,
            403.79,
            502.64,
            417.71,
            479.41,
            486.33
        ],
        [
            424.04,
            501.48,
            411.51,
            414.59,
            419.29,
            396.7,
            422.66,
            424.47,
            440.26,
            430.08,
            514.69,
            435.34,
            388.03,
            486.17,
            427.65,
            513.46,
            480.38,
            423.51,
            394.4,
            483.74,
            514.41,
            489.25,
            406.55,
            436.3,
            null,
            444.22,
            487.69,
            503.68,
            489.86,
            465.14
        ],
        [
            398.99,
            455.93,
            496.37,
            393.76,
            484.48,
            460.39,
            500.44,
            513.72,
            511.58,
            460.71,
            438.57,
            424.68,
            496.32,
            437.9,
            484.34,
            499.2,
            505.86,
            490.06,
            411.46,
            385.55,
            429.99,
            411.45,
            432.81,
            505.28,
            487.61,
            null,
            482.7,
            386.46,
            449.64,
            471.66
        ],
        [
            504.4,
            513.25,
            429.55,
            457.21,
            485.57,
            399.3,
            480.21,
            425.47,
            416.26,
            416.79,
            423.68,
            478.9,
            445.54,
            439.56,
            500.0,
            452.52,
            499.57,
            503.15,
            499.96,
            451.33,
            402.74,
            393.95,
            425.13,
            513.72,
            489.73,
            439.72,
            null,
            460.96,
            430.34,
            447.62
        ],
        [
            411.05,
            406.61,
            450.69,
            406.55,
            463.15,
            482.57,
            404.07,
            394.61,
            452.05,
            452.56,
            471.93,
            426.35,
            394.73,
            452.52,
            438.04,
            451.32,
            468.14,
            401.64,
            424.56,
            491.94,
            404.27,
            435.37,
            424.56,
            432.74,
            512.92,
            506.59,
            467.1,
            null,
            448.98,
            484.13
        ],
        [
            402.6,
            387.64,
            504.9,
            431.61,
            493.75,
            447.02,
            411.81,
            479.66,
            388.73,
            428.9,
            417.05,
            459.46,
            488.69,
            465.15,
            466.99,
            425.73,
            468.65,
            499.18,
            420.1,
            395.84,
            465.98,
            454.79,
            450.57,
            455.63,
            494.41,
            395.41,
            505.63,
            418.23,
            null,
            392.76
        ],
        [
            501.27,
            393.66,
            424.67,
            467.72,
            397.45,
            478.57,
            439.25,
            436.44,
            472.92,
            455.27,
            390.93,
            426.14,
            472.94,
            485.84,
            480.16,
            454.63,
            400.33,
            438.41,
            509.43,
            447.7,
            453.99,
            478.91,
            402.9,
            406.05,
            434.2,
            440.18,
            452.3,
            472.3,
            485.5,
            null
        ]
    ],
    "tempos_processamento": [
        4701.17,
        4301.92,
        4614.69,
        4547.0,
        4687.95,
        4387.24,
        4252.61,
        4584.22,
        4485.78,
        4257.44,
        4322.58,
        4754.77,
        4743.7,
        4654.54,
        4443.39,
        4616.23,
        4558.76,
        4636.41,
        4629.02,
        4575.62,
        4634.56,
        4766.92,
        4302.08,
        4455.51,
        4303.83,
        4652.71,
        4343.93,
        4384.91,
        4471.38,
        4316.94
    ],
    "ready_times": [
        474.52,
        0.0,
        4590.55,
        5762.92,
        6265.98,
        7080.9,
        4758.18,
        4006.25,
        5756.33,
        395.35,
        2655.28,
        8870.37,
        6307.36,
        1046.09,
        8125.61,
        5263.13,
        3193.97,
        9053.99,
        9487.61,
        8426.54,
        7970.88,
        3662.58,
        5565.85,
        2744.59,
        8588.55,
        6918.31,
        4795.13,
        4315.19,
        9393.49,
        5481.49
    ]
}