{
    "configuracao": {
        "codigo_cenario": "HHHLHLL",
        "nivel_ready_time": "alta",
        "variabilidade_processamento": "alta",
        "media_processamento": "alta",
        "estrutura_setup": "simetrica",
        "variabilidade_setup": "alta",
        "n_maquinas": 2,
        "n_medio_jobs_maquina": 3,
        "n_jobs": 6
    },
    "matriz_setup": [
        [
            null,
            470.78,
            374.44,
            553.59,
            511.82,
            556.9
        ],
        [
            470.78,
            null,
            440.25,
            394.87,
            331.93,
            532.69
        ],
        [
            374.44,
            440.25,
            null,
            432.15,
            346.69,
            496.66
        ],
        [
            553.59,
            394.87,
            432.15,
            null,
            365.57,
            474.71
        ],
        [
            511.82,
            331.93,
            346.69,
            365.57,
            null,
            452.33
        ],
        [
            556.9,
            532.69,
            496.66,
            474.71,
            452.33,
            null
        ]
    ],
    "tempos_processamento": [
        4262.23,
        2844.47,
        6799.32,
        3808.97,
        6918.29,
        3973.51
    ],
    "ready_times": [
        2861.58,
        4909.65,
        794.6,
        0.0,
        4307.08,
        871.25
    ]
}