{
    "configuracao": {
        "codigo_cenario": "HHHLHLL",
        "nivel_ready_time": "alta",
        "variabilidade_processamento": "alta",
        "media_processamento": "alta",
        "estrutura_setup": "simetrica",
        "variabilidade_setup": "alta",
        "n_maquinas": 2,
        "n_medio_jobs_maquina": 3,
        "n_jobs": 6
    },
    "matriz_setup": [
        [
            null,
            398.04,
            325.76,
            444.35,
            497.9,
            486.1
        ],
        [
            398.04,
            null,
            375.76,
            545.44,
            463.35,
            522.03
        ],
        [
            325.76,
            375.76,
            null,
            543.79,
            514.0,
            424.27
        ],
        [
            444.35,
            545.44,
            543.79,
            null,
            371.45,
            518.99
        ],
        [
            497.9,
            463.35,
            514.0,
            371.45,
            null,
            477.73
        ],
        [
            486.1,
            522.03,
            424.27,
            518.99,
            477.73,
            null
        ]
    ],
    "tempos_processamento": [
        1918.97,
        5052.84,
        7186.5,
        3000.65,
        4906.85,
        4881.5
    ],
    "ready_times": [
        0.0,
        2987.9,
        6726.95,
        928.85,
        256.24,
        5129.15
    ]
}