{
    "configuracao": {
        "codigo_cenario": "HHHLHLL",
        "nivel_ready_time": "alta",
        "variabilidade_processamento": "alta",
        "media_processamento": "alta",
        "estrutura_setup": "simetrica",
        "variabilidade_setup": "alta",
        "n_maquinas": 2,
        "n_medio_jobs_maquina": 3,
        "n_jobs": 6
    },
    "matriz_setup": [
        [
            null,
            513.79,
            395.92,
            571.98,
            419.9,
            370.13
        ],
        [
            513.79,
            null,
            545.35,
            497.42,
            552.12,
            433.73
        ],
        [
            395.92,
            545.35,
            null,
            557.59,
            381.02,
            567.3
        ],
        [
            571.98,
            497.42,
            557.59,
            null,
            329.33,
            462.56
        ],
        [
            419.9,
            552.12,
            381.02,
            329.33,
            null,
            357.54
        ],
        [
            370.13,
            433.73,
            567.3,
            462.56,
            357.54,
            null
        ]
    ],
    "tempos_processamento": [
        6619.52,
        5314.96,
        2208.92,
        2470.15,
        4982.7,
        5135.17
    ],
    "ready_times": [
        4055.56,
        6066.14,
        0.0,
        4095.57,
        1817.52,
        6417.38
    ]
}