{
    "configuracao": {
        "codigo_cenario": "HHHLHLL",
        "nivel_ready_time": "alta",
        "variabilidade_processamento": "alta",
        "media_processamento": "alta",
        "estrutura_setup": "simetrica",
        "variabilidade_setup": "alta",
        "n_maquinas": 2,
        "n_medio_jobs_maquina": 3,
        "n_jobs": 6
    },
    "matriz_setup": [
        [
            null,
            577.2,
            494.61,
            461.74,
            539.68,
            395.68
        ],
        [
            577.2,
            null,
            465.13,
            328.15,
            366.7,
            510.16
        ],
        [
            494.61,
            465.13,
            null,
            414.91,
            435.48,
            339.39
        ],
        [
            461.74,
            328.15,
            414.91,
            null,
            471.32,
            552.38
        ],
        [
            539.68,
            366.7,
            435.48,
            471.32,
            null,
            406.45
        ],
        [
            395.68,
            510.16,
            339.39,
            552.38,
            406.45,
            null
        ]
    ],
    "tempos_processamento": [
        6184.15,
        2446.39,
        5912.6,
        3814.84,
        4362.57,
        5475.63
    ],
    "ready_times": [
        0.0,
        2110.79,
        5712.0,
        9583.93,
        3597.49,
        3333.18
    ]
}