{
    "configuracao": {
        "codigo_cenario": "HHHLHLL",
        "nivel_ready_time": "alta",
        "variabilidade_processamento": "alta",
        "media_processamento": "alta",
        "estrutura_setup": "simetrica",
        "variabilidade_setup": "alta",
        "n_maquinas": 2,
        "n_medio_jobs_maquina": 3,
        "n_jobs": 6
    },
    "matriz_setup": [
        [
            null,
            473.5,
            360.38,
            364.89,
            341.92,
            416.84
        ],
        [
            473.5,
            null,
            435.62,
            467.36,
            346.0,
            451.76
        ],
        [
            360.38,
            435.62,
            null,
            514.85,
            577.01,
            453.06
        ],
        [
            364.89,
            467.36,
            514.85,
            null,
            551.08,
            391.37
        ],
        [
            341.92,
            346.0,
            577.01,
            551.08,
            null,
            493.97
        ],
        [
            416.84,
            451.76,
            453.06,
            391.37,
            493.97,
            null
        ]
    ],
    "tempos_processamento": [
        5798.23,
        3593.39,
        3266.21,
        2682.69,
        6402.3,
        3161.86
    ],
    "ready_times": [
        4568.65,
        8274.94,
        972.63,
        5497.0,
        8678.96,
        0.0
    ]
}