{
    "configuracao": {
        "codigo_cenario": "HHHHHHL",
        "nivel_ready_time": "alta",
        "variabilidade_processamento": "alta",
        "media_processamento": "alta",
        "estrutura_setup": "assimetrica",
        "variabilidade_setup": "alta",
        "n_maquinas": 10,
        "n_medio_jobs_maquina": 3,
        "n_jobs": 30
    },
    "matriz_setup": [
        [
            null,
            416.47,
            490.02,
            559.1,
            427.84,
            440.86,
            567.6,
            440.0,
            375.67,
            343.15,
            421.26,
            429.04,
            343.05,
            415.06,
            409.42,
            443.0,
            405.56,
            353.1,
            433.79,
            347.45,
            553.86,
            497.62,
            414.95,
            320.2,
            521.03,
            380.08,
            341.48,
            364.0,
            480.1,
            440.56
        ],
        [
            331.63,
            null,
            523.0,
            510.5,
            359.75,
            512.78,
            535.12,
            537.63,
            525.51,
            475.0,
            516.75,
            441.75,
            388.87,
            529.41,
            496.55,
            565.51,
            448.14,
            328.6,
            558.79,
            429.31,
            496.37,
            362.14,
            332.75,
            562.84,
            399.69,
            396.2,
            447.74,
            374.41,
            476.69,
            420.78
        ],
        [
            439.62,
            460.52,
            null,
            567.93,
            442.26,
            485.39,
            421.88,
            506.31,
            455.55,
            345.64,
            496.45,
            498.48,
            424.46,
            368.28,
            442.77,
            462.36,
            476.99,
            322.63,
            399.89,
            386.86,
            506.12,
            526.38,
            334.44,
            340.11,
            514.63,
            547.53,
            433.27,
            322.82,
            436.06,
            503.84
        ],
        [
            479.02,
            477.18,
            434.94,
            null,
            322.43,
            423.7,
            528.56,
            578.62,
            441.03,
            414.67,
            486.24,
            356.47,
            569.15,
            505.54,
            416.23,
            333.53,
            343.51,
            513.32,
            421.95,
            422.47,
            367.01,
            436.12,
            549.53,
            373.04,
            399.43,
            458.34,
            458.31,
            538.33,
            409.47,
            456.88
        ],
        [
            385.94,
            405.69,
            497.04,
            335.78,
            null,
            456.94,
            385.61,
            500.35,
            423.85,
            551.76,
            387.46,
            425.72,
            399.55,
            382.26,
            531.2,
            465.25,
            368.64,
            504.98,
            339.81,
            574.07,
            332.17,
            406.27,
            411.6,
            566.48,
            509.37,
            468.5,
            360.23,
            497.85,
            554.11,
            557.13
        ],
        [
            414.91,
            537.0,
            485.31,
            406.18,
            364.5,
            null,
            570.3,
            463.54,
            408.49,
            471.69,
            505.82,
            502.53,
            340.47,
            396.78,
            388.83,
            539.59,
            510.16,
            385.47,
            447.7,
            388.56,
            339.38,
            391.83,
            463.95,
            475.48,
            427.39,
            366.66,
            425.59,
            506.94,
            518.81,
            486.81
        ],
        [
            521.24,
            380.06,
            430.08,
            418.05,
            352.88,
            429.46,
            null,
            543.19,
            448.9,
            358.08,
            499.05,
            553.25,
            477.48,
            410.89,
            527.32,
            491.81,
            450.55,
            444.4,
            501.85,
            447.84,
            473.13,
            475.76,
            469.19,
            358.38,
            440.45,
            497.79,
            570.84,
            568.56,
            369.16,
            347.75
        ],
        [
            381.69,
            500.15,
            422.29,
            340.67,
            479.4,
            391.77,
            526.86,
            null,
            493.69,
            566.69,
            377.09,
            469.07,
            411.96,
            372.52,
            575.47,
            359.0,
            534.52,
            397.73,
            413.7,
            376.22,
            511.71,
            553.29,
            517.57,
            548.95,
            456.74,
            403.55,
            351.2,
            486.28,
            479.47,
            447.97
        ],
        [
            386.13,
            498.53,
            435.28,
            518.46,
            466.14,
            536.86,
            495.29,
            441.1,
            null,
            489.8,
            537.55,
            540.81,
            335.02,
            481.3,
            481.28,
            395.01,
            496.5,
            541.68,
            342.53,
            540.58,
            454.95,
            363.96,
            546.51,
            411.51,
            337.13,
            442.49,
            351.72,
            505.9,
            322.42,
            396.92
        ],
        [
            415.82,
            517.38,
            449.67,
            406.61,
            547.76,
            404.53,
            456.49,
            356.85,
            529.72,
            null,
            524.81,
            551.29,
            373.99,
            399.87,
            480.49,
            355.07,
            544.69,
            378.41,
            573.34,
            492.94,
            572.74,
            517.44,
            380.47,
            348.35,
            450.17,
            521.62,
            509.84,
            334.92,
            487.29,
            566.84
        ],
        [
            503.3,
            388.43,
            481.54,
            512.38,
            450.07,
            518.81,
            504.64,
            521.1,
            412.36,
            361.53,
            null,
            420.15,
            509.41,
            471.89,
            569.4,
            326.64,
            565.95,
            381.7,
            376.74,
            373.63,
            365.89,
            462.55,
            326.08,
            464.48,
            348.44,
            488.25,
            363.48,
            488.16,
            368.49,
            383.92
        ],
        [
            370.7,
            425.98,
            523.76,
            385.5,
            450.82,
            435.84,
            402.39,
            375.36,
            334.98,
            567.27,
            403.08,
            null,
            561.16,
            541.16,
            525.21,
            476.18,
            567.8,
            413.0,
            499.45,
            391.25,
            491.35,
            445.13,
            472.4,
            518.42,
            414.16,
            558.83,
            485.23,
            571.43,
            522.49,
            535.84
        ],
        [
            425.1,
            483.81,
            388.25,
            430.19,
            345.93,
            335.32,
            362.98,
            554.49,
            381.19,
            402.53,
            457.94,
            378.84,
            null,
            551.11,
            436.3,
            566.34,
            542.44,
            443.6,
            353.74,
            543.32,
            508.19,
            435.66,
            560.65,
            356.2,
            457.49,
            471.58,
            547.08,
            467.97,
            382.47,
            442.57
        ],
        [
            531.08,
            554.21,
            553.59,
            567.47,
            340.16,
            390.45,
            341.94,
            507.63,
            357.86,
            386.42,
            329.3,
            461.23,
            403.49,
            null,
            521.28,
            578.68,
            325.36,
            572.97,
            516.72,
            419.28,
            476.16,
            499.54,
            417.15,
            333.25,
            426.0,
            328.05,
            375.87,
            437.93,
            502.67,
            512.27
        ],
        [
            546.15,
            550.39,
            432.53,
            345.54,
            489.95,
            428.55,
            532.4,
            381.65,
            560.58,
            490.9,
            332.18,
            397.35,
            547.59,
            390.64,
            null,
            548.51,
            417.73,
            431.43,
            431.13,
            360.66,
            341.92,
            368.86,
            539.49,
            534.62,
            323.35,
            512.69,
            475.46,
            363.49,
            323.4,
            354.38
        ],
        [
            457.85,
            532.94,
            395.44,
            388.91,
            562.82,
            376.89,
            408.32,
            345.26,
            514.46,
            469.34,
            439.36,
            566.84,
            444.8,
            543.25,
            415.24,
            null,
            392.13,
            342.84,
            329.56,
            335.62,
            387.54,
            458.89,
            556.7,
            339.56,
            401.7,
            421.61,
            557.8,
            323.44,
            431.83,
            390.99
        ],
        [
            456.21,
            376.37,
            343.98,
            323.22,
            451.38,
            377.81,
            397.29,
            392.72,
            412.86,
            513.71,
            330.12,
            448.47,
            573.49,
            564.25,
            373.48,
            412.06,
            null,
            564.85,
            572.28,
            518.27,
            411.48,
            534.02,
            369.78,
            339.9,
            525.3,
            410.24,
            525.02,
            470.13,
            423.32,
            502.81
        ],
        [
            568.88,
            431.03,
            323.36,
            390.57,
            570.62,
            483.62,
            374.56,
            559.98,
            347.76,
            406.97,
            542.47,
            352.45,
            345.18,
            422.07,
            432.86,
            481.93,
            344.78,
            null,
            403.46,
            514.49,
            470.74,
            575.52,
            564.24,
            504.12,
            566.5,
            506.55,
            345.56,
            379.09,
            541.13,
            566.91
        ],
        [
            460.63,
            491.84,
            480.18,
            433.78,
            511.82,
            465.52,
            339.84,
            376.5,
            575.44,
            517.15,
            354.99,
            499.78,
            437.94,
            579.45,
            577.32,
            418.39,
            372.72,
            322.06,
            null,
            476.6,
            560.7,
            452.23,
            380.52,
            364.01,
            429.94,
            399.04,
            497.34,
            376.37,
            515.48,
            478.73
        ],
        [
            568.63,
            324.35,
            519.8,
            411.53,
            501.87,
            452.64,
            523.09,
            334.91,
            468.46,
            342.61,
            536.64,
            323.33,
            523.99,
            561.26,
            563.64,
            396.24,
            358.55,
            513.25,
            578.14,
            null,
            550.03,
            556.72,
            500.54,
            512.98,
            336.92,
            465.92,
            519.53,
            429.41,
            576.15,
            562.37
        ],
        [
            425.23,
            551.07,
            453.92,
            490.18,
            495.95,
            440.05,
            484.67,
            413.62,
            445.18,
            522.88,
            446.53,
            427.79,
            374.21,
            427.78,
            451.89,
            352.01,
            351.55,
            452.01,
            329.26,
            544.13,
            null,
            348.16,
            410.08,
            513.88,
            428.89,
            489.77,
            411.38,
            480.94,
            437.72,
            530.47
        ],
        [
            372.82,
            412.03,
            330.8,
            393.78,
            424.55,
            418.4,
            344.13,
            478.78,
            502.22,
            559.72,
            325.42,
            460.37,
            362.08,
            448.87,
            379.12,
            327.15,
            321.12,
            528.58,
            578.06,
            440.49,
            541.04,
            null,
            444.92,
            324.17,
            497.87,
            355.57,
            569.18,
            420.89,
            368.28,
            557.94
        ],
        [
            396.71,
            457.75,
            551.75,
            460.36,
            349.26,
            459.26,
            498.54,
            550.86,
            395.69,
            463.41,
            524.4,
            347.42,
            332.41,
            404.09,
            412.79,
            391.71,
            350.64,
            542.4,
            413.31,
            401.17,
            549.86,
            384.31,
            null,
            534.38,
            335.17,
            350.79,
            360.03,
            555.07,
            356.74,
            456.4
        ],
        [
            415.58,
            417.39,
            420.07,
            428.16,
            375.63,
            555.59,
            419.74,
            491.46,
            536.96,
            573.29,
            490.47,
            374.48,
            494.48,
            426.11,
            386.61,
            379.25,
            561.32,
            330.04,
            537.66,
            395.6,
            458.76,
            337.99,
            321.64,
            null,
            444.02,
            562.74,
            504.55,
            416.15,
            559.04,
            438.66
        ],
        [
            540.16,
            423.33,
            362.81,
            406.7,
            454.61,
            445.09,
            368.81,
            321.06,
            370.64,
            442.99,
            451.36,
            578.11,
            373.83,
            474.65,
            478.33,
            475.6,
            416.84,
            430.71,
            575.38,
            507.97,
            555.88,
            399.97,
            389.32,
            416.66,
            null,
            340.64,
            321.15,
            568.26,
            562.02,
            471.17
        ],
        [
            441.89,
            446.38,
            435.86,
            463.16,
            480.94,
            534.43,
            433.79,
            403.42,
            361.09,
            488.63,
            505.7,
            421.99,
            383.34,
            430.1,
            442.08,
            473.68,
            456.9,
            562.54,
            444.65,
            334.58,
            578.7,
            344.8,
            337.02,
            503.01,
            365.52,
            null,
            472.72,
            354.04,
            449.23,
            511.03
        ],
        [
            541.83,
            403.58,
            478.69,
            369.29,
            425.55,
            522.96,
            337.62,
            511.08,
            372.4,
            433.75,
            336.63,
            499.14,
            540.56,
            350.47,
            425.05,
            439.94,
            549.61,
            508.53,
            559.8,
            359.47,
            530.83,
            510.65,
            409.77,
            375.59,
            451.86,
            404.15,
            null,
            395.55,
            541.43,
            458.81
        ],
        [
            339.94,
            389.45,
            451.59,
            352.11,
            375.57,
            486.73,
            524.72,
            546.18,
            460.24,
            541.38,
            429.79,
            533.83,
            566.11,
            347.2,
            334.4,
            414.6,
            328.74,
            382.57,
            547.83,
            522.52,
            437.98,
            555.59,
            472.85,
            363.5,
            517.88,
            520.5,
            457.19,
            null,
            521.75,
            333.24
        ],
        [
            448.0,
            426.59,
            576.35,
            462.13,
            411.53,
            562.13,
            488.84,
            579.77,
            450.99,
            574.27,
            565.42,
            543.15,
            475.82,
            534.59,
            335.21,
            466.5,
            322.81,
            452.81,
            369.22,
            327.52,
            483.93,
            577.51,
            568.73,
            480.77,
            475.39,
            571.53,
            520.71,
            408.35,
            null,
            520.11
        ],
        [
            578.39,
            440.75,
            340.04,
            484.66,
            378.12,
            361.05,
            424.27,
            466.46,
            323.37,
            440.06,
            387.02,
            562.54,
            559.35,
            447.93,
            577.08,
            393.44,
            471.43,
            562.46,
            411.07,
            462.62,
            402.5,
            527.98,
            401.51,
            402.07,
            340.3,
            577.2,
            569.14,
            334.91,
            430.84,
            null
        ]
    ],
    "tempos_processamento": [
        2011.99,
        3253.39,
        2806.81,
        2924.18,
        5217.37,
        6181.68,
        2090.81,
        3806.76,
        5331.71,
        2399.06,
        2850.72,
        5059.39,
        5289.99,
        5225.44,
        2917.07,
        6756.74,
        3663.68,
        6777.4,
        2922.32,
        6894.32,
        6359.78,
        1818.22,
        2048.13,
        6994.49,
        4091.37,
        3169.78,
        5558.14,
        3245.2,
        6580.5,
        3802.09
    ],
    "ready_times": [
        7499.48,
        3396.27,
        5379.22,
        6849.43,
        1304.63,
        1230.94,
        4506.12,
        8656.65,
        3365.0,
        5168.37,
        3771.92,
        1296.67,
        7479.15,
        8774.08,
        7252.13,
        3351.12,
        0.0,
        6621.74,
        6375.9,
        4254.6,
        7689.89,
        8655.97,
        1490.07,
        4698.82,
        5541.46,
        1431.4,
        4816.85,
        428.08,
        4939.33,
        9174.64
    ]
}