{
    "configuracao": {
        "codigo_cenario": "HHHHHHL",
        "nivel_ready_time": "alta",
        "variabilidade_processamento": "alta",
        "media_processamento": "alta",
        "estrutura_setup": "assimetrica",
        "variabilidade_setup": "alta",
        "n_maquinas": 10,
        "n_medio_jobs_maquina": 3,
        "n_jobs": 30
    },
    "matriz_setup": [
        [
            null,
            571.6,
            527.29,
            391.47,
            545.19,
            548.5,
            507.67,
            426.21,
            410.28,
            530.15,
            483.11,
            421.26,
            342.67,
            484.15,
            491.98,
            381.19,
            365.27,
            491.01,
            483.24,
            492.53,
            353.9,
            563.43,
            460.89,
            432.37,
            425.47,
            499.11,
            332.26,
            517.51,
            332.91,
            374.06
        ],
        [
            557.38,
            null,
            561.11,
            412.82,
            330.04,
            518.87,
            418.23,
            446.28,
            424.0,
            578.71,
            446.79,
            508.0,
            343.45,
            333.74,
            550.63,
            402.04,
            370.13,
            503.01,
            558.85,
            450.65,
            383.33,
            490.12,
            404.42,
            389.93,
            371.12,
            505.16,
            577.33,
            334.94,
            396.57,
            328.95
        ],
        [
            572.03,
            367.28,
            null,
            455.22,
            456.94,
            366.04,
            441.62,
            406.43,
            465.81,
            475.27,
            394.29,
            506.11,
            428.36,
            537.79,
            507.72,
            388.93,
            386.5,
            456.32,
            375.61,
            363.31,
            488.08,
            422.06,
            559.16,
            448.46,
            444.89,
            567.52,
            443.18,
            558.64,
            553.82,
            531.47
        ],
        [
            342.05,
            480.61,
            335.28,
            null,
            375.36,
            553.23,
            425.6,
            447.36,
            434.1,
            326.91,
            566.21,
            530.59,
            499.81,
            431.49,
            478.69,
            511.81,
            444.31,
            323.34,
            383.56,
            441.71,
            403.61,
            426.46,
            430.48,
            344.19,
            461.29,
            391.61,
            340.66,
            412.42,
            396.8,
            347.94
        ],
        [
            558.16,
            531.39,
            518.94,
            343.8,
            null,
            413.55,
            465.68,
            446.65,
            524.73,
            575.6,
            385.66,
            507.88,
            506.76,
            492.15,
            464.28,
            336.35,
            355.61,
            515.0,
            376.72,
            421.38,
            329.09,
            537.44,
            321.78,
            566.97,
            381.42,
            443.97,
            512.66,
            576.92,
            518.29,
            498.65
        ],
        [
            560.52,
            481.53,
            484.61,
            478.28,
            436.65,
            null,
            561.14,
            409.43,
            326.03,
            369.47,
            572.68,
            498.81,
            380.69,
            468.39,
            345.68,
            351.45,
            445.3,
            477.28,
            563.52,
            579.42,
            354.53,
            525.31,
            345.4,
            553.81,
            507.61,
            339.7,
            487.68,
            493.83,
            494.92,
            466.81
        ],
        [
            569.88,
            356.66,
            550.27,
            411.57,
            491.8,
            494.96,
            null,
            430.42,
            408.04,
            353.98,
            408.0,
            464.14,
            521.99,
            384.62,
            335.9,
            408.61,
            354.47,
            565.67,
            385.01,
            557.09,
            370.29,
            508.25,
            536.54,
            442.56,
            514.72,
            365.28,
            418.15,
            494.22,
            444.69,
            451.11
        ],
        [
            532.82,
            399.8,
            409.08,
            557.22,
            559.42,
            402.73,
            493.37,
            null,
            438.83,
            471.08,
            561.09,
            470.16,
            395.96,
            508.53,
            361.51,
            341.64,
            569.09,
            491.42,
            576.75,
            516.95,
            403.9,
            373.63,
            325.35,
            501.16,
            355.93,
            327.8,
            385.24,
            357.35,
            422.82,
            369.47
        ],
        [
            520.69,
            332.18,
            558.97,
            378.8,
            392.25,
            408.98,
            347.39,
            429.34,
            null,
            571.44,
            422.13,
            383.76,
            530.11,
            367.9,
            363.69,
            388.41,
            524.38,
            565.0,
            547.62,
            461.72,
            455.78,
            518.42,
            326.34,
            563.68,
            330.97,
            442.55,
            432.84,
            432.92,
            446.26,
            467.89
        ],
        [
            325.36,
            461.91,
            548.13,
            325.99,
            370.58,
            490.01,
            460.81,
            439.14,
            519.26,
            null,
            401.35,
            435.42,
            433.63,
            376.45,
            500.75,
            571.76,
            566.66,
            405.74,
            573.85,
            390.03,
            456.8,
            534.34,
            423.73,
            535.81,
            356.14,
            511.9,
            523.26,
            330.06,
            331.3,
            542.36
        ],
        [
            496.4,
            522.15,
            578.43,
            543.21,
            413.79,
            489.95,
            345.73,
            554.76,
            365.25,
            558.34,
            null,
            341.26,
            554.74,
            455.72,
            471.57,
            414.83,
            511.42,
            345.84,
            521.09,
            489.67,
            549.96,
            346.19,
            370.12,
            538.35,
            401.39,
            424.24,
            555.27,
            428.2,
            576.29,
            424.81
        ],
        [
            340.81,
            530.81,
            574.69,
            367.05,
            538.46,
            447.56,
            411.52,
            434.55,
            343.79,
            548.31,
            378.25,
            null,
            571.09,
            416.09,
            348.23,
            563.61,
            430.27,
            392.51,
            502.06,
            575.09,
            385.12,
            404.7,
            330.03,
            338.78,
            490.81,
            371.14,
            500.83,
            393.92,
            509.86,
            568.74
        ],
        [
            440.52,
            364.45,
            481.9,
            555.81,
            567.36,
            501.09,
            495.03,
            353.17,
            328.93,
            519.51,
            320.6,
            367.82,
            null,
            413.22,
            415.73,
            420.86,
            384.74,
            344.97,
            427.91,
            497.35,
            337.43,
            449.4,
            573.76,
            399.06,
            574.87,
            481.28,
            369.51,
            531.57,
            462.27,
            368.8
        ],
        [
            472.99,
            357.24,
            363.78,
            458.06,
            564.28,
            498.67,
            535.68,
            563.33,
            393.75,
            537.77,
            343.56,
            492.85,
            537.2,
            null,
            559.1,
            411.06,
            554.48,
            443.62,
            416.49,
            469.91,
            475.56,
            324.22,
            550.44,
            351.74,
            469.25,
            522.21,
            461.08,
            406.7,
            529.52,
            417.67
        ],
        [
            552.29,
            459.67,
            341.5,
            358.82,
            326.63,
            382.59,
            421.03,
            461.88,
            566.68,
            465.19,
            576.88,
            414.83,
            392.74,
            477.36,
            null,
            463.4,
            511.88,
            491.24,
            358.04,
            489.93,
            368.71,
            340.96,
            463.67,
            416.28,
            372.61,
            471.73,
            333.01,
            361.41,
            500.25,
            378.48
        ],
        [
            457.41,
            398.16,
            416.95,
            553.94,
            573.57,
            411.67,
            577.51,
            578.92,
            336.16,
            525.17,
            454.32,
            578.03,
            437.84,
            559.77,
            369.47,
            null,
            532.16,
            426.0,
            572.01,
            328.32,
            415.69,
            497.06,
            385.4,
            489.42,
            440.17,
            503.1,
            538.73,
            331.39,
            540.33,
            477.31
        ],
        [
            328.45,
            475.18,
            439.79,
            538.7,
            357.79,
            552.99,
            376.45,
            520.09,
            410.31,
            434.91,
            469.96,
            362.12,
            572.94,
            517.23,
            577.75,
            358.26,
            null,
            404.61,
            396.26,
            327.83,
            502.33,
            572.83,
            366.44,
            337.23,
            321.17,
            420.27,
            347.62,
            371.1,
            519.11,
            355.2
        ],
        [
            545.45,
            389.97,
            457.33,
            481.11,
            412.93,
            404.26,
            336.41,
            495.81,
            349.29,
            498.99,
            412.69,
            379.5,
            392.69,
            523.95,
            447.39,
            417.71,
            519.02,
            null,
            572.47,
            332.86,
            473.88,
            533.24,
            355.55,
            539.17,
            531.95,
            536.06,
            576.5,
            444.89,
            398.96,
            445.35
        ],
        [
            454.0,
            401.95,
            434.85,
            478.97,
            570.7,
            555.56,
            376.6,
            497.37,
            445.73,
            507.1,
            451.38,
            338.53,
            538.92,
            514.03,
            484.47,
            434.25,
            365.65,
            511.97,
            null,
            335.07,
            330.3,
            502.71,
            498.69,
            321.63,
            560.81,
            526.76,
            512.9,
            321.57,
            540.33,
            346.4
        ],
        [
            428.58,
            555.84,
            393.37,
            507.15,
            396.72,
            333.63,
            495.52,
            387.14,
            478.64,
            535.25,
            448.83,
            433.46,
            495.64,
            324.24,
            361.91,
            480.61,
            439.12,
            486.95,
            475.06,
            null,
            334.41,
            431.84,
            493.43,
            364.62,
            566.06,
            393.06,
            347.41,
            419.44,
            496.7,
            348.37
        ],
        [
            543.06,
            368.79,
            481.51,
            392.87,
            568.7,
            518.34,
            433.65,
            393.24,
            477.14,
            498.95,
            322.74,
            548.17,
            405.12,
            337.42,
            378.66,
            439.29,
            486.24,
            356.2,
            478.82,
            556.15,
            null,
            365.44,
            496.43,
            350.66,
            518.93,
            405.81,
            433.48,
            478.3,
            439.01,
            574.16
        ],
        [
            571.06,
            435.37,
            546.81,
            453.37,
            510.34,
            342.38,
            566.48,
            394.39,
            458.04,
            439.89,
            536.58,
            339.82,
            375.82,
            435.67,
            390.09,
            437.31,
            559.29,
            449.92,
            329.32,
            454.54,
            416.35,
            null,
            534.46,
            555.07,
            455.57,
            525.03,
            350.58,
            380.6,
            555.01,
            509.12
        ],
        [
            429.08,
            560.97,
            431.92,
            340.66,
            350.94,
            559.69,
            435.17,
            456.26,
            364.52,
            547.93,
            432.24,
            472.93,
            346.23,
            337.62,
            369.62,
            517.43,
            558.21,
            442.52,
            517.85,
            382.82,
            524.52,
            369.14,
            null,
            529.67,
            505.37,
            501.99,
            526.43,
            373.24,
            478.43,
            387.67
        ],
        [
            577.54,
            420.95,
            507.81,
            495.12,
            465.64,
            454.93,
            367.69,
            539.4,
            566.64,
            416.77,
            574.3,
            429.13,
            419.6,
            449.19,
            452.62,
            345.47,
            454.16,
            571.36,
            468.58,
            522.21,
            352.72,
            457.33,
            399.52,
            null,
            467.61,
            450.99,
            325.2,
            530.43,
            383.66,
            434.43
        ],
        [
            447.76,
            334.38,
            454.42,
            365.24,
            505.26,
            349.16,
            461.99,
            343.83,
            323.41,
            508.92,
            556.91,
            365.3,
            517.04,
            415.38,
            388.32,
            385.79,
            572.35,
            384.97,
            336.71,
            498.99,
            511.81,
            432.14,
            347.04,
            452.57,
            null,
            344.4,
            378.39,
            439.75,
            439.45,
            351.94
        ],
        [
            355.71,
            455.02,
            553.44,
            377.67,
            458.58,
            331.32,
            538.58,
            350.49,
            558.16,
            444.96,
            535.17,
            569.52,
            519.5,
            321.9,
            513.97,
            366.12,
            368.0,
            480.25,
            443.52,
            535.54,
            562.85,
            473.51,
            332.2,
            358.61,
            339.77,
            null,
            477.15,
            342.32,
            573.23,
            438.52
        ],
        [
            384.23,
            351.0,
            522.1,
            442.97,
            429.6,
            508.61,
            423.36,
            516.54,
            411.61,
            496.66,
            323.95,
            574.28,
            338.69,
            386.1,
            441.99,
            419.21,
            427.68,
            391.54,
            348.76,
            382.59,
            507.57,
            535.62,
            366.65,
            329.08,
            392.45,
            474.27,
            null,
            397.67,
            548.46,
            391.16
        ],
        [
            480.26,
            453.3,
            476.78,
            463.63,
            454.89,
            573.53,
            457.66,
            368.36,
            457.52,
            571.71,
            533.36,
            528.07,
            475.02,
            374.66,
            484.24,
            432.65,
            413.54,
            375.84,
            336.89,
            444.34,
            386.73,
            424.81,
            568.88,
            423.15,
            328.96,
            366.98,
            320.26,
            null,
            441.5,
            403.66
        ],
        [
            557.44,
            508.34,
            477.92,
            404.18,
            554.16,
            402.71,
            548.13,
            369.43,
            526.31,
            542.13,
            455.77,
            374.42,
            450.44,
            420.18,
            385.09,
            339.32,
            434.92,
            351.49,
            413.74,
            404.33,
            328.78,
            403.32,
            516.22,
            426.08,
            503.82,
            407.74,
            387.51,
            450.06,
            null,
            490.94
        ],
        [
            501.78,
            485.51,
            465.23,
            397.47,
            379.2,
            520.53,
            386.86,
            516.8,
            459.81,
            355.21,
            483.69,
            517.74,
            341.69,
            401.36,
            401.91,
            531.49,
            558.04,
            426.05,
            473.67,
            374.35,
            538.49,
            421.2,
            547.56,
            466.18,
            534.53,
            523.44,
            485.4,
            485.26,
            470.39,
            null
        ]
    ],
    "tempos_processamento": [
        4592.45,
        2375.04,
        5573.13,
        4413.72,
        3918.89,
        5751.13,
        6640.61,
        6435.61,
        5171.11,
        3850.82,
        3644.01,
        4036.34,
        3396.81,
        2388.48,
        1963.09,
        2274.47,
        4656.42,
        6988.99,
        5381.19,
        5191.84,
        5988.83,
        5440.83,
        6012.52,
        6993.95,
        5887.33,
        2689.44,
        5015.29,
        2624.42,
        6272.91,
        4710.52
    ],
    "ready_times": [
        3917.61,
        1361.77,
        8851.54,
        704.44,
        8593.45,
        9600.12,
        5207.59,
        6709.76,
        0.0,
        6799.4,
        5761.27,
        8883.89,
        365.32,
        2473.61,
        8970.91,
        5046.19,
        5725.76,
        4859.04,
        8006.3,
        1046.37,
        862.85,
        6801.01,
        1448.15,
        6882.76,
        946.95,
        607.24,
        7546.69,
        4325.1,
        5200.96,
        6444.6
    ]
}