{
    "configuracao": {
        "codigo_cenario": "HHHHHHL",
        "nivel_ready_time": "alta",
        "variabilidade_processamento": "alta",
        "media_processamento": "alta",
        "estrutura_setup": "assimetrica",
        "variabilidade_setup": "alta",
        "n_maquinas": 10,
        "n_medio_jobs_maquina": 3,
        "n_jobs": 30
    },
    "matriz_setup": [
        [
            null,
            563.52,
            509.99,
            359.85,
            386.0,
            421.33,
            412.98,
            422.66,
            537.48,
            402.4,
            456.59,
            485.85,
            539.49,
            497.93,
            563.83,
            560.9,
            385.67,
            418.72,
            381.1,
            529.94,
            399.0,
            325.06,
            404.38,
            412.25,
            506.53,
            525.03,
            556.47,
            552.45,
            577.69,
            566.76
        ],
        [
            504.7,
            null,
            521.32,
            418.45,
            530.63,
            443.58,
            443.98,
            558.83,
            417.83,
            442.66,
            387.68,
            359.66,
            335.18,
            552.72,
            370.3,
            522.78,
            521.2,
            513.23,
            486.87,
            560.94,
            525.92,
            568.61,
            483.9,
            425.07,
            481.36,
            377.49,
            478.7,
            510.54,
            497.25,
            331.25
        ],
        [
            378.75,
            520.59,
            null,
            579.8,
            509.04,
            530.18,
            516.79,
            390.37,
            459.6,
            541.02,
            553.12,
            381.05,
            413.97,
            563.87,
            404.93,
            363.91,
            515.21,
            343.74,
            371.48,
            523.07,
            524.13,
            339.61,
            475.45,
            499.12,
            399.41,
            544.91,
            323.16,
            576.32,
            401.4,
            483.8
        ],
        [
            417.19,
            406.79,
            472.22,
            null,
            516.94,
            425.97,
            520.46,
            504.7,
            398.96,
            458.55,
            488.99,
            387.38,
            340.78,
            541.93,
            456.09,
            384.11,
            469.86,
            516.89,
            363.54,
            571.5,
            576.92,
            392.23,
            401.83,
            401.48,
            503.49,
            514.13,
            445.06,
            561.37,
            327.82,
            492.98
        ],
        [
            483.57,
            469.81,
            396.57,
            467.77,
            null,
            485.18,
            547.75,
            343.84,
            374.73,
            385.21,
            320.6,
            466.73,
            520.75,
            403.14,
            375.03,
            365.23,
            442.27,
            328.59,
            523.66,
            389.35,
            570.86,
            419.22,
            528.29,
            514.84,
            446.15,
            540.61,
            422.27,
            515.48,
            576.85,
            374.14
        ],
        [
            453.19,
            365.79,
            384.13,
            510.26,
            445.86,
            null,
            379.89,
            552.41,
            479.55,
            493.9,
            415.92,
            543.29,
            498.82,
            510.29,
            571.5,
            348.71,
            415.1,
            481.61,
            397.88,
            361.29,
            543.36,
            455.21,
            343.09,
            523.59,
            374.77,
            448.08,
            505.49,
            538.85,
            462.34,
            352.52
        ],
        [
            328.17,
            343.1,
            439.96,
            512.25,
            518.65,
            476.13,
            null,
            482.27,
            542.64,
            432.64,
            320.95,
            556.13,
            568.4,
            372.58,
            460.89,
            540.43,
            561.15,
            359.41,
            533.22,
            454.61,
            366.87,
            471.56,
            521.36,
            429.24,
            378.28,
            467.75,
            528.68,
            376.46,
            569.48,
            474.95
        ],
        [
            551.77,
            566.33,
            325.31,
            368.53,
            383.98,
            396.4,
            446.01,
            null,
            469.55,
            464.51,
            516.17,
            576.51,
            321.14,
            459.18,
            460.6,
            410.01,
            555.41,
            447.87,
            451.62,
            357.34,
            377.1,
            500.71,
            456.54,
            471.48,
            340.91,
            357.1,
            407.99,
            381.35,
            473.73,
            488.3
        ],
        [
            416.07,
            476.2,
            541.84,
            447.12,
            552.68,
            507.12,
            513.72,
            469.3,
            null,
            498.22,
            430.48,
            543.0,
            486.73,
            485.43,
            452.98,
            573.99,
            552.48,
            565.6,
            352.55,
            418.18,
            567.89,
            491.68,
            491.72,
            339.16,
            518.3,
            470.77,
            416.18,
            419.92,
            382.63,
            430.67
        ],
        [
            572.32,
            358.19,
            492.05,
            386.88,
            324.31,
            414.73,
            577.8,
            360.21,
            572.5,
            null,
            518.68,
            456.09,
            503.0,
            407.09,
            396.43,
            408.86,
            433.43,
            514.57,
            435.62,
            353.37,
            420.36,
            415.87,
            501.88,
            568.62,
            324.97,
            501.06,
            353.68,
            365.28,
            485.89,
            499.07
        ],
        [
            450.49,
            415.75,
            521.47,
            438.56,
            480.44,
            321.02,
            393.38,
            505.39,
            377.87,
            379.66,
            null,
            511.68,
            564.13,
            576.98,
            340.11,
            347.24,
            441.67,
            430.58,
            524.53,
            452.83,
            413.4,
            322.65,
            469.95,
            468.82,
            513.0,
            446.15,
            364.3,
            350.64,
            560.35,
            464.78
        ],
        [
            576.81,
            342.24,
            485.2,
            381.4,
            339.92,
            350.34,
            382.67,
            455.86,
            383.69,
            379.45,
            415.96,
            null,
            440.36,
            368.29,
            372.3,
            526.32,
            510.65,
            480.0,
            395.39,
            352.73,
            470.24,
            408.95,
            388.35,
            379.59,
            349.33,
            445.98,
            344.91,
            336.58,
            422.91,
            427.14
        ],
        [
            508.96,
            341.76,
            537.46,
            531.48,
            542.06,
            358.43,
            335.52,
            448.19,
            418.31,
            324.93,
            519.72,
            472.27,
            null,
            416.8,
            397.27,
            437.21,
            562.37,
            524.03,
            397.45,
            409.39,
            561.48,
            326.61,
            339.89,
            321.74,
            555.08,
            475.86,
            399.6,
            403.56,
            434.86,
            411.64
        ],
        [
            575.39,
            574.04,
            460.78,
            511.63,
            483.15,
            366.58,
            430.95,
            574.58,
            452.03,
            364.85,
            384.05,
            478.6,
            553.24,
            null,
            579.26,
            448.7,
            513.99,
            478.55,
            522.45,
            555.25,
            517.98,
            467.01,
            402.55,
            485.73,
            527.51,
            567.43,
            562.92,
            554.47,
            561.42,
            395.36
        ],
        [
            404.22,
            572.68,
            485.35,
            547.58,
            347.0,
            496.18,
            535.4,
            507.42,
            430.5,
            569.17,
            473.78,
            404.91,
            465.79,
            540.18,
            null,
            407.32,
            365.61,
            549.15,
            526.57,
            552.56,
            436.55,
            528.12,
            520.69,
            326.25,
            521.09,
            370.92,
            335.28,
            521.86,
            478.36,
            573.05
        ],
        [
            438.75,
            484.97,
            437.77,
            471.01,
            574.88,
            536.39,
            420.53,
            508.11,
            528.66,
            507.1,
            477.94,
            373.14,
            535.85,
            450.43,
            453.43,
            null,
            364.81,
            542.7,
            527.16,
            473.22,
            379.82,
            479.98,
            482.58,
            527.34,
            523.68,
            350.94,
            549.03,
            550.46,
            441.22,
            343.3
        ],
        [
            534.34,
            347.9,
            424.36,
            451.15,
            536.01,
            485.36,
            578.02,
            553.98,
            530.44,
            498.26,
            562.5,
            406.06,
            430.5,
            485.87,
            572.12,
            384.42,
            null,
            574.32,
            340.95,
            497.93,
            454.0,
            353.31,
            380.87,
            445.86,
            434.59,
            546.86,
            364.43,
            556.25,
            535.95,
            348.82
        ],
        [
            392.91,
            386.66,
            451.32,
            424.71,
            453.4,
            575.34,
            540.77,
            378.03,
            385.98,
            331.19,
            516.54,
            457.35,
            507.03,
            414.57,
            485.13,
            568.0,
            578.49,
            null,
            506.53,
            510.39,
            495.46,
            543.94,
            530.88,
            323.42,
            427.49,
            577.49,
            357.34,
            348.03,
            440.49,
            348.72
        ],
        [
            433.88,
            564.0,
            329.06,
            339.62,
            443.0,
            368.64,
            484.43,
            518.84,
            458.49,
            452.86,
            322.0,
            442.22,
            482.86,
            510.43,
            346.49,
            385.36,
            337.73,
            564.06,
            null,
            408.84,
            492.97,
            569.52,
            561.17,
            555.66,
            439.32,
            417.89,
            567.09,
            429.67,
            337.31,
            325.5
        ],
        [
            374.89,
            377.43,
            395.87,
            426.6,
            410.92,
            479.05,
            551.77,
            553.44,
            505.29,
            332.94,
            465.42,
            410.61,
            373.71,
            394.16,
            397.75,
            435.19,
            505.04,
            518.23,
            419.06,
            null,
            533.72,
            570.3,
            557.16,
            490.52,
            536.31,
            513.08,
            336.72,
            362.15,
            494.84,
            384.31
        ],
        [
            472.77,
            521.25,
            525.78,
            546.33,
            512.84,
            341.2,
            471.7,
            429.94,
            489.69,
            337.35,
            511.96,
            441.02,
            565.9,
            437.63,
            374.79,
            481.26,
            446.68,
            434.68,
            414.62,
            362.89,
            null,
            436.46,
            354.86,
            533.5,
            487.86,
            513.7,
            547.04,
            397.48,
            435.1,
            340.84
        ],
        [
            372.88,
            343.32,
            371.6,
            424.93,
            485.03,
            469.62,
            356.39,
            345.95,
            412.56,
            474.8,
            569.6,
            380.94,
            389.15,
            441.26,
            518.68,
            464.77,
            504.45,
            567.59,
            509.75,
            451.89,
            376.18,
            null,
            428.75,
            552.36,
            412.72,
            567.16,
            479.73,
            375.16,
            338.22,
            343.22
        ],
        [
            476.04,
            488.31,
            376.14,
            335.07,
            415.6,
            414.07,
            444.47,
            416.57,
            511.82,
            489.78,
            504.79,
            510.46,
            481.12,
            352.08,
            441.64,
            567.61,
            437.4,
            388.93,
            419.63,
            324.55,
            565.92,
            505.43,
            null,
            578.42,
            354.82,
            505.39,
            483.56,
            384.78,
            463.64,
            458.54
        ],
        [
            539.15,
            467.03,
            450.01,
            412.4,
            564.28,
            409.86,
            571.52,
            569.29,
            467.39,
            493.16,
            413.25,
            336.09,
            546.62,
            405.78,
            405.42,
            500.09,
            438.87,
            413.59,
            550.1,
            342.55,
            404.54,
            359.51,
            536.22,
            null,
            414.19,
            410.01,
            394.98,
            452.85,
            481.2,
            568.22
        ],
        [
            516.29,
            510.95,
            537.03,
            558.72,
            351.44,
            380.69,
            431.89,
            418.31,
            339.44,
            335.57,
            438.02,
            356.74,
            439.25,
            329.79,
            392.11,
            549.91,
            477.57,
            355.19,
            532.39,
            343.86,
            492.2,
            416.35,
            431.34,
            418.85,
            null,
            525.29,
            420.26,
            354.76,
            446.76,
            563.72
        ],
        [
            413.92,
            432.73,
            452.62,
            477.8,
            545.85,
            553.96,
            478.17,
            472.24,
            416.19,
            500.42,
            329.28,
            477.2,
            395.23,
            449.21,
            462.13,
            499.22,
            489.87,
            530.94,
            473.41,
            392.49,
            487.76,
            455.86,
            378.2,
            390.8,
            519.34,
            null,
            530.21,
            361.45,
            360.18,
            377.84
        ],
        [
            362.52,
            430.67,
            444.19,
            377.92,
            386.23,
            547.13,
            437.21,
            482.14,
            326.83,
            412.34,
            505.93,
            355.96,
            419.26,
            487.47,
            464.43,
            421.71,
            478.4,
            412.62,
            523.68,
            369.09,
            359.5,
            502.16,
            406.14,
            535.21,
            523.02,
            411.99,
            null,
            510.49,
            539.13,
            373.9
        ],
        [
            344.82,
            447.84,
            336.73,
            560.48,
            496.96,
            374.16,
            419.25,
            423.81,
            374.97,
            538.17,
            452.26,
            417.06,
            321.87,
            567.88,
            411.63,
            348.72,
            348.18,
            331.16,
            380.32,
            568.94,
            331.34,
            420.55,
            513.42,
            378.97,
            558.76,
            470.36,
            525.45,
            null,
            494.83,
            555.15
        ],
        [
            405.34,
            549.91,
            371.22,
            341.11,
            355.96,
            421.68,
            430.8,
            397.7,
            506.21,
            570.29,
            461.7,
            325.77,
            412.6,
            517.72,
            335.66,
            449.02,
            468.18,
            342.62,
            538.13,
            489.66,
            332.97,
            497.9,
            377.48,
            455.07,
            571.65,
            354.91,
            457.64,
            380.84,
            null,
            416.24
        ],
        [
            468.05,
            351.18,
            362.58,
            355.09,
            441.39,
            385.44,
            551.39,
            328.59,
            401.23,
            414.78,
            539.97,
            340.88,
            329.01,
            443.15,
            322.45,
            576.93,
            323.38,
            485.2,
            502.4,
            567.76,
            548.25,
            365.89,
            452.41,
            536.39,
            451.5,
            548.46,
            467.44,
            432.17,
            550.92,
            null
        ]
    ],
    "tempos_processamento": [
        2207.83,
        2414.33,
        2927.74,
        3243.31,
        3144.65,
        4929.82,
        5103.9,
        5785.02,
        4229.82,
        4063.76,
        4099.03,
        2466.12,
        3904.86,
        6125.98,
        1957.25,
        3425.63,
        5947.69,
        6789.72,
        3980.44,
        3880.07,
        4576.47,
        4316.82,
        6983.24,
        1896.64,
        6752.34,
        2534.61,
        5267.79,
        4592.88,
        2202.16,
        6945.78
    ],
    "ready_times": [
        8835.23,
        2139.54,
        5656.16,
        1260.58,
        9215.94,
        2755.75,
        1594.8,
        2823.58,
        3716.75,
        5415.1,
        7182.92,
        1382.11,
        2783.83,
        1129.92,
        7542.64,
        102.08,
        0.0,
        9337.67,
        4067.8,
        9203.95,
        1408.46,
        7046.01,
        483.66,
        2345.16,
        4330.91,
        5957.93,
        9447.74,
        2160.62,
        722.49,
        2657.83
    ]
}