{
    "configuracao": {
        "codigo_cenario": "HHHHHHL",
        "nivel_ready_time": "alta",
        "variabilidade_processamento": "alta",
        "media_processamento": "alta",
        "estrutura_setup": "assimetrica",
        "variabilidade_setup": "alta",
        "n_maquinas": 10,
        "n_medio_jobs_maquina": 3,
        "n_jobs": 30
    },
    "matriz_setup": [
        [
            null,
            328.91,
            347.7,
            342.17,
            525.78,
            409.13,
            514.75,
            509.21,
            406.84,
            558.67,
            394.65,
            375.55,
            516.37,
            407.25,
            548.09,
            321.85,
            504.79,
            378.38,
            496.98,
            323.71,
            349.84,
            452.19,
            461.82,
            428.59,
            525.91,
            432.82,
            372.89,
            518.31,
            561.18,
            529.06
        ],
        [
            555.94,
            null,
            463.41,
            430.07,
            468.21,
            385.55,
            552.1,
            420.01,
            440.22,
            482.39,
            458.13,
            487.86,
            437.6,
            492.79,
            511.66,
            470.59,
            489.3,
            571.01,
            356.3,
            485.91,
            497.16,
            431.88,
            376.74,
            326.04,
            438.42,
            535.46,
            467.46,
            575.34,
            524.92,
            408.41
        ],
        [
            409.19,
            545.62,
            null,
            459.71,
            462.98,
            426.07,
            539.59,
            513.49,
            454.94,
            474.09,
            576.74,
            534.84,
            455.89,
            340.67,
            445.08,
            320.73,
            487.76,
            350.22,
            368.4,
            518.79,
            474.76,
            390.83,
            482.48,
            503.93,
            559.76,
            398.42,
            350.37,
            408.6,
            460.91,
            546.31
        ],
        [
            492.88,
            558.98,
            520.63,
            null,
            448.21,
            513.06,
            399.9,
            491.06,
            447.8,
            555.38,
            448.42,
            498.92,
            546.67,
            402.62,
            461.21,
            499.94,
            368.73,
            402.17,
            473.86,
            424.82,
            461.92,
            372.12,
            453.15,
            528.81,
            367.03,
            434.99,
            511.92,
            322.42,
            486.01,
            513.92
        ],
        [
            566.35,
            411.14,
            525.46,
            490.33,
            null,
            348.73,
            380.37,
            341.31,
            473.32,
            372.57,
            377.94,
            365.37,
            420.59,
            393.39,
            543.48,
            496.05,
            434.78,
            539.05,
            517.56,
            371.06,
            384.64,
            442.2,
            558.29,
            459.65,
            388.03,
            507.61,
            530.22,
            453.03,
            459.9,
            468.02
        ],
        [
            518.77,
            416.99,
            577.36,
            568.55,
            495.38,
            null,
            412.9,
            472.01,
            576.7,
            469.61,
            394.72,
            348.08,
            579.62,
            563.23,
            375.57,
            378.05,
            517.22,
            371.39,
            325.26,
            412.17,
            505.46,
            500.11,
            386.94,
            386.99,
            391.45,
            547.15,
            395.07,
            500.14,
            374.76,
            555.91
        ],
        [
            342.31,
            417.74,
            431.13,
            356.47,
            490.7,
            482.08,
            null,
            425.53,
            514.48,
            481.07,
            363.08,
            568.3,
            399.81,
            508.0,
            499.52,
            354.85,
            383.74,
            473.59,
            349.06,
            479.91,
            545.62,
            386.41,
            538.95,
            528.42,
            357.59,
            442.8,
            440.69,
            416.63,
            484.46,
            540.3
        ],
        [
            532.16,
            504.07,
            376.43,
            382.77,
            495.45,
            572.38,
            372.93,
            null,
            488.02,
            344.06,
            385.98,
            535.39,
            534.87,
            577.77,
            481.06,
            514.43,
            513.52,
            526.63,
            376.52,
            398.25,
            386.96,
            360.84,
            420.26,
            366.77,
            329.78,
            569.46,
            560.41,
            355.88,
            510.79,
            374.08
        ],
        [
            396.95,
            347.51,
            448.85,
            376.62,
            382.33,
            374.9,
            452.26,
            390.78,
            null,
            393.2,
            559.87,
            444.85,
            441.57,
            353.1,
            464.87,
            420.45,
            548.3,
            481.05,
            356.28,
            565.63,
            505.91,
            442.11,
            499.65,
            575.42,
            561.87,
            386.61,
            420.74,
            558.31,
            481.85,
            440.52
        ],
        [
            383.59,
            364.32,
            339.02,
            501.01,
            382.51,
            366.57,
            332.26,
            387.2,
            325.64,
            null,
            373.03,
            333.87,
            488.0,
            440.26,
            333.35,
            422.28,
            423.99,
            413.44,
            447.43,
            379.82,
            372.92,
            415.31,
            392.35,
            465.55,
            353.91,
            391.08,
            547.44,
            434.89,
            335.97,
            460.49
        ],
        [
            547.21,
            528.84,
            558.16,
            464.72,
            482.2,
            447.52,
            548.88,
            517.53,
            576.46,
            513.2,
            null,
            501.46,
            408.83,
            564.25,
            495.15,
            353.36,
            400.68,
            514.01,
            372.66,
            542.87,
            497.42,
            390.25,
            575.52,
            320.95,
            443.2,
            539.36,
            353.26,
            500.62,
            419.2,
            577.64
        ],
        [
            325.04,
            461.61,
            540.49,
            413.81,
            372.82,
            526.08,
            437.68,
            552.16,
            578.43,
            405.35,
            388.43,
            null,
            548.47,
            503.41,
            565.15,
            332.08,
            417.64,
            540.2,
            449.39,
            509.84,
            556.0,
            457.91,
            338.11,
            545.38,
            510.51,
            533.86,
            375.66,
            531.68,
            380.21,
            536.41
        ],
        [
            445.57,
            412.33,
            476.1,
            328.8,
            489.88,
            571.85,
            516.22,
            384.19,
            559.41,
            346.16,
            405.12,
            529.61,
            null,
            423.4,
            352.44,
            497.08,
            570.96,
            334.43,
            520.37,
            349.04,
            458.19,
            390.7,
            538.25,
            456.77,
            578.53,
            421.59,
            464.01,
            469.66,
            502.1,
            383.29
        ],
        [
            578.78,
            559.9,
            341.83,
            445.27,
            374.62,
            415.97,
            431.15,
            493.81,
            458.83,
            329.38,
            423.18,
            570.09,
            514.38,
            null,
            399.79,
            472.6,
            539.86,
            506.11,
            563.39,
            446.59,
            511.56,
            479.49,
            471.9,
            448.31,
            515.26,
            383.17,
            502.16,
            512.24,
            488.59,
            445.61
        ],
        [
            504.07,
            504.41,
            457.35,
            463.25,
            345.6,
            465.21,
            528.66,
            483.04,
            394.78,
            350.3,
            347.05,
            452.94,
            555.87,
            413.86,
            null,
            525.78,
            569.58,
            506.01,
            569.99,
            338.86,
            407.09,
            480.77,
            571.93,
            419.16,
            334.01,
            438.69,
            547.1,
            367.16,
            555.14,
            423.29
        ],
        [
            519.4,
            476.65,
            429.75,
            540.76,
            372.95,
            481.24,
            356.39,
            547.89,
            494.6,
            521.81,
            420.96,
            410.53,
            543.35,
            442.86,
            389.03,
            null,
            501.6,
            429.7,
            471.52,
            370.42,
            474.46,
            513.75,
            507.5,
            375.13,
            324.22,
            496.6,
            400.37,
            546.22,
            373.22,
            397.95
        ],
        [
            517.07,
            548.91,
            327.4,
            540.18,
            427.31,
            529.34,
            324.15,
            489.19,
            446.93,
            553.43,
            397.59,
            455.07,
            497.03,
            544.74,
            369.96,
            342.94,
            null,
            341.99,
            474.13,
            568.94,
            462.92,
            539.3,
            372.02,
            450.49,
            322.52,
            351.57,
            452.35,
            326.39,
            497.23,
            343.31
        ],
        [
            559.11,
            459.5,
            430.82,
            437.4,
            372.96,
            342.24,
            329.6,
            392.21,
            527.69,
            391.6,
            374.98,
            336.01,
            425.41,
            425.12,
            471.98,
            530.37,
            503.37,
            null,
            451.29,
            362.48,
            520.3,
            410.52,
            496.0,
            407.66,
            460.52,
            533.77,
            401.97,
            540.5,
            356.1,
            491.49
        ],
        [
            516.48,
            567.2,
            511.24,
            571.38,
            439.95,
            371.68,
            486.75,
            463.51,
            505.91,
            350.34,
            526.92,
            330.05,
            381.6,
            396.55,
            570.84,
            543.57,
            385.94,
            408.65,
            null,
            333.34,
            356.54,
            389.33,
            487.31,
            323.95,
            335.53,
            399.59,
            554.16,
            409.26,
            362.57,
            514.44
        ],
        [
            492.46,
            383.07,
            441.71,
            475.74,
            446.02,
            323.77,
            393.61,
            340.42,
            387.94,
            513.92,
            457.6,
            412.11,
            529.96,
            372.29,
            518.22,
            482.16,
            475.36,
            545.68,
            551.93,
            null,
            517.77,
            485.23,
            406.75,
            388.12,
            395.99,
            435.49,
            468.0,
            496.02,
            543.73,
            452.19
        ],
        [
            428.56,
            432.42,
            379.05,
            515.31,
            518.65,
            497.09,
            337.18,
            492.85,
            413.57,
            395.9,
            470.2,
            567.5,
            469.05,
            509.47,
            375.68,
            452.42,
            445.03,
            560.56,
            555.42,
            386.01,
            null,
            465.27,
            499.33,
            345.22,
            549.78,
            478.34,
            437.45,
            486.24,
            339.96,
            569.33
        ],
        [
            548.07,
            349.59,
            337.53,
            568.13,
            426.42,
            542.8,
            513.25,
            420.89,
            373.28,
            495.28,
            374.83,
            337.49,
            569.47,
            554.95,
            559.0,
            323.72,
            395.97,
            571.54,
            487.69,
            477.61,
            472.04,
            null,
            334.93,
            402.63,
            422.58,
            500.74,
            532.56,
            490.9,
            546.26,
            328.07
        ],
        [
            476.44,
            417.57,
            527.05,
            357.52,
            485.5,
            378.64,
            450.89,
            571.77,
            501.61,
            425.27,
            424.14,
            374.89,
            545.87,
            522.54,
            458.0,
            396.19,
            406.15,
            417.07,
            412.8,
            500.17,
            362.18,
            454.24,
            null,
            491.39,
            389.92,
            578.65,
            385.02,
            392.57,
            541.17,
            355.36
        ],
        [
            333.99,
            410.36,
            360.76,
            323.26,
            511.7,
            481.49,
            540.61,
            522.99,
            428.96,
            569.29,
            512.29,
            457.03,
            391.89,
            487.29,
            506.49,
            365.2,
            478.73,
            407.7,
            487.49,
            386.28,
            378.34,
            551.58,
            421.17,
            null,
            523.61,
            420.06,
            398.9,
            387.82,
            575.48,
            356.73
        ],
        [
            556.67,
            357.85,
            472.98,
            498.03,
            538.7,
            519.79,
            579.42,
            547.06,
            492.18,
            517.17,
            570.29,
            574.88,
            549.64,
            549.15,
            358.14,
            523.78,
            434.03,
            464.41,
            427.68,
            578.95,
            551.17,
            555.18,
            498.54,
            340.93,
            null,
            413.32,
            406.62,
            406.03,
            545.81,
            422.53
        ],
        [
            495.38,
            362.79,
            381.2,
            503.06,
            548.43,
            354.51,
            396.73,
            362.97,
            363.31,
            448.92,
            364.22,
            410.2,
            337.2,
            544.32,
            460.15,
            519.29,
            322.41,
            440.93,
            362.41,
            576.63,
            356.26,
            345.62,
            348.24,
            429.64,
            405.93,
            null,
            449.59,
            451.27,
            523.6,
            411.65
        ],
        [
            550.64,
            450.98,
            347.13,
            480.68,
            357.7,
            456.91,
            489.51,
            347.34,
            336.32,
            565.19,
            347.06,
            360.37,
            320.78,
            420.26,
            390.0,
            516.32,
            567.46,
            459.91,
            380.86,
            533.01,
            514.95,
            369.98,
            387.71,
            386.37,
            394.51,
            440.66,
            null,
            363.04,
            528.8,
            350.33
        ],
        [
            501.07,
            538.69,
            382.2,
            529.72,
            385.51,
            427.77,
            353.82,
            446.72,
            500.3,
            574.73,
            437.88,
            455.07,
            524.68,
            357.26,
            520.67,
            509.86,
            328.06,
            535.22,
            540.03,
            401.53,
            412.68,
            407.09,
            439.36,
            376.8,
            327.55,
            422.84,
            556.96,
            null,
            506.33,
            574.25
        ],
        [
            507.68,
            539.0,
            430.32,
            447.92,
            320.79,
            394.67,
            546.9,
            355.0,
            386.29,
            526.02,
            394.21,
            332.98,
            463.07,
            542.33,
            470.52,
            325.34,
            370.12,
            554.93,
            367.9,
            398.72,
            555.26,
            560.85,
            483.23,
            473.69,
            424.13,
            554.25,
            382.65,
            522.47,
            null,
            489.12
        ],
        [
            487.38,
            456.5,
            346.22,
            485.96,
            564.32,
            513.21,
            381.63,
            561.23,
            453.44,
            460.6,
            552.04,
            329.6,
            515.93,
            483.31,
            540.83,
            321.18,
            547.89,
            478.89,
            445.53,
            361.29,
            413.13,
            545.54,
            578.21,
            420.71,
            485.2,
            560.27,
            468.32,
            458.04,
            364.95,
            null
        ]
    ],
    "tempos_processamento": [
        2180.66,
        2420.98,
        2136.78,
        5310.07,
        4557.67,
        5883.33,
        6057.72,
        2383.76,
        6960.12,
        2512.1,
        3340.92,
        3868.51,
        5803.62,
        2101.26,
        6540.24,
        6959.68,
        6216.58,
        4985.96,
        2660.17,
        5472.0,
        6977.12,
        4532.51,
        5249.2,
        2514.84,
        4511.35,
        4736.8,
        6339.82,
        5133.62,
        6876.97,
        1861.28
    ],
    "ready_times": [
        7307.06,
        2064.84,
        4457.51,
        6805.58,
        5111.63,
        5417.41,
        9362.25,
        3017.08,
        1736.0,
        7998.37,
        8926.83,
        1490.59,
        3897.55,
        4072.02,
        8219.05,
        8044.55,
        9259.15,
        1849.74,
        5661.94,
        0.0,
        8104.38,
        8438.19,
        8245.83,
        3774.18,
        6190.85,
        2233.49,
        7252.45,
        1839.8,
        1285.98,
        1462.48
    ]
}