{
    "configuracao": {
        "codigo_cenario": "HHHHHHL",
        "nivel_ready_time": "alta",
        "variabilidade_processamento": "alta",
        "media_processamento": "alta",
        "estrutura_setup": "assimetrica",
        "variabilidade_setup": "alta",
        "n_maquinas": 10,
        "n_medio_jobs_maquina": 3,
        "n_jobs": 30
    },
    "matriz_setup": [
        [
            null,
            570.32,
            506.53,
            566.11,
            474.39,
            557.49,
            525.39,
            465.42,
            334.67,
            538.35,
            374.73,
            366.29,
            416.47,
            469.96,
            382.42,
            341.71,
            545.49,
            378.2,
            386.03,
            410.74,
            518.94,
            528.52,
            351.78,
            363.2,
            345.06,
            552.68,
            392.96,
            567.76,
            501.51,
            455.75
        ],
        [
            494.76,
            null,
            433.01,
            375.85,
            368.92,
            382.07,
            494.78,
            552.39,
            524.49,
            492.95,
            534.41,
            403.33,
            370.47,
            371.65,
            396.51,
            555.12,
            554.26,
            432.9,
            425.55,
            322.56,
            550.51,
            350.89,
            518.22,
            343.77,
            571.31,
            463.04,
            439.7,
            491.93,
            410.66,
            452.52
        ],
        [
            414.35,
            526.16,
            null,
            544.12,
            490.99,
            487.46,
            383.1,
            578.92,
            386.62,
            362.88,
            577.4,
            327.41,
            560.96,
            479.84,
            410.87,
            344.88,
            458.92,
            547.3,
            486.92,
            560.41,
            357.04,
            456.27,
            350.86,
            404.66,
            558.93,
            564.33,
            436.15,
            548.92,
            579.75,
            555.91
        ],
        [
            386.8,
            364.18,
            359.09,
            null,
            530.03,
            551.07,
            332.82,
            464.83,
            492.46,
            540.95,
            476.87,
            481.52,
            397.49,
            333.96,
            367.78,
            451.17,
            571.21,
            479.3,
            556.4,
            443.63,
            420.11,
            388.92,
            386.9,
            466.33,
            330.15,
            450.14,
            524.02,
            355.82,
            447.77,
            463.09
        ],
        [
            322.99,
            565.67,
            416.33,
            527.23,
            null,
            405.5,
            428.21,
            494.68,
            467.78,
            485.91,
            333.11,
            440.15,
            550.07,
            501.45,
            331.31,
            364.4,
            495.47,
            505.09,
            418.83,
            367.87,
            403.66,
            346.01,
            551.0,
            530.12,
            495.39,
            410.55,
            572.43,
            323.52,
            337.71,
            568.89
        ],
        [
            381.91,
            384.56,
            533.27,
            333.65,
            560.0,
            null,
            377.61,
            377.45,
            543.25,
            444.27,
            543.14,
            576.26,
            558.22,
            389.54,
            457.66,
            484.04,
            366.6,
            365.71,
            526.96,
            426.91,
            454.07,
            398.42,
            405.08,
            548.05,
            455.02,
            469.74,
            369.74,
            463.53,
            506.03,
            526.7
        ],
        [
            472.2,
            533.58,
            443.39,
            328.44,
            465.94,
            364.45,
            null,
            519.56,
            422.8,
            575.14,
            459.03,
            343.57,
            353.88,
            496.41,
            414.52,
            379.33,
            448.76,
            485.03,
            433.9,
            361.33,
            491.25,
            456.06,
            552.0,
            343.07,
            425.04,
            340.47,
            390.1,
            377.92,
            511.1,
            577.91
        ],
        [
            363.04,
            342.84,
            407.76,
            558.27,
            444.74,
            415.2,
            500.33,
            null,
            367.91,
            502.75,
            443.36,
            455.5,
            388.35,
            360.11,
            487.13,
            513.95,
            520.69,
            502.51,
            524.75,
            439.42,
            523.48,
            375.91,
            480.28,
            381.75,
            495.05,
            503.86,
            461.14,
            370.74,
            443.69,
            540.8
        ],
        [
            334.28,
            468.98,
            382.48,
            360.05,
            554.51,
            363.34,
            327.86,
            331.92,
            null,
            392.27,
            320.76,
            528.25,
            487.93,
            401.21,
            447.89,
            412.58,
            518.52,
            534.18,
            488.01,
            377.93,
            562.45,
            574.18,
            437.58,
            400.49,
            524.84,
            363.66,
            567.43,
            554.08,
            461.66,
            345.46
        ],
        [
            548.51,
            385.31,
            504.32,
            567.83,
            369.09,
            427.17,
            423.82,
            462.18,
            475.07,
            null,
            488.73,
            475.81,
            566.8,
            496.45,
            328.59,
            382.83,
            447.5,
            404.94,
            557.06,
            350.52,
            575.14,
            515.48,
            419.19,
            428.31,
            337.51,
            411.22,
            374.33,
            379.12,
            479.48,
            502.8
        ],
        [
            456.69,
            545.22,
            541.63,
            544.6,
            518.45,
            349.86,
            568.7,
            480.06,
            575.78,
            497.67,
            null,
            404.65,
            574.04,
            330.41,
            381.9,
            516.51,
            571.8,
            446.09,
            562.28,
            453.62,
            460.45,
            555.77,
            389.84,
            432.26,
            354.78,
            578.94,
            469.89,
            503.87,
            577.88,
            356.21
        ],
        [
            381.93,
            495.0,
            446.85,
            415.25,
            339.27,
            452.4,
            383.11,
            532.28,
            532.27,
            362.53,
            550.06,
            null,
            428.31,
            323.64,
            359.68,
            564.57,
            479.35,
            503.72,
            384.09,
            475.88,
            347.1,
            476.68,
            431.35,
            410.92,
            529.42,
            472.23,
            350.51,
            520.87,
            547.13,
            447.33
        ],
        [
            377.4,
            391.97,
            329.94,
            495.22,
            377.69,
            399.23,
            474.4,
            349.9,
            356.44,
            445.76,
            370.62,
            525.29,
            null,
            567.26,
            356.35,
            389.33,
            343.34,
            387.87,
            475.17,
            381.88,
            400.85,
            453.02,
            545.15,
            544.07,
            463.1,
            417.8,
            342.79,
            428.53,
            501.78,
            546.29
        ],
        [
            465.44,
            533.19,
            573.37,
            321.0,
            328.89,
            376.18,
            481.25,
            442.73,
            338.75,
            421.02,
            540.18,
            435.08,
            519.3,
            null,
            477.43,
            468.01,
            347.73,
            574.53,
            419.6,
            467.25,
            372.4,
            424.51,
            374.23,
            382.41,
            383.43,
            440.48,
            565.45,
            497.27,
            386.19,
            498.6
        ],
        [
            537.22,
            397.37,
            432.33,
            559.98,
            483.68,
            505.64,
            474.25,
            455.22,
            503.67,
            454.15,
            541.86,
            432.66,
            502.31,
            453.49,
            null,
            424.71,
            553.23,
            393.43,
            574.86,
            375.26,
            542.13,
            380.79,
            350.85,
            443.6,
            320.54,
            384.86,
            440.25,
            557.67,
            566.52,
            529.95
        ],
        [
            515.56,
            422.92,
            568.87,
            446.28,
            510.55,
            524.72,
            542.08,
            457.11,
            566.44,
            389.38,
            360.24,
            511.33,
            351.05,
            576.91,
            509.78,
            null,
            510.21,
            379.09,
            436.63,
            447.82,
            472.76,
            469.59,
            533.51,
            458.98,
            426.09,
            430.61,
            534.1,
            395.27,
            326.73,
            398.54
        ],
        [
            573.76,
            495.8,
            498.15,
            356.86,
            398.98,
            544.22,
            349.31,
            469.06,
            473.05,
            399.59,
            573.07,
            534.13,
            511.95,
            399.06,
            541.49,
            455.3,
            null,
            340.42,
            508.5,
            525.85,
            394.79,
            407.34,
            376.69,
            528.77,
            549.2,
            544.07,
            377.35,
            409.18,
            335.91,
            406.33
        ],
        [
            526.11,
            512.96,
            453.5,
            492.83,
            469.28,
            360.08,
            421.65,
            362.79,
            391.97,
            376.2,
            525.22,
            414.24,
            472.8,
            483.21,
            411.2,
            482.05,
            482.21,
            null,
            539.31,
            343.93,
            558.06,
            534.78,
            377.57,
            522.37,
            577.49,
            444.6,
            450.61,
            546.82,
            458.02,
            479.71
        ],
        [
            395.73,
            463.6,
            497.26,
            547.52,
            355.1,
            539.51,
            399.4,
            455.02,
            325.08,
            377.73,
            444.23,
            477.96,
            453.39,
            452.92,
            428.15,
            556.94,
            485.78,
            448.06,
            null,
            488.48,
            371.94,
            343.16,
            373.6,
            557.04,
            350.36,
            424.2,
            345.15,
            519.21,
            560.29,
            336.45
        ],
        [
            567.01,
            528.83,
            408.49,
            563.21,
            353.37,
            324.72,
            448.69,
            567.85,
            346.97,
            552.09,
            354.32,
            326.32,
            386.72,
            548.84,
            541.59,
            410.02,
            328.92,
            343.89,
            548.31,
            null,
            471.72,
            567.0,
            395.27,
            523.61,
            326.15,
            535.41,
            505.3,
            359.1,
            488.78,
            351.44
        ],
        [
            481.45,
            530.57,
            355.07,
            377.86,
            383.48,
            361.89,
            414.92,
            499.88,
            321.89,
            498.34,
            435.57,
            439.61,
            497.9,
            471.01,
            563.58,
            415.49,
            437.61,
            398.48,
            327.39,
            499.86,
            null,
            512.21,
            467.0,
            340.76,
            368.56,
            375.68,
            422.72,
            541.81,
            433.24,
            328.94
        ],
        [
            565.29,
            551.73,
            387.32,
            498.67,
            503.44,
            326.06,
            380.9,
            488.61,
            394.83,
            469.86,
            353.88,
            401.96,
            543.56,
            373.05,
            361.51,
            444.2,
            439.1,
            474.51,
            374.05,
            503.15,
            500.67,
            null,
            532.36,
            563.36,
            426.88,
            490.48,
            436.38,
            506.2,
            505.42,
            417.79
        ],
        [
            572.69,
            473.31,
            530.76,
            348.24,
            552.44,
            493.14,
            388.46,
            344.02,
            379.73,
            393.92,
            391.21,
            369.34,
            460.38,
            545.33,
            460.73,
            345.57,
            330.69,
            427.43,
            456.3,
            508.15,
            528.03,
            398.95,
            null,
            498.38,
            475.25,
            326.04,
            520.38,
            412.35,
            333.67,
            443.87
        ],
        [
            405.2,
            440.72,
            576.88,
            555.6,
            350.09,
            563.72,
            488.78,
            364.81,
            498.9,
            536.08,
            566.19,
            481.58,
            492.16,
            447.43,
            437.96,
            507.3,
            539.2,
            537.23,
            507.42,
            362.28,
            446.28,
            544.08,
            397.13,
            null,
            355.77,
            551.5,
            531.33,
            576.34,
            445.09,
            404.75
        ],
        [
            548.06,
            377.47,
            337.68,
            455.21,
            327.81,
            409.13,
            379.47,
            549.3,
            570.42,
            498.97,
            351.15,
            395.99,
            359.69,
            330.02,
            483.17,
            387.59,
            528.17,
            576.98,
            365.7,
            501.15,
            404.93,
            355.07,
            410.16,
            436.49,
            null,
            340.71,
            421.78,
            468.86,
            354.09,
            352.83
        ],
        [
            374.77,
            564.25,
            573.44,
            430.7,
            567.16,
            333.25,
            370.81,
            562.03,
            424.83,
            545.46,
            353.23,
            560.25,
            441.01,
            445.82,
            565.87,
            396.01,
            451.59,
            428.03,
            415.74,
            453.31,
            472.71,
            562.43,
            525.12,
            463.07,
            389.16,
            null,
            560.43,
            424.06,
            464.65,
            404.63
        ],
        [
            377.96,
            507.43,
            476.39,
            387.71,
            572.3,
            459.36,
            328.98,
            544.4,
            572.2,
            435.42,
            552.87,
            473.38,
            511.48,
            513.19,
            558.69,
            566.33,
            352.68,
            409.32,
            452.1,
            514.7,
            444.58,
            341.5,
            533.23,
            433.96,
            521.39,
            483.01,
            null,
            424.2,
            434.75,
            551.31
        ],
        [
            517.07,
            401.04,
            516.36,
            367.93,
            531.12,
            535.48,
            556.89,
            521.41,
            381.07,
            551.19,
            456.16,
            414.06,
            545.37,
            497.07,
            414.45,
            435.96,
            554.02,
            495.43,
            371.05,
            411.09,
            377.72,
            536.51,
            353.26,
            428.83,
            541.58,
            414.22,
            499.65,
            null,
            400.92,
            440.56
        ],
        [
            452.95,
            538.5,
            555.15,
            532.3,
            566.89,
            428.68,
            386.4,
            421.51,
            389.89,
            520.23,
            376.71,
            322.48,
            403.01,
            400.75,
            576.76,
            443.84,
            407.79,
            524.33,
            560.86,
            370.47,
            499.15,
            495.97,
            466.87,
            338.7,
            406.47,
            369.55,
            439.65,
            329.64,
            null,
            364.54
        ],
        [
            496.01,
            557.64,
            508.48,
            558.84,
            504.4,
            440.73,
            484.94,
            548.4,
            399.43,
            472.25,
            422.79,
            559.89,
            430.82,
            538.99,
            551.6,
            576.16,
            543.66,
            447.0,
            362.24,
            322.88,
            340.14,
            474.48,
            350.33,
            397.59,
            372.35,
            496.17,
            353.63,
            355.32,
            479.83,
            null
        ]
    ],
    "tempos_processamento": [
        6034.91,
        5983.85,
        4415.48,
        4920.03,
        6113.99,
        2738.34,
        5372.88,
        5654.93,
        6103.47,
        2406.46,
        3275.89,
        2930.01,
        2646.56,
        3670.29,
        2522.89,
        6172.83,
        3052.54,
        5395.89,
        5882.02,
        4472.87,
        3872.8,
        5687.67,
        4430.69,
        7027.33,
        6812.98,
        2253.95,
        4617.08,
        6587.84,
        6432.06,
        3943.56
    ],
    "ready_times": [
        7964.33,
        7180.8,
        7452.2,
        8440.28,
        4613.88,
        6485.28,
        7410.92,
        1780.82,
        7090.93,
        7944.61,
        8151.94,
        2397.07,
        302.69,
        3286.68,
        4679.43,
        3457.94,
        2684.25,
        5761.27,
        1459.74,
        7668.61,
        72.31,
        1991.12,
        8744.74,
        4388.33,
        1679.73,
        0.0,
        6932.6,
        8276.55,
        4561.6,
        285.56
    ]
}