{
    "configuracao": {
        "codigo_cenario": "HHHHHHL",
        "nivel_ready_time": "alta",
        "variabilidade_processamento": "alta",
        "media_processamento": "alta",
        "estrutura_setup": "assimetrica",
        "variabilidade_setup": "alta",
        "n_maquinas": 10,
        "n_medio_jobs_maquina": 3,
        "n_jobs": 30
    },
    "matriz_setup": [
        [
            null,
            576.73,
            461.61,
            553.73,
            437.09,
            386.35,
            451.31,
            470.97,
            513.36,
            323.48,
            529.82,
            387.06,
            577.69,
            455.95,
            504.31,
            342.56,
            478.61,
            491.51,
            438.86,
            429.49,
            385.63,
            326.07,
            425.3,
            360.89,
            454.41,
            347.64,
            564.91,
            453.64,
            541.15,
            523.45
        ],
        [
            333.18,
            null,
            402.27,
            523.44,
            373.0,
            379.26,
            444.86,
            485.09,
            397.92,
            486.15,
            418.54,
            321.4,
            372.77,
            544.89,
            357.42,
            412.97,
            340.68,
            515.28,
            532.74,
            510.73,
            560.53,
            517.39,
            389.52,
            531.38,
            399.39,
            373.02,
            372.38,
            515.02,
            350.44,
            576.92
        ],
        [
            452.85,
            385.84,
            null,
            472.09,
            534.01,
            557.18,
            507.2,
            481.19,
            416.93,
            551.97,
            344.5,
            349.99,
            358.82,
            442.91,
            380.14,
            568.41,
            380.62,
            464.02,
            359.31,
            573.47,
            562.91,
            358.98,
            575.01,
            389.27,
            461.55,
            325.5,
            543.41,
            344.87,
            399.74,
            366.76
        ],
        [
            488.97,
            566.94,
            333.1,
            null,
            573.03,
            394.73,
            536.76,
            349.07,
            444.58,
            344.86,
            480.3,
            505.18,
            382.52,
            416.33,
            530.58,
            325.78,
            455.34,
            370.32,
            451.23,
            574.97,
            334.42,
            398.58,
            481.63,
            342.05,
            487.01,
            330.02,
            456.87,
            554.72,
            521.78,
            508.23
        ],
        [
            331.54,
            502.73,
            527.95,
            334.44,
            null,
            323.99,
            485.94,
            459.22,
            373.06,
            560.86,
            543.43,
            471.14,
            535.87,
            343.1,
            485.38,
            324.5,
            517.57,
            526.36,
            430.08,
            509.82,
            520.21,
            337.56,
            442.35,
            332.59,
            519.03,
            513.27,
            526.03,
            554.58,
            323.96,
            537.19
        ],
        [
            542.29,
            340.6,
            447.07,
            421.83,
            569.83,
            null,
            425.43,
            320.92,
            484.22,
            412.21,
            363.75,
            362.37,
            512.14,
            573.92,
            561.38,
            563.05,
            396.53,
            489.67,
            432.95,
            482.84,
            384.05,
            477.3,
            394.74,
            353.52,
            487.87,
            320.98,
            321.66,
            516.02,
            445.33,
            393.65
        ],
        [
            471.56,
            506.06,
            510.12,
            322.83,
            394.8,
            442.95,
            null,
            377.07,
            484.61,
            512.94,
            568.42,
            486.4,
            566.57,
            372.21,
            368.04,
            561.79,
            494.69,
            574.34,
            351.25,
            552.14,
            518.21,
            414.77,
            527.23,
            418.76,
            456.83,
            451.93,
            434.61,
            370.02,
            340.37,
            429.46
        ],
        [
            574.88,
            402.67,
            351.5,
            512.7,
            534.46,
            333.61,
            423.46,
            null,
            569.44,
            482.59,
            433.25,
            574.56,
            440.03,
            577.87,
            355.86,
            413.82,
            489.02,
            509.03,
            514.65,
            375.67,
            407.21,
            469.29,
            484.71,
            483.25,
            493.2,
            346.62,
            530.09,
            397.97,
            336.37,
            453.18
        ],
        [
            546.52,
            526.95,
            376.73,
            460.54,
            324.69,
            526.25,
            499.51,
            340.59,
            null,
            498.12,
            320.78,
            503.24,
            438.76,
            481.34,
            426.22,
            572.27,
            486.84,
            495.55,
            375.29,
            507.26,
            555.29,
            572.21,
            469.47,
            397.28,
            363.28,
            482.15,
            439.38,
            479.3,
            571.43,
            533.72
        ],
        [
            440.31,
            507.54,
            344.41,
            461.11,
            405.87,
            367.49,
            426.52,
            343.03,
            525.47,
            null,
            453.18,
            502.91,
            578.04,
            492.63,
            571.48,
            401.85,
            406.64,
            391.41,
            335.38,
            464.73,
            425.94,
            423.78,
            510.44,
            353.04,
            459.27,
            474.15,
            504.16,
            328.76,
            454.88,
            445.11
        ],
        [
            385.75,
            343.9,
            407.59,
            409.55,
            379.91,
            401.67,
            353.81,
            336.71,
            510.73,
            347.41,
            null,
            386.14,
            573.77,
            449.0,
            524.9,
            411.84,
            563.98,
            487.55,
            504.11,
            349.75,
            543.19,
            539.19,
            504.31,
            448.1,
            372.76,
            505.4,
            479.55,
            335.7,
            383.12,
            378.11
        ],
        [
            369.85,
            535.54,
            329.27,
            512.57,
            418.59,
            471.46,
            579.9,
            364.5,
            461.99,
            457.8,
            439.35,
            null,
            427.35,
            423.18,
            511.48,
            579.34,
            493.28,
            500.03,
            325.61,
            505.12,
            470.21,
            331.17,
            547.09,
            347.2,
            327.99,
            412.51,
            539.96,
            485.08,
            399.7,
            426.93
        ],
        [
            474.69,
            536.68,
            564.24,
            371.81,
            334.95,
            439.39,
            543.42,
            437.14,
            462.3,
            448.51,
            433.53,
            516.83,
            null,
            561.62,
            403.08,
            322.45,
            473.96,
            566.67,
            326.83,
            504.71,
            549.86,
            397.22,
            321.68,
            325.9,
            466.24,
            323.44,
            438.22,
            482.97,
            495.4,
            395.23
        ],
        [
            391.92,
            422.23,
            428.34,
            406.64,
            433.32,
            365.26,
            418.08,
            425.37,
            516.1,
            575.23,
            345.27,
            549.61,
            497.99,
            null,
            427.9,
            472.17,
            383.52,
            556.45,
            491.2,
            325.37,
            456.18,
            390.85,
            474.48,
            470.99,
            546.68,
            363.35,
            579.74,
            383.32,
            390.09,
            444.55
        ],
        [
            427.85,
            382.35,
            567.65,
            362.17,
            528.41,
            559.3,
            362.89,
            427.21,
            569.15,
            359.15,
            515.16,
            329.07,
            333.32,
            575.86,
            null,
            547.24,
            535.78,
            560.81,
            352.55,
            447.14,
            476.56,
            385.22,
            559.58,
            410.49,
            466.73,
            344.07,
            330.52,
            348.98,
            419.63,
            503.9
        ],
        [
            414.22,
            359.81,
            460.97,
            366.51,
            430.71,
            452.83,
            451.24,
            419.21,
            337.52,
            576.67,
            552.49,
            394.32,
            511.06,
            354.11,
            474.08,
            null,
            368.02,
            359.22,
            372.49,
            401.89,
            399.66,
            374.77,
            528.07,
            338.49,
            450.96,
            439.98,
            395.76,
            338.16,
            461.33,
            520.63
        ],
        [
            495.3,
            410.05,
            538.53,
            333.86,
            424.45,
            487.53,
            356.39,
            537.61,
            430.85,
            444.97,
            547.57,
            384.34,
            345.5,
            476.19,
            381.09,
            449.12,
            null,
            417.79,
            510.85,
            373.78,
            492.34,
            440.59,
            341.28,
            395.99,
            464.12,
            403.26,
            330.9,
            573.83,
            393.81,
            464.3
        ],
        [
            429.96,
            429.04,
            407.22,
            328.58,
            471.45,
            434.99,
            501.04,
            522.4,
            447.34,
            441.84,
            553.1,
            511.46,
            401.32,
            446.62,
            567.74,
            399.95,
            395.87,
            null,
            446.59,
            340.46,
            426.42,
            418.12,
            442.53,
            517.8,
            327.54,
            430.12,
            472.54,
            452.65,
            452.75,
            481.97
        ],
        [
            578.8,
            459.74,
            426.82,
            503.23,
            497.05,
            564.59,
            458.6,
            413.79,
            555.31,
            529.24,
            547.05,
            464.0,
            571.74,
            573.01,
            394.17,
            348.42,
            483.22,
            503.84,
            null,
            551.34,
            474.85,
            420.73,
            412.84,
            555.73,
            391.36,
            502.54,
            515.3,
            450.33,
            477.07,
            380.54
        ],
        [
            385.18,
            356.96,
            428.05,
            462.2,
            443.75,
            491.64,
            456.49,
            549.77,
            322.86,
            412.7,
            466.7,
            332.53,
            421.2,
            343.89,
            397.3,
            496.66,
            416.17,
            386.88,
            330.62,
            null,
            572.7,
            435.69,
            472.25,
            367.55,
            441.56,
            553.49,
            566.52,
            420.11,
            333.01,
            545.79
        ],
        [
            495.4,
            466.4,
            568.75,
            492.15,
            450.72,
            563.85,
            465.92,
            576.71,
            425.28,
            413.62,
            355.61,
            439.53,
            351.52,
            340.93,
            578.19,
            327.14,
            325.6,
            509.26,
            379.81,
            547.89,
            null,
            558.69,
            467.8,
            442.24,
            508.05,
            366.06,
            513.6,
            424.25,
            498.52,
            360.81
        ],
        [
            508.29,
            477.31,
            525.36,
            437.6,
            352.67,
            524.44,
            417.98,
            436.72,
            561.94,
            468.24,
            439.28,
            408.27,
            534.1,
            549.77,
            428.13,
            505.05,
            466.58,
            534.73,
            352.25,
            513.91,
            484.77,
            null,
            392.05,
            543.92,
            482.85,
            401.09,
            338.47,
            472.99,
            448.91,
            556.57
        ],
        [
            485.02,
            520.8,
            535.89,
            396.6,
            554.6,
            344.44,
            390.99,
            350.26,
            364.43,
            522.19,
            576.02,
            451.88,
            488.59,
            555.6,
            554.4,
            340.91,
            346.58,
            554.73,
            402.22,
            455.99,
            429.52,
            443.11,
            null,
            345.16,
            387.38,
            436.84,
            572.09,
            492.96,
            511.07,
            373.55
        ],
        [
            465.44,
            510.8,
            346.97,
            556.83,
            519.36,
            514.11,
            368.57,
            389.34,
            519.29,
            467.13,
            554.12,
            501.18,
            488.48,
            524.8,
            390.32,
            547.36,
            434.87,
            364.86,
            351.81,
            513.98,
            407.96,
            521.31,
            566.11,
            null,
            517.55,
            411.32,
            347.95,
            426.52,
            481.69,
            326.1
        ],
        [
            474.71,
            578.89,
            364.95,
            359.86,
            550.73,
            510.28,
            531.86,
            502.37,
            515.83,
            577.34,
            515.95,
            549.76,
            536.2,
            484.72,
            388.09,
            403.0,
            370.82,
            355.5,
            382.65,
            486.63,
            554.11,
            449.99,
            372.85,
            339.57,
            null,
            471.14,
            565.65,
            432.88,
            457.61,
            376.19
        ],
        [
            468.61,
            544.04,
            351.45,
            476.95,
            363.24,
            421.9,
            554.9,
            478.9,
            394.02,
            438.87,
            405.3,
            492.45,
            469.35,
            463.01,
            346.74,
            511.89,
            362.01,
            510.2,
            438.78,
            542.47,
            550.67,
            421.24,
            517.27,
            518.07,
            459.02,
            null,
            467.57,
            382.4,
            470.43,
            545.36
        ],
        [
            531.05,
            324.3,
            531.94,
            448.26,
            432.61,
            374.82,
            374.79,
            384.98,
            521.33,
            528.28,
            358.26,
            429.83,
            571.7,
            537.64,
            399.58,
            500.5,
            454.99,
            461.92,
            375.84,
            356.62,
            542.92,
            402.19,
            463.46,
            432.82,
            373.96,
            386.72,
            null,
            485.99,
            498.74,
            424.73
        ],
        [
            388.47,
            371.69,
            404.91,
            579.21,
            385.42,
            575.1,
            467.09,
            562.64,
            524.8,
            386.33,
            334.5,
            477.29,
            503.26,
            358.09,
            402.17,
            551.57,
            445.74,
            376.66,
            346.59,
            349.12,
            478.44,
            322.45,
            577.4,
            339.94,
            485.01,
            373.47,
            555.84,
            null,
            513.12,
            388.62
        ],
        [
            375.77,
            373.75,
            457.5,
            400.15,
            530.6,
            343.81,
            505.58,
            504.04,
            425.76,
            407.41,
            556.55,
            334.96,
            531.38,
            445.99,
            450.92,
            323.94,
            470.18,
            489.17,
            397.94,
            390.73,
            540.94,
            373.84,
            412.54,
            490.86,
            400.38,
            356.79,
            441.96,
            495.94,
            null,
            343.28
        ],
        [
            336.57,
            568.13,
            372.81,
            346.19,
            569.97,
            562.5,
            348.68,
            334.91,
            458.28,
            393.9,
            496.74,
            377.94,
            409.25,
            325.65,
            526.98,
            464.8,
            365.06,
            506.78,
            569.19,
            542.92,
            498.32,
            327.09,
            367.77,
            502.97,
            448.13,
            326.02,
            430.94,
            534.28,
            327.5,
            null
        ]
    ],
    "tempos_processamento": [
        2639.67,
        2636.37,
        2941.14,
        3127.99,
        3081.62,
        3094.02,
        1905.11,
        4534.79,
        2288.28,
        5465.11,
        3127.31,
        4391.32,
        2438.07,
        4784.04,
        6145.62,
        2121.94,
        2001.98,
        5964.44,
        2084.53,
        5329.66,
        2845.09,
        4503.89,
        5272.17,
        4226.98,
        3193.79,
        4284.34,
        3561.09,
        5897.87,
        4770.24,
        3856.43
    ],
    "ready_times": [
        15.25,
        595.4,
        3816.9,
        3842.83,
        4719.04,
        2082.93,
        2533.23,
        5390.58,
        7702.84,
        9006.21,
        4218.08,
        2452.9,
        164.18,
        7448.71,
        4720.61,
        8405.54,
        4017.0,
        1831.22,
        8534.26,
        529.84,
        8958.85,
        7537.44,
        8557.17,
        6814.04,
        2518.63,
        0.0,
        2613.28,
        478.38,
        5367.14,
        8702.34
    ]
}