{
    "configuracao": {
        "codigo_cenario": "HHHHHHL",
        "nivel_ready_time": "alta",
        "variabilidade_processamento": "alta",
        "media_processamento": "alta",
        "estrutura_setup": "assimetrica",
        "variabilidade_setup": "alta",
        "n_maquinas": 10,
        "n_medio_jobs_maquina": 3,
        "n_jobs": 30
    },
    "matriz_setup": [
        [
            null,
            494.16,
            440.25,
            335.46,
            571.12,
            369.96,
            530.48,
            362.53,
            460.26,
            566.37,
            404.68,
            571.48,
            492.38,
            392.01,
            349.07,
            407.17,
            336.39,
            387.89,
            573.39,
            543.13,
            536.05,
            452.23,
            338.04,
            375.26,
            518.21,
            481.14,
            431.01,
            514.38,
            341.92,
            448.83
        ],
        [
            572.97,
            null,
            384.82,
            337.41,
            327.11,
            571.45,
            355.71,
            422.68,
            440.36,
            497.93,
            442.35,
            334.1,
            577.11,
            505.93,
            537.87,
            432.15,
            572.6,
            391.97,
            335.34,
            336.29,
            351.23,
            564.89,
            400.91,
            477.27,
            327.98,
            576.97,
            450.65,
            424.6,
            437.93,
            329.02
        ],
        [
            536.43,
            556.92,
            null,
            416.28,
            497.16,
            390.75,
            406.17,
            510.67,
            431.53,
            397.86,
            498.0,
            476.5,
            563.23,
            536.98,
            563.97,
            498.84,
            396.14,
            457.84,
            323.62,
            548.57,
            439.81,
            433.41,
            360.25,
            384.75,
            353.83,
            384.02,
            354.42,
            428.03,
            556.04,
            469.57
        ],
        [
            564.34,
            379.09,
            470.85,
            null,
            483.51,
            426.44,
            347.55,
            509.13,
            345.12,
            481.26,
            505.9,
            512.71,
            483.13,
            330.99,
            325.04,
            525.86,
            440.05,
            521.92,
            549.26,
            382.01,
            538.77,
            395.9,
            344.06,
            495.55,
            571.63,
            491.53,
            378.0,
            369.74,
            394.02,
            463.97
        ],
        [
            353.04,
            536.31,
            575.43,
            435.22,
            null,
            528.78,
            435.87,
            515.22,
            401.49,
            391.41,
            536.49,
            472.51,
            386.41,
            382.21,
            548.65,
            449.32,
            543.7,
            507.34,
            340.27,
            373.73,
            457.54,
            471.2,
            550.71,
            461.93,
            545.78,
            536.11,
            550.35,
            507.96,
            564.58,
            389.14
        ],
        [
            364.06,
            569.6,
            408.44,
            573.77,
            323.63,
            null,
            502.62,
            477.07,
            538.75,
            325.17,
            388.12,
            396.01,
            440.76,
            541.96,
            456.09,
            438.74,
            429.04,
            556.81,
            565.5,
            554.31,
            503.47,
            416.18,
            388.95,
            420.76,
            464.48,
            347.28,
            448.21,
            575.04,
            411.2,
            356.81
        ],
        [
            569.99,
            528.21,
            562.87,
            479.06,
            346.62,
            391.57,
            null,
            578.12,
            341.23,
            366.27,
            482.23,
            359.01,
            575.09,
            477.55,
            568.95,
            490.28,
            457.37,
            460.32,
            549.91,
            448.09,
            547.41,
            579.12,
            579.74,
            547.28,
            481.17,
            423.12,
            529.3,
            361.73,
            328.83,
            452.3
        ],
        [
            434.48,
            392.95,
            360.83,
            458.58,
            511.45,
            535.01,
            576.85,
            null,
            574.33,
            567.2,
            373.38,
            418.22,
            550.63,
            522.41,
            503.77,
            397.81,
            365.78,
            425.54,
            487.6,
            559.13,
            407.43,
            516.39,
            320.25,
            561.71,
            365.27,
            548.63,
            339.92,
            376.27,
            533.48,
            488.48
        ],
        [
            348.2,
            346.28,
            441.55,
            558.16,
            573.69,
            360.67,
            394.72,
            513.59,
            null,
            490.49,
            443.2,
            389.97,
            421.09,
            546.31,
            333.47,
            394.11,
            572.81,
            419.76,
            380.74,
            411.85,
            572.55,
            446.29,
            374.48,
            512.38,
            419.48,
            380.19,
            449.49,
            546.49,
            426.76,
            344.25
        ],
        [
            405.49,
            489.71,
            369.66,
            418.74,
            463.26,
            557.32,
            478.45,
            494.79,
            424.94,
            null,
            524.43,
            484.82,
            560.5,
            324.7,
            382.61,
            410.89,
            489.96,
            412.76,
            504.65,
            339.61,
            518.66,
            445.57,
            501.36,
            516.17,
            423.25,
            515.38,
            381.17,
            484.58,
            351.18,
            452.33
        ],
        [
            456.09,
            431.85,
            404.49,
            407.55,
            548.77,
            429.18,
            578.66,
            373.11,
            518.56,
            538.3,
            null,
            328.41,
            466.3,
            578.15,
            570.31,
            535.08,
            425.27,
            339.57,
            383.66,
            549.27,
            386.1,
            489.98,
            541.57,
            460.4,
            540.14,
            454.75,
            456.91,
            550.86,
            484.99,
            343.61
        ],
        [
            455.92,
            345.26,
            527.48,
            354.18,
            418.28,
            390.1,
            435.21,
            453.95,
            461.59,
            362.12,
            459.73,
            null,
            500.43,
            347.86,
            565.08,
            548.76,
            371.76,
            474.74,
            421.79,
            558.32,
            537.44,
            572.17,
            528.04,
            522.74,
            442.01,
            489.07,
            567.42,
            331.03,
            391.57,
            523.7
        ],
        [
            440.37,
            324.04,
            441.54,
            460.39,
            477.82,
            402.88,
            382.69,
            512.0,
            448.45,
            358.89,
            498.72,
            450.51,
            null,
            373.09,
            420.08,
            477.64,
            396.96,
            570.14,
            523.04,
            376.08,
            458.82,
            522.08,
            350.19,
            377.38,
            436.9,
            444.66,
            467.83,
            330.77,
            375.49,
            423.29
        ],
        [
            529.0,
            415.36,
            347.13,
            376.35,
            520.89,
            549.36,
            324.29,
            452.36,
            448.19,
            392.03,
            520.33,
            368.93,
            552.42,
            null,
            503.35,
            478.64,
            413.08,
            436.14,
            320.41,
            370.11,
            379.66,
            469.81,
            423.39,
            445.32,
            448.08,
            457.25,
            518.28,
            390.6,
            478.88,
            338.37
        ],
        [
            445.6,
            391.59,
            344.73,
            439.43,
            383.77,
            396.88,
            541.29,
            469.32,
            545.68,
            506.29,
            375.13,
            508.43,
            331.4,
            362.35,
            null,
            451.5,
            436.06,
            556.82,
            388.1,
            361.47,
            458.53,
            477.15,
            427.12,
            334.34,
            472.98,
            414.05,
            483.2,
            499.28,
            406.9,
            575.42
        ],
        [
            543.45,
            447.61,
            455.41,
            455.08,
            431.56,
            371.85,
            489.34,
            496.34,
            446.32,
            451.58,
            494.33,
            508.79,
            404.46,
            368.1,
            533.72,
            null,
            479.66,
            401.01,
            572.61,
            425.11,
            448.28,
            548.82,
            327.96,
            428.59,
            502.43,
            435.59,
            567.16,
            418.96,
            567.53,
            357.56
        ],
        [
            513.07,
            324.14,
            443.68,
            397.66,
            544.38,
            556.24,
            334.77,
            440.91,
            571.42,
            321.11,
            466.48,
            333.27,
            414.39,
            374.13,
            455.35,
            570.88,
            null,
            340.72,
            497.19,
            380.28,
            554.5,
            399.43,
            495.46,
            375.16,
            379.96,
            562.13,
            563.77,
            524.55,
            373.04,
            450.59
        ],
        [
            577.39,
            391.5,
            473.27,
            546.7,
            475.67,
            432.71,
            327.36,
            546.08,
            526.95,
            405.33,
            321.58,
            526.72,
            473.34,
            351.3,
            321.45,
            346.67,
            565.86,
            null,
            454.81,
            502.6,
            560.19,
            475.76,
            427.81,
            528.49,
            543.34,
            561.36,
            448.09,
            493.6,
            434.92,
            324.78
        ],
        [
            493.32,
            546.18,
            566.42,
            501.16,
            441.48,
            329.39,
            553.5,
            415.36,
            385.48,
            515.15,
            500.88,
            368.79,
            452.45,
            518.46,
            349.89,
            457.51,
            533.5,
            328.9,
            null,
            465.08,
            363.1,
            416.33,
            569.01,
            432.82,
            414.92,
            503.89,
            478.07,
            332.69,
            355.99,
            541.53
        ],
        [
            351.5,
            365.52,
            576.57,
            472.62,
            441.27,
            430.78,
            539.77,
            502.91,
            457.86,
            404.59,
            536.69,
            545.19,
            413.73,
            342.99,
            510.56,
            467.17,
            364.51,
            354.51,
            532.8,
            null,
            557.53,
            413.73,
            496.05,
            374.35,
            562.27,
            458.02,
            482.9,
            339.86,
            547.08,
            560.72
        ],
        [
            563.14,
            337.02,
            337.65,
            426.01,
            426.57,
            362.8,
            545.47,
            403.23,
            554.46,
            335.14,
            469.46,
            471.89,
            480.14,
            521.58,
            537.27,
            329.14,
            469.29,
            424.79,
            415.7,
            489.72,
            null,
            420.08,
            342.91,
            427.84,
            465.94,
            434.34,
            426.63,
            340.62,
            384.41,
            452.56
        ],
        [
            369.83,
            535.29,
            351.49,
            517.75,
            513.17,
            459.72,
            438.3,
            508.57,
            483.77,
            503.63,
            480.01,
            368.86,
            512.85,
            403.11,
            418.89,
            500.32,
            509.44,
            562.11,
            573.86,
            487.08,
            409.35,
            null,
            450.88,
            569.2,
            353.76,
            375.67,
            345.06,
            399.91,
            471.53,
            387.64
        ],
        [
            574.49,
            369.46,
            392.4,
            457.81,
            337.42,
            488.04,
            455.5,
            400.86,
            565.69,
            576.65,
            533.84,
            429.03,
            533.01,
            468.79,
            321.52,
            377.53,
            332.37,
            530.84,
            477.41,
            463.76,
            528.25,
            559.07,
            null,
            347.05,
            452.1,
            476.35,
            325.72,
            559.43,
            438.24,
            556.72
        ],
        [
            498.66,
            459.97,
            340.25,
            456.62,
            509.88,
            542.18,
            532.41,
            541.18,
            492.27,
            443.91,
            498.02,
            502.87,
            557.76,
            576.66,
            323.61,
            342.61,
            353.81,
            561.99,
            337.5,
            535.52,
            564.18,
            477.33,
            418.6,
            null,
            325.25,
            502.13,
            413.7,
            326.38,
            558.42,
            449.02
        ],
        [
            345.89,
            405.01,
            434.83,
            566.05,
            484.28,
            466.19,
            399.27,
            496.12,
            487.68,
            575.9,
            459.08,
            457.62,
            461.41,
            373.59,
            500.16,
            437.84,
            573.97,
            514.08,
            443.8,
            423.14,
            538.55,
            508.04,
            376.09,
            342.06,
            null,
            455.47,
            439.14,
            567.89,
            450.57,
            573.31
        ],
        [
            504.41,
            560.36,
            449.87,
            558.99,
            369.55,
            362.36,
            388.35,
            391.19,
            356.99,
            397.94,
            538.08,
            474.07,
            579.66,
            554.52,
            478.45,
            499.09,
            544.23,
            330.68,
            571.99,
            399.19,
            406.89,
            355.15,
            498.68,
            430.78,
            526.89,
            null,
            361.99,
            553.67,
            573.96,
            432.43
        ],
        [
            572.3,
            454.36,
            422.74,
            575.88,
            455.92,
            414.6,
            390.46,
            368.29,
            371.56,
            524.45,
            473.33,
            560.8,
            489.34,
            494.77,
            394.44,
            502.46,
            467.66,
            442.44,
            450.79,
            428.8,
            325.14,
            452.76,
            433.44,
            354.08,
            397.19,
            506.92,
            null,
            366.01,
            422.22,
            458.26
        ],
        [
            379.16,
            454.43,
            427.95,
            489.84,
            515.41,
            573.51,
            359.24,
            477.98,
            380.34,
            541.5,
            489.95,
            327.97,
            514.04,
            522.7,
            381.01,
            574.74,
            394.04,
            373.83,
            532.31,
            432.69,
            534.08,
            359.27,
            523.28,
            444.5,
            556.34,
            357.38,
            578.34,
            null,
            365.78,
            560.31
        ],
        [
            437.6,
            407.52,
            465.13,
            427.56,
            417.56,
            382.53,
            325.21,
            340.31,
            337.66,
            351.15,
            346.86,
            357.97,
            543.75,
            401.45,
            498.95,
            393.04,
            434.28,
            452.15,
            500.44,
            518.35,
            442.14,
            493.37,
            401.39,
            382.27,
            379.9,
            561.64,
            445.59,
            451.86,
            null,
            351.15
        ],
        [
            422.7,
            360.79,
            535.2,
            506.04,
            372.82,
            440.65,
            515.52,
            345.45,
            377.37,
            558.72,
            388.04,
            505.17,
            568.02,
            524.67,
            353.85,
            398.88,
            381.47,
            558.78,
            574.33,
            470.01,
            503.05,
            512.27,
            424.03,
            440.68,
            402.13,
            343.53,
            339.95,
            364.29,
            419.38,
            null
        ]
    ],
    "tempos_processamento": [
        2146.65,
        6007.91,
        6752.78,
        5962.79,
        2991.6,
        4937.91,
        3160.14,
        4717.32,
        2593.28,
        4296.76,
        2374.91,
        4406.59,
        5974.58,
        4368.45,
        4047.07,
        3270.95,
        1867.85,
        7080.03,
        3662.08,
        2369.65,
        2879.08,
        3236.26,
        6917.19,
        1889.22,
        4363.1,
        3584.19,
        2577.12,
        5665.13,
        2126.48,
        3618.99
    ],
    "ready_times": [
        5662.21,
        4282.59,
        209.83,
        6492.52,
        6052.04,
        5376.3,
        706.2,
        0.0,
        4804.92,
        7609.0,
        529.37,
        6306.67,
        1927.29,
        8465.71,
        4737.53,
        6995.79,
        2643.24,
        4290.11,
        3487.18,
        3951.42,
        9328.6,
        8504.32,
        341.68,
        8381.73,
        8671.77,
        9369.57,
        1827.19,
        368.73,
        5238.22,
        4228.6
    ]
}