{
    "configuracao": {
        "codigo_cenario": "HHHLLLH",
        "nivel_ready_time": "alta",
        "variabilidade_processamento": "alta",
        "media_processamento": "alta",
        "estrutura_setup": "simetrica",
        "variabilidade_setup": "baixa",
        "n_maquinas": 2,
        "n_medio_jobs_maquina": 10,
        "n_jobs": 20
    },
    "matriz_setup": [
        [
            null,
            453.41,
            402.86,
            457.01,
            480.34,
            409.24,
            433.87,
            440.69,
            394.27,
            405.95,
            407.58,
            407.03,
            458.46,
            388.05,
            426.48,
            469.7,
            479.93,
            448.58,
            457.45,
            446.32
        ],
        [
            453.41,
            null,
            430.75,
            451.25,
            477.1,
            459.44,
            492.88,
            475.28,
            394.8,
            421.6,
            507.15,
            465.9,
            396.91,
            407.84,
            479.49,
            474.11,
            464.79,
            436.78,
            429.16,
            429.28
        ],
        [
            402.86,
            430.75,
            null,
            398.67,
            461.61,
            434.76,
            404.3,
            488.11,
            408.66,
            391.58,
            441.91,
            490.05,
            431.19,
            402.13,
            400.25,
            512.64,
            408.64,
            478.84,
            503.15,
            414.25
        ],
        [
            457.01,
            451.25,
            398.67,
            null,
            439.61,
            493.52,
            429.15,
            398.64,
            444.25,
            479.03,
            489.42,
            469.52,
            503.83,
            509.17,
            402.92,
            485.39,
            478.17,
            421.95,
            413.01,
            484.04
        ],
        [
            480.34,
            477.1,
            461.61,
            439.61,
            null,
            419.44,
            442.65,
            406.93,
            472.47,
            492.43,
            470.07,
            397.31,
            460.21,
            406.25,
            509.52,
            426.79,
            428.53,
            448.05,
            427.03,
            463.48
        ],
        [
            409.24,
            459.44,
            434.76,
            493.52,
            419.44,
            null,
            440.09,
            491.31,
            443.33,
            455.13,
            488.46,
            414.04,
            466.65,
            419.43,
            422.37,
            453.56,
            507.44,
            480.31,
            415.91,
            459.52
        ],
        [
            433.87,
            492.88,
            404.3,
            429.15,
            442.65,
            440.09,
            null,
            413.66,
            486.51,
            486.15,
            495.08,
            494.54,
            420.53,
            398.33,
            508.89,
            415.39,
            435.55,
            497.95,
            394.33,
            513.65
        ],
        [
            440.69,
            475.28,
            488.11,
            398.64,
            406.93,
            491.31,
            413.66,
            null,
            474.7,
            386.24,
            413.79,
            507.44,
            484.96,
            503.88,
            458.98,
            419.56,
            494.5,
            483.19,
            415.91,
            451.72
        ],
        [
            394.27,
            394.8,
            408.66,
            444.25,
            472.47,
            443.33,
            486.51,
            474.7,
            null,
            462.02,
            410.66,
            458.6,
            481.47,
            396.32,
            391.9,
            478.09,
            444.74,
            484.86,
            411.63,
            447.94
        ],
        [
            405.95,
            421.6,
            391.58,
            479.03,
            492.43,
            455.13,
            486.15,
            386.24,
            462.02,
            null,
            504.99,
            452.32,
            433.33,
            406.84,
            412.75,
            393.89,
            507.91,
            447.88,
            482.34,
            399.99
        ],
        [
            407.58,
            507.15,
            441.91,
            489.42,
            470.07,
            488.46,
            495.08,
            413.79,
            410.66,
            504.99,
            null,
            446.81,
            495.15,
            400.42,
            386.78,
            397.86,
            486.18,
            391.66,
            507.39,
            388.64
        ],
        [
            407.03,
            465.9,
            490.05,
            469.52,
            397.31,
            414.04,
            494.54,
            507.44,
            458.6,
            452.32,
            446.81,
            null,
            444.78,
            492.97,
            403.99,
            412.58,
            396.09,
            503.37,
            440.95,
            398.68
        ],
        [
            458.46,
            396.91,
            431.19,
            503.83,
            460.21,
            466.65,
            420.53,
            484.96,
            481.47,
            433.33,
            495.15,
            444.78,
            null,
            399.81,
            475.05,
            492.13,
            408.69,
            496.26,
            440.36,
            449.76
        ],
        [
            388.05,
            407.84,
            402.13,
            509.17,
            406.25,
            419.43,
            398.33,
            503.88,
            396.32,
            406.84,
            400.42,
            492.97,
            399.81,
            null,
            511.36,
            453.57,
            394.63,
            495.14,
            436.69,
            454.67
        ],
        [
            426.48,
            479.49,
            400.25,
            402.92,
            509.52,
            422.37,
            508.89,
            458.98,
            391.9,
            412.75,
            386.78,
            403.99,
            475.05,
            511.36,
            null,
            409.21,
            404.04,
            508.48,
            474.38,
            492.9
        ],
        [
            469.7,
            474.11,
            512.64,
            485.39,
            426.79,
            453.56,
            415.39,
            419.56,
            478.09,
            393.89,
            397.86,
            412.58,
            492.13,
            453.57,
            409.21,
            null,
            388.96,
            385.43,
            421.01,
            432.97
        ],
        [
            479.93,
            464.79,
            408.64,
            478.17,
            428.53,
            507.44,
            435.55,
            494.5,
            444.74,
            507.91,
            486.18,
            396.09,
            408.69,
            394.63,
            404.04,
            388.96,
            null,
            474.49,
            399.43,
            416.7
        ],
        [
            448.58,
            436.78,
            478.84,
            421.95,
            448.05,
            480.31,
            497.95,
            483.19,
            484.86,
            447.88,
            391.66,
            503.37,
            496.26,
            495.14,
            508.48,
            385.43,
            474.49,
            null,
            477.2,
            445.58
        ],
        [
            457.45,
            429.16,
            503.15,
            413.01,
            427.03,
            415.91,
            394.33,
            415.91,
            411.63,
            482.34,
            507.39,
            440.95,
            440.36,
            436.69,
            474.38,
            421.01,
            399.43,
            477.2,
            null,
            481.85
        ],
        [
            446.32,
            429.28,
            414.25,
            484.04,
            463.48,
            459.52,
            513.65,
            451.72,
            447.94,
            399.99,
            388.64,
            398.68,
            449.76,
            454.67,
            492.9,
            432.97,
            416.7,
            445.58,
            481.85,
            null
        ]
    ],
    "tempos_processamento": [
        6149.29,
        6161.67,
        2676.96,
        5701.0,
        6292.4,
        2099.62,
        2622.78,
        2297.96,
        5952.76,
        4179.24,
        5257.49,
        7063.65,
        6198.22,
        6146.27,
        6529.75,
        5874.56,
        6807.63,
        6685.69,
        3415.75,
        2074.9
    ],
    "ready_times": [
        28725.79,
        30000.95,
        43861.05,
        31381.28,
        37404.0,
        42208.12,
        31052.86,
        42772.4,
        19911.1,
        18202.97,
        18808.4,
        18719.41,
        18040.81,
        24666.98,
        37912.86,
        8581.27,
        0.0,
        15930.62,
        41944.74,
        14323.53
    ]
}