{
    "configuracao": {
        "codigo_cenario": "HHHLLLH",
        "nivel_ready_time": "alta",
        "variabilidade_processamento": "alta",
        "media_processamento": "alta",
        "estrutura_setup": "simetrica",
        "variabilidade_setup": "baixa",
        "n_maquinas": 2,
        "n_medio_jobs_maquina": 10,
        "n_jobs": 20
    },
    "matriz_setup": [
        [
            null,
            460.69,
            511.61,
            504.69,
            493.26,
            494.16,
            440.73,
            431.7,
            473.55,
            393.86,
            471.16,
            470.07,
            501.76,
            388.86,
            484.94,
            416.54,
            448.25,
            449.05,
            470.36,
            389.22
        ],
        [
            460.69,
            null,
            429.84,
            470.67,
            410.45,
            461.61,
            483.32,
            408.54,
            478.82,
            397.81,
            477.24,
            508.61,
            407.76,
            506.11,
            463.85,
            497.04,
            423.37,
            511.44,
            462.86,
            402.86
        ],
        [
            511.61,
            429.84,
            null,
            393.75,
            448.85,
            483.82,
            487.23,
            445.54,
            387.35,
            424.1,
            474.89,
            447.74,
            433.93,
            394.5,
            419.24,
            392.7,
            444.86,
            463.1,
            481.02,
            402.07
        ],
        [
            504.69,
            470.67,
            393.75,
            null,
            458.8,
            467.43,
            499.46,
            401.16,
            385.51,
            480.49,
            476.05,
            460.29,
            514.61,
            455.41,
            491.51,
            496.17,
            483.83,
            476.92,
            513.49,
            421.92
        ],
        [
            493.26,
            410.45,
            448.85,
            458.8,
            null,
            409.42,
            499.24,
            474.73,
            423.27,
            472.62,
            393.12,
            475.71,
            494.35,
            396.93,
            504.59,
            400.59,
            405.47,
            404.64,
            513.45,
            478.3
        ],
        [
            494.16,
            461.61,
            483.82,
            467.43,
            409.42,
            null,
            487.17,
            401.43,
            385.65,
            510.92,
            396.83,
            469.5,
            397.63,
            453.1,
            501.53,
            460.25,
            392.75,
            514.03,
            511.58,
            398.09
        ],
        [
            440.73,
            483.32,
            487.23,
            499.46,
            499.24,
            487.17,
            null,
            464.21,
            464.73,
            493.02,
            416.21,
            458.4,
            507.29,
            435.61,
            481.56,
            402.57,
            396.22,
            497.53,
            503.83,
            441.1
        ],
        [
            431.7,
            408.54,
            445.54,
            401.16,
            474.73,
            401.43,
            464.21,
            null,
            464.55,
            493.14,
            387.44,
            490.96,
            506.78,
            456.66,
            385.64,
            385.82,
            511.99,
            393.19,
            405.65,
            507.56
        ],
        [
            473.55,
            478.82,
            387.35,
            385.51,
            423.27,
            385.65,
            464.73,
            464.55,
            null,
            490.46,
            511.7,
            421.19,
            406.24,
            494.43,
            469.81,
            410.37,
            390.33,
            476.2,
            470.09,
            424.02
        ],
        [
            393.86,
            397.81,
            424.1,
            480.49,
            472.62,
            510.92,
            493.02,
            493.14,
            490.46,
            null,
            434.69,
            467.64,
            456.22,
            435.55,
            443.0,
            445.01,
            433.81,
            435.35,
            453.46,
            504.5
        ],
        [
            471.16,
            477.24,
            474.89,
            476.05,
            393.12,
            396.83,
            416.21,
            387.44,
            511.7,
            434.69,
            null,
            504.27,
            483.4,
            472.14,
            396.2,
            430.68,
            480.77,
            493.13,
            422.57,
            488.97
        ],
        [
            470.07,
            508.61,
            447.74,
            460.29,
            475.71,
            469.5,
            458.4,
            490.96,
            421.19,
            467.64,
            504.27,
            null,
            389.2,
            432.36,
            509.9,
            445.99,
            506.1,
            461.21,
            477.25,
            456.02
        ],
        [
            501.76,
            407.76,
            433.93,
            514.61,
            494.35,
            397.63,
            507.29,
            506.78,
            406.24,
            456.22,
            483.4,
            389.2,
            null,
            397.68,
            456.03,
            510.62,
            415.39,
            455.47,
            465.34,
            491.25
        ],
        [
            388.86,
            506.11,
            394.5,
            455.41,
            396.93,
            453.1,
            435.61,
            456.66,
            494.43,
            435.55,
            472.14,
            432.36,
            397.68,
            null,
            496.56,
            500.46,
            512.99,
            480.44,
            475.84,
            451.6
        ],
        [
            484.94,
            463.85,
            419.24,
            491.51,
            504.59,
            501.53,
            481.56,
            385.64,
            469.81,
            443.0,
            396.2,
            509.9,
            456.03,
            496.56,
            null,
            409.09,
            509.42,
            465.91,
            486.16,
            394.0
        ],
        [
            416.54,
            497.04,
            392.7,
            496.17,
            400.59,
            460.25,
            402.57,
            385.82,
            410.37,
            445.01,
            430.68,
            445.99,
            510.62,
            500.46,
            409.09,
            null,
            430.85,
            411.76,
            423.47,
            452.35
        ],
        [
            448.25,
            423.37,
            444.86,
            483.83,
            405.47,
            392.75,
            396.22,
            511.99,
            390.33,
            433.81,
            480.77,
            506.1,
            415.39,
            512.99,
            509.42,
            430.85,
            null,
            410.73,
            473.1,
            487.16
        ],
        [
            449.05,
            511.44,
            463.1,
            476.92,
            404.64,
            514.03,
            497.53,
            393.19,
            476.2,
            435.35,
            493.13,
            461.21,
            455.47,
            480.44,
            465.91,
            411.76,
            410.73,
            null,
            385.11,
            482.42
        ],
        [
            470.36,
            462.86,
            481.02,
            513.49,
            513.45,
            511.58,
            503.83,
            405.65,
            470.09,
            453.46,
            422.57,
            477.25,
            465.34,
            475.84,
            486.16,
            423.47,
            473.1,
            385.11,
            null,
            442.18
        ],
        [
            389.22,
            402.86,
            402.07,
            421.92,
            478.3,
            398.09,
            441.1,
            507.56,
            424.02,
            504.5,
            488.97,
            456.02,
            491.25,
            451.6,
            394.0,
            452.35,
            487.16,
            482.42,
            442.18,
            null
        ]
    ],
    "tempos_processamento": [
        5777.36,
        3429.51,
        5782.2,
        4173.12,
        5959.69,
        6415.54,
        5014.75,
        6206.8,
        2306.22,
        4552.6,
        5976.28,
        4457.04,
        2031.8,
        6994.99,
        6705.84,
        3684.98,
        7182.3,
        3153.72,
        5949.19,
        3562.14
    ],
    "ready_times": [
        16151.49,
        8003.44,
        34706.02,
        20074.62,
        41934.52,
        24291.67,
        2547.25,
        12938.16,
        2779.54,
        16282.85,
        12974.23,
        30831.82,
        0.0,
        3836.92,
        5388.01,
        22741.53,
        154.81,
        10171.57,
        28349.53,
        12474.31
    ]
}