{
    "configuracao": {
        "codigo_cenario": "HHHLLLH",
        "nivel_ready_time": "alta",
        "variabilidade_processamento": "alta",
        "media_processamento": "alta",
        "estrutura_setup": "simetrica",
        "variabilidade_setup": "baixa",
        "n_maquinas": 2,
        "n_medio_jobs_maquina": 10,
        "n_jobs": 20
    },
    "matriz_setup": [
        [
            null,
            485.14,
            418.67,
            446.85,
            408.27,
            507.53,
            459.61,
            431.4,
            418.61,
            484.22,
            497.26,
            501.17,
            474.75,
            389.08,
            472.21,
            511.19,
            463.45,
            462.24,
            500.62,
            468.23
        ],
        [
            485.14,
            null,
            439.4,
            424.13,
            444.93,
            396.01,
            416.79,
            416.63,
            460.78,
            439.36,
            400.68,
            468.46,
            499.61,
            464.84,
            494.02,
            470.91,
            509.25,
            493.21,
            500.62,
            475.95
        ],
        [
            418.67,
            439.4,
            null,
            490.9,
            394.54,
            496.37,
            410.01,
            396.46,
            489.86,
            510.72,
            480.76,
            442.96,
            413.16,
            510.83,
            417.3,
            440.03,
            412.91,
            504.44,
            411.0,
            461.24
        ],
        [
            446.85,
            424.13,
            490.9,
            null,
            469.38,
            402.87,
            404.53,
            444.83,
            470.41,
            460.28,
            417.47,
            499.39,
            407.75,
            484.95,
            407.87,
            422.99,
            488.52,
            421.41,
            446.24,
            423.73
        ],
        [
            408.27,
            444.93,
            394.54,
            469.38,
            null,
            448.38,
            442.36,
            471.43,
            423.68,
            404.11,
            451.38,
            501.13,
            427.91,
            424.83,
            399.57,
            507.38,
            466.65,
            436.89,
            445.7,
            450.89
        ],
        [
            507.53,
            396.01,
            496.37,
            402.87,
            448.38,
            null,
            480.85,
            492.02,
            432.07,
            505.0,
            393.52,
            418.08,
            462.08,
            464.58,
            409.18,
            504.59,
            389.9,
            484.39,
            423.38,
            443.93
        ],
        [
            459.61,
            416.79,
            410.01,
            404.53,
            442.36,
            480.85,
            null,
            487.1,
            402.29,
            420.16,
            394.26,
            487.91,
            415.91,
            449.89,
            482.61,
            405.27,
            508.51,
            435.52,
            465.05,
            465.84
        ],
        [
            431.4,
            416.63,
            396.46,
            444.83,
            471.43,
            492.02,
            487.1,
            null,
            479.99,
            429.63,
            412.03,
            503.53,
            496.06,
            483.64,
            444.39,
            496.79,
            497.67,
            495.48,
            411.04,
            505.75
        ],
        [
            418.61,
            460.78,
            489.86,
            470.41,
            423.68,
            432.07,
            402.29,
            479.99,
            null,
            511.87,
            422.65,
            474.89,
            409.81,
            441.68,
            486.06,
            503.54,
            432.15,
            474.09,
            467.63,
            450.89
        ],
        [
            484.22,
            439.36,
            510.72,
            460.28,
            404.11,
            505.0,
            420.16,
            429.63,
            511.87,
            null,
            483.96,
            479.43,
            445.3,
            402.32,
            471.12,
            411.24,
            435.83,
            394.36,
            387.79,
            444.62
        ],
        [
            497.26,
            400.68,
            480.76,
            417.47,
            451.38,
            393.52,
            394.26,
            412.03,
            422.65,
            483.96,
            null,
            468.81,
            481.57,
            505.68,
            388.32,
            411.37,
            483.13,
            507.95,
            459.43,
            431.89
        ],
        [
            501.17,
            468.46,
            442.96,
            499.39,
            501.13,
            418.08,
            487.91,
            503.53,
            474.89,
            479.43,
            468.81,
            null,
            459.16,
            421.02,
            477.14,
            456.33,
            410.7,
            454.17,
            438.04,
            460.13
        ],
        [
            474.75,
            499.61,
            413.16,
            407.75,
            427.91,
            462.08,
            415.91,
            496.06,
            409.81,
            445.3,
            481.57,
            459.16,
            null,
            400.98,
            480.06,
            448.24,
            402.84,
            474.73,
            396.48,
            490.0
        ],
        [
            389.08,
            464.84,
            510.83,
            484.95,
            424.83,
            464.58,
            449.89,
            483.64,
            441.68,
            402.32,
            505.68,
            421.02,
            400.98,
            null,
            498.54,
            484.1,
            457.01,
            479.75,
            401.84,
            466.32
        ],
        [
            472.21,
            494.02,
            417.3,
            407.87,
            399.57,
            409.18,
            482.61,
            444.39,
            486.06,
            471.12,
            388.32,
            477.14,
            480.06,
            498.54,
            null,
            483.79,
            498.44,
            433.23,
            504.82,
            458.02
        ],
        [
            511.19,
            470.91,
            440.03,
            422.99,
            507.38,
            504.59,
            405.27,
            496.79,
            503.54,
            411.24,
            411.37,
            456.33,
            448.24,
            484.1,
            483.79,
            null,
            495.95,
            399.69,
            445.55,
            485.55
        ],
        [
            463.45,
            509.25,
            412.91,
            488.52,
            466.65,
            389.9,
            508.51,
            497.67,
            432.15,
            435.83,
            483.13,
            410.7,
            402.84,
            457.01,
            498.44,
            495.95,
            null,
            430.57,
            471.1,
            513.96
        ],
        [
            462.24,
            493.21,
            504.44,
            421.41,
            436.89,
            484.39,
            435.52,
            495.48,
            474.09,
            394.36,
            507.95,
            454.17,
            474.73,
            479.75,
            433.23,
            399.69,
            430.57,
            null,
            435.5,
            499.72
        ],
        [
            500.62,
            500.62,
            411.0,
            446.24,
            445.7,
            423.38,
            465.05,
            411.04,
            467.63,
            387.79,
            459.43,
            438.04,
            396.48,
            401.84,
            504.82,
            445.55,
            471.1,
            435.5,
            null,
            437.88
        ],
        [
            468.23,
            475.95,
            461.24,
            423.73,
            450.89,
            443.93,
            465.84,
            505.75,
            450.89,
            444.62,
            431.89,
            460.13,
            490.0,
            466.32,
            458.02,
            485.55,
            513.96,
            499.72,
            437.88,
            null
        ]
    ],
    "tempos_processamento": [
        2384.26,
        7101.95,
        1809.77,
        3338.22,
        3041.76,
        3573.25,
        6964.67,
        6832.89,
        6726.88,
        5981.81,
        6609.19,
        5261.3,
        6861.93,
        4580.69,
        2368.65,
        4882.19,
        6887.72,
        3609.64,
        4118.29,
        7117.68
    ],
    "ready_times": [
        18138.94,
        21904.71,
        10838.52,
        26729.46,
        10992.92,
        36906.57,
        28625.93,
        13613.42,
        19337.45,
        26649.64,
        17771.97,
        37112.11,
        25275.83,
        10983.61,
        6706.86,
        24762.36,
        0.0,
        13082.73,
        6616.8,
        10647.77
    ]
}