{
    "configuracao": {
        "codigo_cenario": "HHHLLLH",
        "nivel_ready_time": "alta",
        "variabilidade_processamento": "alta",
        "media_processamento": "alta",
        "estrutura_setup": "simetrica",
        "variabilidade_setup": "baixa",
        "n_maquinas": 2,
        "n_medio_jobs_maquina": 10,
        "n_jobs": 20
    },
    "matriz_setup": [
        [
            null,
            465.16,
            478.79,
            475.47,
            401.28,
            470.2,
            506.1,
            513.22,
            390.42,
            496.91,
            461.9,
            511.32,
            454.88,
            500.24,
            448.78,
            414.37,
            415.55,
            503.05,
            488.05,
            414.89
        ],
        [
            465.16,
            null,
            499.43,
            394.53,
            475.61,
            477.12,
            487.6,
            476.27,
            511.74,
            500.62,
            487.88,
            464.41,
            465.21,
            508.86,
            401.86,
            512.18,
            498.19,
            506.79,
            478.08,
            461.11
        ],
        [
            478.79,
            499.43,
            null,
            416.9,
            421.53,
            435.4,
            397.24,
            388.45,
            386.7,
            438.97,
            501.4,
            390.44,
            480.87,
            486.15,
            465.53,
            413.19,
            390.21,
            481.66,
            510.52,
            404.84
        ],
        [
            475.47,
            394.53,
            416.9,
            null,
            496.76,
            390.85,
            418.2,
            389.72,
            450.7,
            464.0,
            481.43,
            388.67,
            479.55,
            431.39,
            499.25,
            505.94,
            400.35,
            459.94,
            440.2,
            385.28
        ],
        [
            401.28,
            475.61,
            421.53,
            496.76,
            null,
            411.33,
            496.59,
            489.68,
            443.81,
            492.66,
            481.08,
            458.99,
            405.47,
            478.11,
            483.31,
            504.73,
            441.06,
            415.42,
            405.26,
            400.38
        ],
        [
            470.2,
            477.12,
            435.4,
            390.85,
            411.33,
            null,
            402.99,
            433.9,
            487.81,
            420.48,
            457.92,
            387.32,
            441.97,
            415.0,
            430.91,
            467.19,
            394.2,
            511.56,
            506.9,
            448.79
        ],
        [
            506.1,
            487.6,
            397.24,
            418.2,
            496.59,
            402.99,
            null,
            441.65,
            413.05,
            509.87,
            481.47,
            480.78,
            414.69,
            438.82,
            480.16,
            396.18,
            496.2,
            487.49,
            429.09,
            399.98
        ],
        [
            513.22,
            476.27,
            388.45,
            389.72,
            489.68,
            433.9,
            441.65,
            null,
            421.92,
            401.42,
            512.39,
            420.02,
            420.58,
            512.95,
            397.09,
            506.41,
            493.66,
            423.62,
            442.24,
            506.68
        ],
        [
            390.42,
            511.74,
            386.7,
            450.7,
            443.81,
            487.81,
            413.05,
            421.92,
            null,
            441.22,
            494.93,
            410.32,
            447.72,
            423.75,
            387.82,
            458.77,
            482.79,
            409.17,
            430.2,
            465.96
        ],
        [
            496.91,
            500.62,
            438.97,
            464.0,
            492.66,
            420.48,
            509.87,
            401.42,
            441.22,
            null,
            478.62,
            478.34,
            490.03,
            422.92,
            389.24,
            435.29,
            422.51,
            464.15,
            482.4,
            440.78
        ],
        [
            461.9,
            487.88,
            501.4,
            481.43,
            481.08,
            457.92,
            481.47,
            512.39,
            494.93,
            478.62,
            null,
            494.13,
            493.12,
            408.76,
            453.57,
            397.86,
            450.06,
            453.07,
            467.86,
            495.89
        ],
        [
            511.32,
            464.41,
            390.44,
            388.67,
            458.99,
            387.32,
            480.78,
            420.02,
            410.32,
            478.34,
            494.13,
            null,
            471.12,
            442.72,
            481.57,
            431.83,
            430.65,
            417.06,
            421.07,
            455.68
        ],
        [
            454.88,
            465.21,
            480.87,
            479.55,
            405.47,
            441.97,
            414.69,
            420.58,
            447.72,
            490.03,
            493.12,
            471.12,
            null,
            390.32,
            400.48,
            411.14,
            439.91,
            473.78,
            495.22,
            468.0
        ],
        [
            500.24,
            508.86,
            486.15,
            431.39,
            478.11,
            415.0,
            438.82,
            512.95,
            423.75,
            422.92,
            408.76,
            442.72,
            390.32,
            null,
            487.47,
            388.39,
            486.67,
            455.37,
            513.96,
            432.72
        ],
        [
            448.78,
            401.86,
            465.53,
            499.25,
            483.31,
            430.91,
            480.16,
            397.09,
            387.82,
            389.24,
            453.57,
            481.57,
            400.48,
            487.47,
            null,
            418.38,
            407.37,
            499.57,
            426.76,
            463.62
        ],
        [
            414.37,
            512.18,
            413.19,
            505.94,
            504.73,
            467.19,
            396.18,
            506.41,
            458.77,
            435.29,
            397.86,
            431.83,
            411.14,
            388.39,
            418.38,
            null,
            393.11,
            408.41,
            494.05,
            457.45
        ],
        [
            415.55,
            498.19,
            390.21,
            400.35,
            441.06,
            394.2,
            496.2,
            493.66,
            482.79,
            422.51,
            450.06,
            430.65,
            439.91,
            486.67,
            407.37,
            393.11,
            null,
            421.34,
            492.54,
            417.61
        ],
        [
            503.05,
            506.79,
            481.66,
            459.94,
            415.42,
            511.56,
            487.49,
            423.62,
            409.17,
            464.15,
            453.07,
            417.06,
            473.78,
            455.37,
            499.57,
            408.41,
            421.34,
            null,
            479.07,
            433.39
        ],
        [
            488.05,
            478.08,
            510.52,
            440.2,
            405.26,
            506.9,
            429.09,
            442.24,
            430.2,
            482.4,
            467.86,
            421.07,
            495.22,
            513.96,
            426.76,
            494.05,
            492.54,
            479.07,
            null,
            427.0
        ],
        [
            414.89,
            461.11,
            404.84,
            385.28,
            400.38,
            448.79,
            399.98,
            506.68,
            465.96,
            440.78,
            495.89,
            455.68,
            468.0,
            432.72,
            463.62,
            457.45,
            417.61,
            433.39,
            427.0,
            null
        ]
    ],
    "tempos_processamento": [
        4470.13,
        5618.87,
        5284.38,
        4903.04,
        2823.7,
        4216.91,
        2637.05,
        5638.7,
        3003.94,
        3113.87,
        2588.18,
        4390.85,
        1826.83,
        2161.1,
        1851.9,
        6687.41,
        6848.4,
        5607.07,
        2695.64,
        6780.85
    ],
    "ready_times": [
        25922.57,
        40251.97,
        1805.24,
        6091.45,
        11083.4,
        23516.43,
        4583.68,
        37010.08,
        1049.49,
        9075.84,
        20768.59,
        11934.07,
        2917.11,
        20159.07,
        0.0,
        20471.86,
        36740.41,
        36038.18,
        12831.22,
        31165.04
    ]
}