{
    "configuracao": {
        "codigo_cenario": "HHHLLLH",
        "nivel_ready_time": "alta",
        "variabilidade_processamento": "alta",
        "media_processamento": "alta",
        "estrutura_setup": "simetrica",
        "variabilidade_setup": "baixa",
        "n_maquinas": 2,
        "n_medio_jobs_maquina": 10,
        "n_jobs": 20
    },
    "matriz_setup": [
        [
            null,
            477.0,
            416.08,
            454.95,
            387.24,
            508.02,
            448.69,
            453.27,
            458.58,
            445.31,
            472.29,
            441.97,
            501.93,
            441.06,
            441.0,
            421.55,
            418.29,
            496.77,
            467.02,
            438.89
        ],
        [
            477.0,
            null,
            493.0,
            468.24,
            430.05,
            398.21,
            441.91,
            505.9,
            477.37,
            388.67,
            439.98,
            436.79,
            461.72,
            478.62,
            415.76,
            466.41,
            459.88,
            409.63,
            403.87,
            467.25
        ],
        [
            416.08,
            493.0,
            null,
            399.24,
            407.16,
            409.21,
            486.62,
            492.28,
            477.34,
            422.57,
            474.02,
            407.52,
            472.89,
            435.89,
            481.45,
            483.14,
            427.49,
            512.86,
            396.92,
            459.1
        ],
        [
            454.95,
            468.24,
            399.24,
            null,
            496.75,
            456.71,
            443.62,
            500.78,
            443.83,
            507.53,
            462.95,
            402.74,
            418.11,
            425.25,
            391.86,
            508.49,
            456.31,
            482.1,
            514.52,
            464.33
        ],
        [
            387.24,
            430.05,
            407.16,
            496.75,
            null,
            425.52,
            513.94,
            404.99,
            430.06,
            486.5,
            431.62,
            413.31,
            402.24,
            391.25,
            512.68,
            484.43,
            457.02,
            446.72,
            505.89,
            417.42
        ],
        [
            508.02,
            398.21,
            409.21,
            456.71,
            425.52,
            null,
            438.62,
            447.07,
            483.19,
            439.44,
            465.89,
            414.73,
            417.56,
            486.1,
            477.94,
            395.03,
            480.46,
            390.35,
            406.03,
            491.27
        ],
        [
            448.69,
            441.91,
            486.62,
            443.62,
            513.94,
            438.62,
            null,
            388.27,
            422.04,
            427.61,
            417.27,
            437.53,
            458.65,
            415.21,
            422.08,
            406.05,
            417.76,
            491.15,
            390.0,
            474.52
        ],
        [
            453.27,
            505.9,
            492.28,
            500.78,
            404.99,
            447.07,
            388.27,
            null,
            502.02,
            447.97,
            459.55,
            500.05,
            445.86,
            440.03,
            414.6,
            465.31,
            492.61,
            468.55,
            426.0,
            506.63
        ],
        [
            458.58,
            477.37,
            477.34,
            443.83,
            430.06,
            483.19,
            422.04,
            502.02,
            null,
            476.16,
            389.52,
            460.87,
            430.16,
            483.3,
            480.09,
            399.75,
            495.33,
            449.29,
            422.99,
            500.43
        ],
        [
            445.31,
            388.67,
            422.57,
            507.53,
            486.5,
            439.44,
            427.61,
            447.97,
            476.16,
            null,
            459.5,
            454.75,
            465.47,
            435.24,
            495.59,
            480.5,
            476.22,
            427.05,
            496.53,
            424.59
        ],
        [
            472.29,
            439.98,
            474.02,
            462.95,
            431.62,
            465.89,
            417.27,
            459.55,
            389.52,
            459.5,
            null,
            495.89,
            399.39,
            402.48,
            483.33,
            501.69,
            497.93,
            447.89,
            389.16,
            472.47
        ],
        [
            441.97,
            436.79,
            407.52,
            402.74,
            413.31,
            414.73,
            437.53,
            500.05,
            460.87,
            454.75,
            495.89,
            null,
            508.18,
            406.33,
            431.65,
            471.32,
            489.84,
            457.05,
            409.38,
            493.94
        ],
        [
            501.93,
            461.72,
            472.89,
            418.11,
            402.24,
            417.56,
            458.65,
            445.86,
            430.16,
            465.47,
            399.39,
            508.18,
            null,
            414.58,
            510.86,
            397.26,
            404.89,
            455.26,
            419.61,
            412.07
        ],
        [
            441.06,
            478.62,
            435.89,
            425.25,
            391.25,
            486.1,
            415.21,
            440.03,
            483.3,
            435.24,
            402.48,
            406.33,
            414.58,
            null,
            453.26,
            415.22,
            459.01,
            420.11,
            509.05,
            423.8
        ],
        [
            441.0,
            415.76,
            481.45,
            391.86,
            512.68,
            477.94,
            422.08,
            414.6,
            480.09,
            495.59,
            483.33,
            431.65,
            510.86,
            453.26,
            null,
            408.23,
            422.59,
            413.88,
            420.42,
            493.68
        ],
        [
            421.55,
            466.41,
            483.14,
            508.49,
            484.43,
            395.03,
            406.05,
            465.31,
            399.75,
            480.5,
            501.69,
            471.32,
            397.26,
            415.22,
            408.23,
            null,
            418.67,
            451.53,
            450.7,
            462.59
        ],
        [
            418.29,
            459.88,
            427.49,
            456.31,
            457.02,
            480.46,
            417.76,
            492.61,
            495.33,
            476.22,
            497.93,
            489.84,
            404.89,
            459.01,
            422.59,
            418.67,
            null,
            496.27,
            459.77,
            406.23
        ],
        [
            496.77,
            409.63,
            512.86,
            482.1,
            446.72,
            390.35,
            491.15,
            468.55,
            449.29,
            427.05,
            447.89,
            457.05,
            455.26,
            420.11,
            413.88,
            451.53,
            496.27,
            null,
            407.95,
            483.2
        ],
        [
            467.02,
            403.87,
            396.92,
            514.52,
            505.89,
            406.03,
            390.0,
            426.0,
            422.99,
            496.53,
            389.16,
            409.38,
            419.61,
            509.05,
            420.42,
            450.7,
            459.77,
            407.95,
            null,
            415.98
        ],
        [
            438.89,
            467.25,
            459.1,
            464.33,
            417.42,
            491.27,
            474.52,
            506.63,
            500.43,
            424.59,
            472.47,
            493.94,
            412.07,
            423.8,
            493.68,
            462.59,
            406.23,
            483.2,
            415.98,
            null
        ]
    ],
    "tempos_processamento": [
        5095.49,
        4651.94,
        3212.27,
        5493.58,
        2955.97,
        4014.27,
        5054.58,
        5869.69,
        6747.97,
        2601.21,
        3679.33,
        6330.98,
        1849.75,
        3010.25,
        4247.37,
        5476.45,
        6044.75,
        6189.92,
        5475.56,
        6299.35
    ],
    "ready_times": [
        37259.06,
        12326.53,
        3698.98,
        28609.79,
        12446.65,
        31717.09,
        40596.0,
        15689.07,
        42035.26,
        10974.94,
        4263.65,
        40101.97,
        0.0,
        34067.82,
        27138.6,
        30319.52,
        41390.41,
        28414.87,
        42711.34,
        10397.34
    ]
}