{
    "configuracao": {
        "codigo_cenario": "HHHLLLH",
        "nivel_ready_time": "alta",
        "variabilidade_processamento": "alta",
        "media_processamento": "alta",
        "estrutura_setup": "simetrica",
        "variabilidade_setup": "baixa",
        "n_maquinas": 2,
        "n_medio_jobs_maquina": 10,
        "n_jobs": 20
    },
    "matriz_setup": [
        [
            null,
            488.68,
            498.13,
            441.27,
            481.54,
            399.38,
            399.96,
            414.19,
            490.97,
            473.84,
            437.06,
            487.42,
            494.72,
            442.1,
            436.39,
            441.39,
            466.46,
            453.35,
            458.31,
            435.67
        ],
        [
            488.68,
            null,
            464.16,
            470.26,
            501.48,
            459.37,
            404.79,
            457.83,
            404.64,
            397.43,
            466.51,
            514.74,
            400.72,
            512.33,
            503.65,
            457.93,
            470.37,
            505.84,
            447.14,
            392.11
        ],
        [
            498.13,
            464.16,
            null,
            494.43,
            501.58,
            409.39,
            455.94,
            502.52,
            427.33,
            509.15,
            443.52,
            413.24,
            425.77,
            439.38,
            478.05,
            445.13,
            493.77,
            435.11,
            390.52,
            503.03
        ],
        [
            441.27,
            470.26,
            494.43,
            null,
            510.83,
            437.75,
            430.15,
            454.04,
            496.55,
            415.52,
            495.31,
            422.7,
            484.03,
            408.07,
            397.31,
            387.73,
            509.02,
            480.88,
            416.92,
            474.24
        ],
        [
            481.54,
            501.48,
            501.58,
            510.83,
            null,
            467.31,
            476.34,
            427.73,
            486.89,
            404.82,
            399.99,
            471.28,
            405.01,
            485.46,
            491.21,
            409.8,
            509.06,
            493.29,
            389.06,
            479.02
        ],
        [
            399.38,
            459.37,
            409.39,
            437.75,
            467.31,
            null,
            476.95,
            466.09,
            403.35,
            500.11,
            489.2,
            475.42,
            441.96,
            470.47,
            388.02,
            425.92,
            491.25,
            469.8,
            462.46,
            429.2
        ],
        [
            399.96,
            404.79,
            455.94,
            430.15,
            476.34,
            476.95,
            null,
            420.32,
            435.84,
            458.5,
            425.39,
            395.63,
            416.75,
            406.71,
            457.84,
            418.7,
            482.44,
            389.38,
            448.27,
            389.37
        ],
        [
            414.19,
            457.83,
            502.52,
            454.04,
            427.73,
            466.09,
            420.32,
            null,
            492.0,
            387.17,
            409.51,
            495.41,
            458.34,
            423.59,
            402.2,
            440.53,
            433.01,
            450.31,
            395.66,
            391.33
        ],
        [
            490.97,
            404.64,
            427.33,
            496.55,
            486.89,
            403.35,
            435.84,
            492.0,
            null,
            449.29,
            481.27,
            493.69,
            416.6,
            471.26,
            448.13,
            469.39,
            403.99,
            419.8,
            488.62,
            502.59
        ],
        [
            473.84,
            397.43,
            509.15,
            415.52,
            404.82,
            500.11,
            458.5,
            387.17,
            449.29,
            null,
            480.55,
            404.31,
            404.48,
            476.52,
            501.07,
            500.84,
            440.32,
            500.11,
            396.51,
            390.92
        ],
        [
            437.06,
            466.51,
            443.52,
            495.31,
            399.99,
            489.2,
            425.39,
            409.51,
            481.27,
            480.55,
            null,
            469.88,
            387.89,
            436.85,
            411.04,
            476.35,
            427.99,
            493.09,
            425.28,
            512.88
        ],
        [
            487.42,
            514.74,
            413.24,
            422.7,
            471.28,
            475.42,
            395.63,
            495.41,
            493.69,
            404.31,
            469.88,
            null,
            510.13,
            446.79,
            447.94,
            448.54,
            419.9,
            458.07,
            450.72,
            459.42
        ],
        [
            494.72,
            400.72,
            425.77,
            484.03,
            405.01,
            441.96,
            416.75,
            458.34,
            416.6,
            404.48,
            387.89,
            510.13,
            null,
            397.41,
            502.56,
            386.97,
            422.61,
            414.75,
            452.83,
            441.72
        ],
        [
            442.1,
            512.33,
            439.38,
            408.07,
            485.46,
            470.47,
            406.71,
            423.59,
            471.26,
            476.52,
            436.85,
            446.79,
            397.41,
            null,
            414.31,
            482.22,
            461.03,
            428.23,
            413.53,
            481.96
        ],
        [
            436.39,
            503.65,
            478.05,
            397.31,
            491.21,
            388.02,
            457.84,
            402.2,
            448.13,
            501.07,
            411.04,
            447.94,
            502.56,
            414.31,
            null,
            459.39,
            507.56,
            512.33,
            419.37,
            479.63
        ],
        [
            441.39,
            457.93,
            445.13,
            387.73,
            409.8,
            425.92,
            418.7,
            440.53,
            469.39,
            500.84,
            476.35,
            448.54,
            386.97,
            482.22,
            459.39,
            null,
            445.04,
            459.94,
            446.78,
            458.56
        ],
        [
            466.46,
            470.37,
            493.77,
            509.02,
            509.06,
            491.25,
            482.44,
            433.01,
            403.99,
            440.32,
            427.99,
            419.9,
            422.61,
            461.03,
            507.56,
            445.04,
            null,
            431.45,
            493.06,
            448.99
        ],
        [
            453.35,
            505.84,
            435.11,
            480.88,
            493.29,
            469.8,
            389.38,
            450.31,
            419.8,
            500.11,
            493.09,
            458.07,
            414.75,
            428.23,
            512.33,
            459.94,
            431.45,
            null,
            470.35,
            403.68
        ],
        [
            458.31,
            447.14,
            390.52,
            416.92,
            389.06,
            462.46,
            448.27,
            395.66,
            488.62,
            396.51,
            425.28,
            450.72,
            452.83,
            413.53,
            419.37,
            446.78,
            493.06,
            470.35,
            null,
            422.67
        ],
        [
            435.67,
            392.11,
            503.03,
            474.24,
            479.02,
            429.2,
            389.37,
            391.33,
            502.59,
            390.92,
            512.88,
            459.42,
            441.72,
            481.96,
            479.63,
            458.56,
            448.99,
            403.68,
            422.67,
            null
        ]
    ],
    "tempos_processamento": [
        5027.58,
        1921.61,
        6551.4,
        6315.79,
        5707.05,
        5373.41,
        3408.78,
        3550.11,
        6774.66,
        2410.24,
        3927.03,
        7170.36,
        4783.62,
        3617.54,
        5495.6,
        2220.01,
        5402.75,
        2326.01,
        2566.93,
        4238.07
    ],
    "ready_times": [
        33757.42,
        24858.34,
        19258.58,
        36545.39,
        32225.11,
        18805.79,
        6087.91,
        11906.19,
        36710.31,
        23242.81,
        21997.7,
        10303.2,
        11010.7,
        8516.74,
        38838.62,
        4130.12,
        12179.55,
        0.0,
        15176.75,
        6113.3
    ]
}