{
    "configuracao": {
        "codigo_cenario": "HHLLLHL",
        "nivel_ready_time": "alta",
        "variabilidade_processamento": "alta",
        "media_processamento": "baixa",
        "estrutura_setup": "simetrica",
        "variabilidade_setup": "baixa",
        "n_maquinas": 10,
        "n_medio_jobs_maquina": 3,
        "n_jobs": 30
    },
    "matriz_setup": [
        [
            null,
            480.53,
            418.55,
            434.56,
            473.34,
            418.99,
            468.61,
            458.07,
            511.99,
            406.74,
            490.22,
            463.63,
            423.21,
            412.28,
            482.04,
            502.28,
            453.5,
            481.14,
            457.98,
            494.75,
            419.39,
            402.94,
            464.67,
            404.24,
            431.22,
            400.63,
            454.77,
            482.39,
            461.62,
            468.63
        ],
        [
            480.53,
            null,
            453.24,
            459.1,
            461.58,
            439.04,
            420.14,
            466.72,
            412.77,
            471.29,
            452.93,
            411.57,
            486.05,
            440.45,
            421.59,
            437.08,
            469.27,
            390.45,
            405.36,
            506.55,
            440.35,
            393.68,
            473.86,
            415.69,
            431.75,
            509.21,
            420.98,
            414.29,
            416.42,
            446.06
        ],
        [
            418.55,
            453.24,
            null,
            498.39,
            413.66,
            486.02,
            487.09,
            446.44,
            430.52,
            430.02,
            494.43,
            412.38,
            495.86,
            473.81,
            442.18,
            471.7,
            433.03,
            388.96,
            391.46,
            421.3,
            491.49,
            399.81,
            430.11,
            507.39,
            508.82,
            398.15,
            393.25,
            483.96,
            391.31,
            398.72
        ],
        [
            434.56,
            459.1,
            498.39,
            null,
            473.02,
            394.66,
            421.55,
            411.68,
            502.62,
            453.93,
            469.86,
            401.62,
            449.48,
            391.94,
            444.99,
            445.8,
            393.49,
            501.96,
            492.01,
            434.18,
            457.39,
            494.85,
            419.93,
            451.33,
            390.98,
            409.06,
            415.13,
            409.5,
            399.73,
            445.97
        ],
        [
            473.34,
            461.58,
            413.66,
            473.02,
            null,
            508.22,
            505.25,
            472.19,
            387.35,
            492.4,
            485.71,
            402.96,
            449.83,
            422.94,
            396.92,
            477.6,
            455.41,
            410.0,
            460.61,
            396.77,
            437.73,
            449.73,
            460.98,
            456.16,
            446.19,
            456.53,
            469.83,
            508.17,
            511.21,
            417.0
        ],
        [
            418.99,
            439.04,
            486.02,
            394.66,
            508.22,
            null,
            509.73,
            394.01,
            486.82,
            457.63,
            437.81,
            447.77,
            485.87,
            499.06,
            406.67,
            386.1,
            436.42,
            484.21,
            489.1,
            392.15,
            442.75,
            453.27,
            480.84,
            456.52,
            505.26,
            450.26,
            401.18,
            453.43,
            511.79,
            465.31
        ],
        [
            468.61,
            420.14,
            487.09,
            421.55,
            505.25,
            509.73,
            null,
            431.89,
            385.69,
            466.91,
            405.11,
            389.87,
            476.83,
            480.24,
            444.03,
            462.28,
            448.13,
            427.74,
            464.01,
            495.6,
            407.25,
            393.62,
            459.91,
            474.16,
            407.27,
            469.34,
            512.78,
            471.15,
            510.09,
            463.5
        ],
        [
            458.07,
            466.72,
            446.44,
            411.68,
            472.19,
            394.01,
            431.89,
            null,
            461.63,
            468.54,
            418.14,
            417.15,
            460.94,
            494.24,
            390.84,
            508.76,
            389.29,
            502.92,
            456.13,
            430.82,
            486.58,
            454.22,
            446.72,
            403.52,
            421.65,
            458.02,
            389.01,
            385.48,
            398.23,
            475.62
        ],
        [
            511.99,
            412.77,
            430.52,
            502.62,
            387.35,
            486.82,
            385.69,
            461.63,
            null,
            512.3,
            412.86,
            496.94,
            509.67,
            446.95,
            476.81,
            396.69,
            497.28,
            428.59,
            506.86,
            472.18,
            407.2,
            495.85,
            412.17,
            386.36,
            451.83,
            487.93,
            475.03,
            452.27,
            454.72,
            512.1
        ],
        [
            406.74,
            471.29,
            430.02,
            453.93,
            492.4,
            457.63,
            466.91,
            468.54,
            512.3,
            null,
            482.09,
            511.9,
            402.88,
            423.62,
            422.48,
            488.84,
            428.67,
            393.49,
            459.63,
            473.86,
            418.41,
            429.29,
            392.28,
            424.53,
            396.37,
            482.31,
            482.44,
            406.19,
            414.4,
            474.81
        ],
        [
            490.22,
            452.93,
            494.43,
            469.86,
            485.71,
            437.81,
            405.11,
            418.14,
            412.86,
            482.09,
            null,
            486.86,
            397.48,
            415.65,
            450.45,
            418.12,
            449.13,
            390.62,
            447.15,
            413.06,
            416.86,
            387.01,
            436.26,
            432.2,
            450.18,
            412.27,
            484.22,
            509.33,
            408.79,
            499.61
        ],
        [
            463.63,
            411.57,
            412.38,
            401.62,
            402.96,
            447.77,
            389.87,
            417.15,
            496.94,
            511.9,
            486.86,
            null,
            401.81,
            509.34,
            466.77,
            458.04,
            512.9,
            423.59,
            481.11,
            438.36,
            428.67,
            482.49,
            514.6,
            408.53,
            480.15,
            437.3,
            512.44,
            490.21,
            455.44,
            456.43
        ],
        [
            423.21,
            486.05,
            495.86,
            449.48,
            449.83,
            485.87,
            476.83,
            460.94,
            509.67,
            402.88,
            397.48,
            401.81,
            null,
            514.33,
            423.94,
            414.11,
            492.56,
            413.56,
            491.26,
            475.62,
            450.49,
            483.79,
            433.65,
            409.38,
            471.84,
            414.53,
            420.34,
            459.88,
            513.28,
            498.8
        ],
        [
            412.28,
            440.45,
            473.81,
            391.94,
            422.94,
            499.06,
            480.24,
            494.24,
            446.95,
            423.62,
            415.65,
            509.34,
            514.33,
            null,
            402.86,
            438.99,
            514.08,
            443.0,
            453.21,
            482.95,
            504.85,
            506.74,
            440.23,
            513.99,
            455.45,
            467.62,
            418.56,
            418.27,
            490.17,
            458.69
        ],
        [
            482.04,
            421.59,
            442.18,
            444.99,
            396.92,
            406.67,
            444.03,
            390.84,
            476.81,
            422.48,
            450.45,
            466.77,
            423.94,
            402.86,
            null,
            394.93,
            424.54,
            499.59,
            440.73,
            412.47,
            455.41,
            494.78,
            432.78,
            393.81,
            489.42,
            511.7,
            430.14,
            454.54,
            505.5,
            426.45
        ],
        [
            502.28,
            437.08,
            471.7,
            445.8,
            477.6,
            386.1,
            462.28,
            508.76,
            396.69,
            488.84,
            418.12,
            458.04,
            414.11,
            438.99,
            394.93,
            null,
            394.89,
            490.3,
            459.21,
            440.1,
            434.98,
            439.45,
            473.8,
            453.12,
            401.02,
            442.25,
            501.14,
            493.44,
            491.1,
            388.66
        ],
        [
            453.5,
            469.27,
            433.03,
            393.49,
            455.41,
            436.42,
            448.13,
            389.29,
            497.28,
            428.67,
            449.13,
            512.9,
            492.56,
            514.08,
            424.54,
            394.89,
            null,
            476.49,
            451.76,
            489.98,
            456.59,
            490.41,
            486.74,
            464.79,
            507.66,
            480.83,
            442.79,
            460.3,
            462.56,
            385.25
        ],
        [
            481.14,
            390.45,
            388.96,
            501.96,
            410.0,
            484.21,
            427.74,
            502.92,
            428.59,
            393.49,
            390.62,
            423.59,
            413.56,
            443.0,
            499.59,
            490.3,
            476.49,
            null,
            417.25,
            435.7,
            414.7,
            497.57,
            461.66,
            492.11,
            408.45,
            507.78,
            438.79,
            465.39,
            426.33,
            512.15
        ],
        [
            457.98,
            405.36,
            391.46,
            492.01,
            460.61,
            489.1,
            464.01,
            456.13,
            506.86,
            459.63,
            447.15,
            481.11,
            491.26,
            453.21,
            440.73,
            459.21,
            451.76,
            417.25,
            null,
            509.22,
            403.42,
            386.56,
            440.97,
            420.78,
            435.47,
            426.04,
            472.88,
            461.47,
            451.93,
            388.65
        ],
        [
            494.75,
            506.55,
            421.3,
            434.18,
            396.77,
            392.15,
            495.6,
            430.82,
            472.18,
            473.86,
            413.06,
            438.36,
            475.62,
            482.95,
            412.47,
            440.1,
            489.98,
            435.7,
            509.22,
            null,
            464.08,
            440.33,
            435.79,
            400.54,
            452.21,
            418.53,
            425.61,
            492.19,
            496.83,
            450.98
        ],
        [
            419.39,
            440.35,
            491.49,
            457.39,
            437.73,
            442.75,
            407.25,
            486.58,
            407.2,
            418.41,
            416.86,
            428.67,
            450.49,
            504.85,
            455.41,
            434.98,
            456.59,
            414.7,
            403.42,
            464.08,
            null,
            467.27,
            478.52,
            393.9,
            438.26,
            511.63,
            430.69,
            449.43,
            441.73,
            390.52
        ],
        [
            402.94,
            393.68,
            399.81,
            494.85,
            449.73,
            453.27,
            393.62,
            454.22,
            495.85,
            429.29,
            387.01,
            482.49,
            483.79,
            506.74,
            494.78,
            439.45,
            490.41,
            497.57,
            386.56,
            440.33,
            467.27,
            null,
            411.07,
            482.17,
            433.13,
            447.03,
            452.69,
            402.09,
            504.91,
            389.87
        ],
        [
            464.67,
            473.86,
            430.11,
            419.93,
            460.98,
            480.84,
            459.91,
            446.72,
            412.17,
            392.28,
            436.26,
            514.6,
            433.65,
            440.23,
            432.78,
            473.8,
            486.74,
            461.66,
            440.97,
            435.79,
            478.52,
            411.07,
            null,
            498.1,
            467.23,
            486.71,
            423.31,
            500.96,
            428.7,
            418.74
        ],
        [
            404.24,
            415.69,
            507.39,
            451.33,
            456.16,
            456.52,
            474.16,
            403.52,
            386.36,
            424.53,
            432.2,
            408.53,
            409.38,
            513.99,
            393.81,
            453.12,
            464.79,
            492.11,
            420.78,
            400.54,
            393.9,
            482.17,
            498.1,
            null,
            467.67,
            473.33,
            481.01,
            508.46,
            464.67,
            451.35
        ],
        [
            431.22,
            431.75,
            508.82,
            390.98,
            446.19,
            505.26,
            407.27,
            421.65,
            451.83,
            396.37,
            450.18,
            480.15,
            471.84,
            455.45,
            489.42,
            401.02,
            507.66,
            408.45,
            435.47,
            452.21,
            438.26,
            433.13,
            467.23,
            467.67,
            null,
            393.73,
            424.63,
            455.11,
            432.68,
            509.19
        ],
        [
            400.63,
            509.21,
            398.15,
            409.06,
            456.53,
            450.26,
            469.34,
            458.02,
            487.93,
            482.31,
            412.27,
            437.3,
            414.53,
            467.62,
            511.7,
            442.25,
            480.83,
            507.78,
            426.04,
            418.53,
            511.63,
            447.03,
            486.71,
            473.33,
            393.73,
            null,
            441.09,
            492.16,
            453.5,
            455.17
        ],
        [
            454.77,
            420.98,
            393.25,
            415.13,
            469.83,
            401.18,
            512.78,
            389.01,
            475.03,
            482.44,
            484.22,
            512.44,
            420.34,
            418.56,
            430.14,
            501.14,
            442.79,
            438.79,
            472.88,
            425.61,
            430.69,
            452.69,
            423.31,
            481.01,
            424.63,
            441.09,
            null,
            439.48,
            406.91,
            405.5
        ],
        [
            482.39,
            414.29,
            483.96,
            409.5,
            508.17,
            453.43,
            471.15,
            385.48,
            452.27,
            406.19,
            509.33,
            490.21,
            459.88,
            418.27,
            454.54,
            493.44,
            460.3,
            465.39,
            461.47,
            492.19,
            449.43,
            402.09,
            500.96,
            508.46,
            455.11,
            492.16,
            439.48,
            null,
            440.64,
            409.24
        ],
        [
            461.62,
            416.42,
            391.31,
            399.73,
            511.21,
            511.79,
            510.09,
            398.23,
            454.72,
            414.4,
            408.79,
            455.44,
            513.28,
            490.17,
            505.5,
            491.1,
            462.56,
            426.33,
            451.93,
            496.83,
            441.73,
            504.91,
            428.7,
            464.67,
            432.68,
            453.5,
            406.91,
            440.64,
            null,
            492.02
        ],
        [
            468.63,
            446.06,
            398.72,
            445.97,
            417.0,
            465.31,
            463.5,
            475.62,
            512.1,
            474.81,
            499.61,
            456.43,
            498.8,
            458.69,
            426.45,
            388.66,
            385.25,
            512.15,
            388.65,
            450.98,
            390.52,
            389.87,
            418.74,
            451.35,
            509.19,
            455.17,
            405.5,
            409.24,
            492.02,
            null
        ]
    ],
    "tempos_processamento": [
        678.66,
        267.25,
        553.75,
        522.65,
        649.22,
        439.66,
        300.89,
        602.84,
        469.06,
        257.05,
        547.18,
        600.11,
        640.43,
        537.67,
        357.59,
        506.17,
        373.16,
        254.57,
        414.46,
        454.64,
        245.95,
        623.98,
        372.98,
        519.49,
        437.03,
        444.21,
        210.82,
        210.59,
        547.6,
        516.08
    ],
    "ready_times": [
        1369.09,
        1254.32,
        1724.33,
        1415.86,
        1396.64,
        1091.85,
        132.69,
        1479.24,
        1538.15,
        1016.14,
        800.15,
        518.97,
        388.75,
        1201.73,
        531.98,
        419.11,
        1367.75,
        1741.63,
        1172.11,
        682.12,
        235.93,
        229.51,
        1039.45,
        409.39,
        1133.24,
        1602.89,
        766.05,
        0.0,
        532.87,
        649.81
    ]
}