{
    "configuracao": {
        "codigo_cenario": "HHLLLHL",
        "nivel_ready_time": "alta",
        "variabilidade_processamento": "alta",
        "media_processamento": "baixa",
        "estrutura_setup": "simetrica",
        "variabilidade_setup": "baixa",
        "n_maquinas": 10,
        "n_medio_jobs_maquina": 3,
        "n_jobs": 30
    },
    "matriz_setup": [
        [
            null,
            467.71,
            386.68,
            452.75,
            404.68,
            468.13,
            402.75,
            414.31,
            442.49,
            437.55,
            475.17,
            496.76,
            395.18,
            394.2,
            424.14,
            487.14,
            397.48,
            445.01,
            451.94,
            493.13,
            512.29,
            387.18,
            436.18,
            498.04,
            427.39,
            499.8,
            446.07,
            477.26,
            402.81,
            503.44
        ],
        [
            467.71,
            null,
            401.07,
            465.09,
            409.38,
            485.68,
            427.38,
            490.59,
            456.34,
            399.94,
            430.64,
            451.19,
            494.01,
            388.08,
            455.81,
            386.01,
            403.0,
            428.03,
            465.43,
            465.13,
            428.86,
            448.75,
            435.11,
            425.84,
            496.8,
            392.1,
            412.88,
            451.86,
            458.68,
            411.48
        ],
        [
            386.68,
            401.07,
            null,
            484.86,
            511.02,
            411.95,
            476.2,
            428.68,
            507.53,
            446.18,
            443.81,
            509.89,
            390.03,
            459.79,
            461.35,
            420.55,
            389.51,
            506.26,
            394.24,
            439.94,
            469.0,
            494.58,
            473.53,
            416.81,
            474.68,
            503.96,
            434.0,
            432.52,
            493.98,
            452.42
        ],
        [
            452.75,
            465.09,
            484.86,
            null,
            417.0,
            432.42,
            387.37,
            450.38,
            414.28,
            456.33,
            389.8,
            399.12,
            407.3,
            504.61,
            478.56,
            462.4,
            444.85,
            405.22,
            425.67,
            415.15,
            509.93,
            410.45,
            507.68,
            494.96,
            462.56,
            463.91,
            476.74,
            433.47,
            452.7,
            430.88
        ],
        [
            404.68,
            409.38,
            511.02,
            417.0,
            null,
            476.89,
            451.49,
            479.13,
            489.61,
            472.21,
            388.91,
            501.73,
            432.51,
            489.51,
            485.62,
            449.11,
            447.65,
            499.89,
            395.6,
            509.54,
            458.37,
            460.27,
            400.75,
            501.0,
            420.68,
            507.06,
            451.45,
            507.83,
            411.2,
            417.58
        ],
        [
            468.13,
            485.68,
            411.95,
            432.42,
            476.89,
            null,
            467.15,
            443.98,
            432.0,
            484.38,
            461.52,
            494.51,
            404.93,
            424.87,
            452.43,
            409.12,
            402.52,
            477.55,
            407.55,
            481.75,
            428.08,
            391.94,
            507.61,
            396.74,
            435.08,
            412.85,
            424.63,
            432.64,
            404.3,
            501.89
        ],
        [
            402.75,
            427.38,
            476.2,
            387.37,
            451.49,
            467.15,
            null,
            477.02,
            477.56,
            494.98,
            409.42,
            432.36,
            408.75,
            479.68,
            437.19,
            494.01,
            468.56,
            504.61,
            484.24,
            400.34,
            426.05,
            482.61,
            444.14,
            479.91,
            448.5,
            457.71,
            433.31,
            460.85,
            436.52,
            447.34
        ],
        [
            414.31,
            490.59,
            428.68,
            450.38,
            479.13,
            443.98,
            477.02,
            null,
            450.23,
            469.31,
            415.8,
            411.72,
            419.08,
            416.49,
            434.74,
            398.13,
            425.42,
            433.7,
            437.62,
            440.53,
            394.94,
            448.64,
            491.05,
            446.36,
            509.69,
            486.23,
            482.1,
            466.7,
            438.15,
            470.1
        ],
        [
            442.49,
            456.34,
            507.53,
            414.28,
            489.61,
            432.0,
            477.56,
            450.23,
            null,
            414.47,
            415.66,
            439.08,
            485.05,
            507.58,
            437.82,
            394.11,
            388.81,
            452.63,
            478.68,
            450.17,
            417.24,
            461.46,
            431.07,
            430.34,
            419.59,
            510.05,
            415.43,
            436.4,
            403.99,
            425.5
        ],
        [
            437.55,
            399.94,
            446.18,
            456.33,
            472.21,
            484.38,
            494.98,
            469.31,
            414.47,
            null,
            439.02,
            479.5,
            466.94,
            451.57,
            389.09,
            389.63,
            461.05,
            445.92,
            417.28,
            461.24,
            511.13,
            391.43,
            448.32,
            428.2,
            478.87,
            478.84,
            433.19,
            405.89,
            498.17,
            400.96
        ],
        [
            475.17,
            430.64,
            443.81,
            389.8,
            388.91,
            461.52,
            409.42,
            415.8,
            415.66,
            439.02,
            null,
            468.31,
            445.62,
            417.36,
            454.93,
            429.09,
            424.78,
            513.69,
            459.8,
            412.32,
            390.23,
            416.79,
            494.78,
            511.43,
            436.6,
            403.81,
            474.26,
            413.72,
            474.51,
            471.77
        ],
        [
            496.76,
            451.19,
            509.89,
            399.12,
            501.73,
            494.51,
            432.36,
            411.72,
            439.08,
            479.5,
            468.31,
            null,
            391.77,
            497.47,
            501.44,
            479.28,
            495.36,
            478.48,
            415.5,
            433.16,
            462.0,
            412.79,
            504.91,
            426.83,
            397.24,
            430.39,
            500.75,
            501.29,
            502.62,
            466.92
        ],
        [
            395.18,
            494.01,
            390.03,
            407.3,
            432.51,
            404.93,
            408.75,
            419.08,
            485.05,
            466.94,
            445.62,
            391.77,
            null,
            402.13,
            438.93,
            481.97,
            421.28,
            401.41,
            480.0,
            436.83,
            501.26,
            413.65,
            465.68,
            503.17,
            393.88,
            398.01,
            454.91,
            507.57,
            386.78,
            494.79
        ],
        [
            394.2,
            388.08,
            459.79,
            504.61,
            489.51,
            424.87,
            479.68,
            416.49,
            507.58,
            451.57,
            417.36,
            497.47,
            402.13,
            null,
            442.89,
            404.77,
            481.11,
            466.38,
            461.37,
            432.78,
            416.88,
            385.05,
            408.07,
            391.21,
            508.45,
            443.64,
            395.54,
            459.03,
            437.22,
            416.67
        ],
        [
            424.14,
            455.81,
            461.35,
            478.56,
            485.62,
            452.43,
            437.19,
            434.74,
            437.82,
            389.09,
            454.93,
            501.44,
            438.93,
            442.89,
            null,
            511.24,
            441.24,
            478.89,
            474.07,
            443.47,
            502.37,
            480.55,
            420.43,
            486.04,
            485.08,
            424.52,
            468.53,
            437.31,
            390.52,
            509.54
        ],
        [
            487.14,
            386.01,
            420.55,
            462.4,
            449.11,
            409.12,
            494.01,
            398.13,
            394.11,
            389.63,
            429.09,
            479.28,
            481.97,
            404.77,
            511.24,
            null,
            489.47,
            391.17,
            451.41,
            447.18,
            437.09,
            387.94,
            405.89,
            399.89,
            440.09,
            474.1,
            508.63,
            390.36,
            409.56,
            452.17
        ],
        [
            397.48,
            403.0,
            389.51,
            444.85,
            447.65,
            402.52,
            468.56,
            425.42,
            388.81,
            461.05,
            424.78,
            495.36,
            421.28,
            481.11,
            441.24,
            489.47,
            null,
            474.2,
            407.06,
            514.58,
            438.0,
            395.12,
            457.99,
            495.24,
            503.13,
            403.88,
            386.14,
            413.66,
            484.72,
            507.23
        ],
        [
            445.01,
            428.03,
            506.26,
            405.22,
            499.89,
            477.55,
            504.61,
            433.7,
            452.63,
            445.92,
            513.69,
            478.48,
            401.41,
            466.38,
            478.89,
            391.17,
            474.2,
            null,
            452.65,
            458.17,
            502.71,
            420.32,
            481.43,
            438.62,
            512.59,
            506.18,
            386.04,
            467.95,
            417.33,
            457.51
        ],
        [
            451.94,
            465.43,
            394.24,
            425.67,
            395.6,
            407.55,
            484.24,
            437.62,
            478.68,
            417.28,
            459.8,
            415.5,
            480.0,
            461.37,
            474.07,
            451.41,
            407.06,
            452.65,
            null,
            422.2,
            507.2,
            495.78,
            394.57,
            395.83,
            438.82,
            398.19,
            447.87,
            496.76,
            393.24,
            512.21
        ],
        [
            493.13,
            465.13,
            439.94,
            415.15,
            509.54,
            481.75,
            400.34,
            440.53,
            450.17,
            461.24,
            412.32,
            433.16,
            436.83,
            432.78,
            443.47,
            447.18,
            514.58,
            458.17,
            422.2,
            null,
            422.28,
            501.07,
            400.2,
            496.97,
            420.89,
            439.4,
            475.25,
            508.44,
            512.81,
            480.29
        ],
        [
            512.29,
            428.86,
            469.0,
            509.93,
            458.37,
            428.08,
            426.05,
            394.94,
            417.24,
            511.13,
            390.23,
            462.0,
            501.26,
            416.88,
            502.37,
            437.09,
            438.0,
            502.71,
            507.2,
            422.28,
            null,
            419.1,
            450.52,
            470.28,
            507.21,
            476.07,
            480.01,
            419.45,
            423.74,
            511.0
        ],
        [
            387.18,
            448.75,
            494.58,
            410.45,
            460.27,
            391.94,
            482.61,
            448.64,
            461.46,
            391.43,
            416.79,
            412.79,
            413.65,
            385.05,
            480.55,
            387.94,
            395.12,
            420.32,
            495.78,
            501.07,
            419.1,
            null,
            451.79,
            511.71,
            431.48,
            409.12,
            459.78,
            502.66,
            486.52,
            455.62
        ],
        [
            436.18,
            435.11,
            473.53,
            507.68,
            400.75,
            507.61,
            444.14,
            491.05,
            431.07,
            448.32,
            494.78,
            504.91,
            465.68,
            408.07,
            420.43,
            405.89,
            457.99,
            481.43,
            394.57,
            400.2,
            450.52,
            451.79,
            null,
            463.59,
            448.19,
            480.83,
            419.61,
            489.82,
            463.38,
            447.98
        ],
        [
            498.04,
            425.84,
            416.81,
            494.96,
            501.0,
            396.74,
            479.91,
            446.36,
            430.34,
            428.2,
            511.43,
            426.83,
            503.17,
            391.21,
            486.04,
            399.89,
            495.24,
            438.62,
            395.83,
            496.97,
            470.28,
            511.71,
            463.59,
            null,
            404.46,
            449.27,
            423.47,
            495.33,
            407.82,
            470.19
        ],
        [
            427.39,
            496.8,
            474.68,
            462.56,
            420.68,
            435.08,
            448.5,
            509.69,
            419.59,
            478.87,
            436.6,
            397.24,
            393.88,
            508.45,
            485.08,
            440.09,
            503.13,
            512.59,
            438.82,
            420.89,
            507.21,
            431.48,
            448.19,
            404.46,
            null,
            426.35,
            508.94,
            467.19,
            437.31,
            481.11
        ],
        [
            499.8,
            392.1,
            503.96,
            463.91,
            507.06,
            412.85,
            457.71,
            486.23,
            510.05,
            478.84,
            403.81,
            430.39,
            398.01,
            443.64,
            424.52,
            474.1,
            403.88,
            506.18,
            398.19,
            439.4,
            476.07,
            409.12,
            480.83,
            449.27,
            426.35,
            null,
            458.09,
            447.55,
            420.5,
            417.54
        ],
        [
            446.07,
            412.88,
            434.0,
            476.74,
            451.45,
            424.63,
            433.31,
            482.1,
            415.43,
            433.19,
            474.26,
            500.75,
            454.91,
            395.54,
            468.53,
            508.63,
            386.14,
            386.04,
            447.87,
            475.25,
            480.01,
            459.78,
            419.61,
            423.47,
            508.94,
            458.09,
            null,
            415.11,
            401.0,
            455.47
        ],
        [
            477.26,
            451.86,
            432.52,
            433.47,
            507.83,
            432.64,
            460.85,
            466.7,
            436.4,
            405.89,
            413.72,
            501.29,
            507.57,
            459.03,
            437.31,
            390.36,
            413.66,
            467.95,
            496.76,
            508.44,
            419.45,
            502.66,
            489.82,
            495.33,
            467.19,
            447.55,
            415.11,
            null,
            437.32,
            410.11
        ],
        [
            402.81,
            458.68,
            493.98,
            452.7,
            411.2,
            404.3,
            436.52,
            438.15,
            403.99,
            498.17,
            474.51,
            502.62,
            386.78,
            437.22,
            390.52,
            409.56,
            484.72,
            417.33,
            393.24,
            512.81,
            423.74,
            486.52,
            463.38,
            407.82,
            437.31,
            420.5,
            401.0,
            437.32,
            null,
            412.59
        ],
        [
            503.44,
            411.48,
            452.42,
            430.88,
            417.58,
            501.89,
            447.34,
            470.1,
            425.5,
            400.96,
            471.77,
            466.92,
            494.79,
            416.67,
            509.54,
            452.17,
            507.23,
            457.51,
            512.21,
            480.29,
            511.0,
            455.62,
            447.98,
            470.19,
            481.11,
            417.54,
            455.47,
            410.11,
            412.59,
            null
        ]
    ],
    "tempos_processamento": [
        458.91,
        300.83,
        270.33,
        551.6,
        389.78,
        193.43,
        510.27,
        424.29,
        459.88,
        445.19,
        558.86,
        676.67,
        630.51,
        499.86,
        554.4,
        310.24,
        231.66,
        614.33,
        279.34,
        212.96,
        609.82,
        551.64,
        515.07,
        578.99,
        279.24,
        266.31,
        194.15,
        715.45,
        628.38,
        517.79
    ],
    "ready_times": [
        1733.47,
        467.79,
        66.08,
        1556.71,
        313.21,
        467.34,
        607.13,
        254.15,
        695.39,
        814.96,
        304.77,
        1035.0,
        1403.87,
        1166.26,
        0.0,
        806.01,
        489.26,
        959.32,
        1741.02,
        1520.38,
        373.86,
        782.14,
        1661.32,
        153.6,
        256.32,
        1096.89,
        1524.26,
        621.08,
        1683.34,
        120.64
    ]
}