{
    "configuracao": {
        "codigo_cenario": "HHLLLHL",
        "nivel_ready_time": "alta",
        "variabilidade_processamento": "alta",
        "media_processamento": "baixa",
        "estrutura_setup": "simetrica",
        "variabilidade_setup": "baixa",
        "n_maquinas": 10,
        "n_medio_jobs_maquina": 3,
        "n_jobs": 30
    },
    "matriz_setup": [
        [
            null,
            443.14,
            456.7,
            407.99,
            473.87,
            464.83,
            436.91,
            448.76,
            389.12,
            490.54,
            430.17,
            411.49,
            498.59,
            453.64,
            401.9,
            395.38,
            502.69,
            392.18,
            400.26,
            415.0,
            493.45,
            422.35,
            471.32,
            470.51,
            440.03,
            405.67,
            429.09,
            403.49,
            404.63,
            425.57
        ],
        [
            443.14,
            null,
            395.16,
            485.48,
            498.7,
            422.85,
            488.82,
            458.52,
            468.01,
            469.32,
            408.42,
            433.47,
            510.82,
            497.22,
            443.05,
            494.24,
            426.58,
            437.29,
            496.11,
            508.7,
            494.13,
            470.36,
            470.0,
            456.36,
            505.03,
            457.06,
            438.8,
            475.53,
            424.83,
            471.38
        ],
        [
            456.7,
            395.16,
            null,
            506.61,
            493.34,
            497.51,
            490.7,
            421.69,
            457.41,
            392.48,
            400.34,
            494.55,
            496.85,
            483.23,
            481.68,
            399.33,
            385.97,
            440.72,
            453.54,
            438.05,
            474.48,
            396.34,
            423.43,
            469.42,
            421.54,
            467.11,
            427.44,
            432.44,
            447.23,
            502.96
        ],
        [
            407.99,
            485.48,
            506.61,
            null,
            394.43,
            462.36,
            394.79,
            454.65,
            483.06,
            472.45,
            429.63,
            471.8,
            437.68,
            500.44,
            509.14,
            451.16,
            408.33,
            443.65,
            440.64,
            449.56,
            402.47,
            415.01,
            409.59,
            426.08,
            406.24,
            501.43,
            428.78,
            408.44,
            438.62,
            393.49
        ],
        [
            473.87,
            498.7,
            493.34,
            394.43,
            null,
            454.92,
            413.05,
            415.55,
            399.13,
            440.31,
            468.22,
            447.01,
            451.8,
            441.47,
            481.6,
            486.01,
            396.73,
            401.13,
            401.02,
            484.54,
            441.48,
            445.31,
            429.46,
            449.87,
            482.77,
            470.96,
            498.68,
            460.03,
            434.19,
            495.14
        ],
        [
            464.83,
            422.85,
            497.51,
            462.36,
            454.92,
            null,
            412.62,
            454.31,
            460.43,
            415.62,
            452.76,
            480.69,
            503.07,
            401.16,
            454.1,
            508.96,
            514.71,
            498.52,
            441.89,
            470.09,
            463.35,
            503.91,
            405.64,
            388.23,
            446.7,
            389.63,
            510.18,
            399.23,
            460.09,
            432.34
        ],
        [
            436.91,
            488.82,
            490.7,
            394.79,
            413.05,
            412.62,
            null,
            465.07,
            409.97,
            479.81,
            450.36,
            463.43,
            430.99,
            398.86,
            461.1,
            453.63,
            447.65,
            513.23,
            511.92,
            504.66,
            500.53,
            409.6,
            417.2,
            418.91,
            436.78,
            393.59,
            449.83,
            409.28,
            404.03,
            473.78
        ],
        [
            448.76,
            458.52,
            421.69,
            454.65,
            415.55,
            454.31,
            465.07,
            null,
            429.84,
            494.64,
            484.57,
            413.12,
            463.6,
            461.85,
            510.66,
            464.83,
            394.63,
            404.11,
            445.26,
            420.66,
            396.26,
            478.98,
            406.96,
            447.54,
            413.04,
            443.54,
            453.08,
            501.84,
            413.44,
            509.61
        ],
        [
            389.12,
            468.01,
            457.41,
            483.06,
            399.13,
            460.43,
            409.97,
            429.84,
            null,
            419.55,
            466.24,
            507.8,
            506.86,
            463.78,
            396.89,
            476.7,
            413.49,
            505.06,
            463.49,
            418.11,
            499.19,
            430.43,
            497.68,
            401.54,
            434.58,
            404.13,
            445.86,
            503.31,
            477.59,
            391.44
        ],
        [
            490.54,
            469.32,
            392.48,
            472.45,
            440.31,
            415.62,
            479.81,
            494.64,
            419.55,
            null,
            411.88,
            399.33,
            422.99,
            483.52,
            426.91,
            436.7,
            407.54,
            489.74,
            387.05,
            474.72,
            387.57,
            454.91,
            397.14,
            463.64,
            396.52,
            466.54,
            451.12,
            394.23,
            391.06,
            500.87
        ],
        [
            430.17,
            408.42,
            400.34,
            429.63,
            468.22,
            452.76,
            450.36,
            484.57,
            466.24,
            411.88,
            null,
            442.98,
            465.73,
            465.1,
            387.06,
            495.72,
            472.4,
            466.08,
            460.69,
            470.36,
            467.31,
            491.29,
            421.59,
            427.19,
            470.22,
            406.42,
            503.0,
            508.95,
            423.52,
            477.51
        ],
        [
            411.49,
            433.47,
            494.55,
            471.8,
            447.01,
            480.69,
            463.43,
            413.12,
            507.8,
            399.33,
            442.98,
            null,
            503.6,
            463.89,
            486.31,
            428.55,
            451.42,
            391.53,
            386.69,
            462.24,
            496.46,
            405.3,
            402.61,
            396.07,
            473.97,
            389.8,
            470.87,
            467.52,
            452.33,
            482.03
        ],
        [
            498.59,
            510.82,
            496.85,
            437.68,
            451.8,
            503.07,
            430.99,
            463.6,
            506.86,
            422.99,
            465.73,
            503.6,
            null,
            438.23,
            506.09,
            479.32,
            428.93,
            426.47,
            443.79,
            501.48,
            454.93,
            488.2,
            393.21,
            391.09,
            427.06,
            441.11,
            447.77,
            398.59,
            481.74,
            386.86
        ],
        [
            453.64,
            497.22,
            483.23,
            500.44,
            441.47,
            401.16,
            398.86,
            461.85,
            463.78,
            483.52,
            465.1,
            463.89,
            438.23,
            null,
            411.16,
            487.5,
            499.33,
            385.16,
            478.63,
            464.42,
            434.09,
            394.76,
            487.16,
            412.67,
            479.35,
            495.2,
            431.78,
            410.52,
            490.79,
            432.33
        ],
        [
            401.9,
            443.05,
            481.68,
            509.14,
            481.6,
            454.1,
            461.1,
            510.66,
            396.89,
            426.91,
            387.06,
            486.31,
            506.09,
            411.16,
            null,
            396.7,
            422.74,
            412.87,
            478.82,
            476.92,
            469.19,
            508.68,
            506.73,
            413.06,
            512.77,
            472.88,
            410.19,
            488.69,
            405.85,
            458.78
        ],
        [
            395.38,
            494.24,
            399.33,
            451.16,
            486.01,
            508.96,
            453.63,
            464.83,
            476.7,
            436.7,
            495.72,
            428.55,
            479.32,
            487.5,
            396.7,
            null,
            500.8,
            502.27,
            507.48,
            435.17,
            409.53,
            430.1,
            509.2,
            416.71,
            490.61,
            453.44,
            465.74,
            460.61,
            440.73,
            510.71
        ],
        [
            502.69,
            426.58,
            385.97,
            408.33,
            396.73,
            514.71,
            447.65,
            394.63,
            413.49,
            407.54,
            472.4,
            451.42,
            428.93,
            499.33,
            422.74,
            500.8,
            null,
            480.91,
            507.51,
            471.35,
            491.8,
            426.94,
            478.54,
            387.38,
            499.85,
            393.23,
            392.26,
            471.63,
            503.94,
            454.4
        ],
        [
            392.18,
            437.29,
            440.72,
            443.65,
            401.13,
            498.52,
            513.23,
            404.11,
            505.06,
            489.74,
            466.08,
            391.53,
            426.47,
            385.16,
            412.87,
            502.27,
            480.91,
            null,
            478.13,
            410.51,
            419.59,
            507.6,
            430.6,
            391.98,
            490.64,
            398.12,
            429.37,
            416.6,
            465.71,
            499.93
        ],
        [
            400.26,
            496.11,
            453.54,
            440.64,
            401.02,
            441.89,
            511.92,
            445.26,
            463.49,
            387.05,
            460.69,
            386.69,
            443.79,
            478.63,
            478.82,
            507.48,
            507.51,
            478.13,
            null,
            467.18,
            472.38,
            504.96,
            492.14,
            473.86,
            467.64,
            440.46,
            442.9,
            418.41,
            420.26,
            426.8
        ],
        [
            415.0,
            508.7,
            438.05,
            449.56,
            484.54,
            470.09,
            504.66,
            420.66,
            418.11,
            474.72,
            470.36,
            462.24,
            501.48,
            464.42,
            476.92,
            435.17,
            471.35,
            410.51,
            467.18,
            null,
            420.46,
            428.34,
            475.56,
            387.74,
            485.65,
            393.87,
            486.62,
            446.29,
            459.73,
            417.66
        ],
        [
            493.45,
            494.13,
            474.48,
            402.47,
            441.48,
            463.35,
            500.53,
            396.26,
            499.19,
            387.57,
            467.31,
            496.46,
            454.93,
            434.09,
            469.19,
            409.53,
            491.8,
            419.59,
            472.38,
            420.46,
            null,
            426.65,
            476.25,
            456.93,
            436.84,
            502.91,
            478.82,
            469.63,
            459.97,
            436.45
        ],
        [
            422.35,
            470.36,
            396.34,
            415.01,
            445.31,
            503.91,
            409.6,
            478.98,
            430.43,
            454.91,
            491.29,
            405.3,
            488.2,
            394.76,
            508.68,
            430.1,
            426.94,
            507.6,
            504.96,
            428.34,
            426.65,
            null,
            459.67,
            429.52,
            498.55,
            475.21,
            404.11,
            432.3,
            427.37,
            433.38
        ],
        [
            471.32,
            470.0,
            423.43,
            409.59,
            429.46,
            405.64,
            417.2,
            406.96,
            497.68,
            397.14,
            421.59,
            402.61,
            393.21,
            487.16,
            506.73,
            509.2,
            478.54,
            430.6,
            492.14,
            475.56,
            476.25,
            459.67,
            null,
            391.35,
            448.9,
            468.06,
            485.74,
            458.24,
            456.11,
            505.4
        ],
        [
            470.51,
            456.36,
            469.42,
            426.08,
            449.87,
            388.23,
            418.91,
            447.54,
            401.54,
            463.64,
            427.19,
            396.07,
            391.09,
            412.67,
            413.06,
            416.71,
            387.38,
            391.98,
            473.86,
            387.74,
            456.93,
            429.52,
            391.35,
            null,
            478.54,
            398.07,
            394.58,
            486.28,
            388.75,
            453.01
        ],
        [
            440.03,
            505.03,
            421.54,
            406.24,
            482.77,
            446.7,
            436.78,
            413.04,
            434.58,
            396.52,
            470.22,
            473.97,
            427.06,
            479.35,
            512.77,
            490.61,
            499.85,
            490.64,
            467.64,
            485.65,
            436.84,
            498.55,
            448.9,
            478.54,
            null,
            466.46,
            420.21,
            476.84,
            481.25,
            489.94
        ],
        [
            405.67,
            457.06,
            467.11,
            501.43,
            470.96,
            389.63,
            393.59,
            443.54,
            404.13,
            466.54,
            406.42,
            389.8,
            441.11,
            495.2,
            472.88,
            453.44,
            393.23,
            398.12,
            440.46,
            393.87,
            502.91,
            475.21,
            468.06,
            398.07,
            466.46,
            null,
            452.39,
            398.4,
            434.6,
            460.12
        ],
        [
            429.09,
            438.8,
            427.44,
            428.78,
            498.68,
            510.18,
            449.83,
            453.08,
            445.86,
            451.12,
            503.0,
            470.87,
            447.77,
            431.78,
            410.19,
            465.74,
            392.26,
            429.37,
            442.9,
            486.62,
            478.82,
            404.11,
            485.74,
            394.58,
            420.21,
            452.39,
            null,
            447.18,
            414.71,
            419.02
        ],
        [
            403.49,
            475.53,
            432.44,
            408.44,
            460.03,
            399.23,
            409.28,
            501.84,
            503.31,
            394.23,
            508.95,
            467.52,
            398.59,
            410.52,
            488.69,
            460.61,
            471.63,
            416.6,
            418.41,
            446.29,
            469.63,
            432.3,
            458.24,
            486.28,
            476.84,
            398.4,
            447.18,
            null,
            424.27,
            418.74
        ],
        [
            404.63,
            424.83,
            447.23,
            438.62,
            434.19,
            460.09,
            404.03,
            413.44,
            477.59,
            391.06,
            423.52,
            452.33,
            481.74,
            490.79,
            405.85,
            440.73,
            503.94,
            465.71,
            420.26,
            459.73,
            459.97,
            427.37,
            456.11,
            388.75,
            481.25,
            434.6,
            414.71,
            424.27,
            null,
            408.56
        ],
        [
            425.57,
            471.38,
            502.96,
            393.49,
            495.14,
            432.34,
            473.78,
            509.61,
            391.44,
            500.87,
            477.51,
            482.03,
            386.86,
            432.33,
            458.78,
            510.71,
            454.4,
            499.93,
            426.8,
            417.66,
            436.45,
            433.38,
            505.4,
            453.01,
            489.94,
            460.12,
            419.02,
            418.74,
            408.56,
            null
        ]
    ],
    "tempos_processamento": [
        605.29,
        346.45,
        541.21,
        716.1,
        678.71,
        558.67,
        445.76,
        606.39,
        509.87,
        299.2,
        643.47,
        557.58,
        555.62,
        331.49,
        455.11,
        202.66,
        628.5,
        427.31,
        292.97,
        671.18,
        316.14,
        419.0,
        228.6,
        300.28,
        479.11,
        717.75,
        290.78,
        206.71,
        399.49,
        253.26
    ],
    "ready_times": [
        231.04,
        1292.19,
        315.7,
        724.1,
        0.0,
        627.23,
        1499.03,
        1120.89,
        839.92,
        1520.91,
        977.66,
        1351.55,
        654.83,
        1053.2,
        713.84,
        1399.2,
        1535.67,
        1440.35,
        470.84,
        451.64,
        539.06,
        644.82,
        1421.2,
        1045.49,
        700.02,
        732.14,
        1040.96,
        1504.32,
        844.18,
        227.79
    ]
}