{
    "configuracao": {
        "codigo_cenario": "HHLLLHL",
        "nivel_ready_time": "alta",
        "variabilidade_processamento": "alta",
        "media_processamento": "baixa",
        "estrutura_setup": "simetrica",
        "variabilidade_setup": "baixa",
        "n_maquinas": 10,
        "n_medio_jobs_maquina": 3,
        "n_jobs": 30
    },
    "matriz_setup": [
        [
            null,
            467.81,
            474.87,
            505.26,
            390.79,
            409.22,
            388.66,
            470.47,
            388.2,
            473.7,
            477.7,
            436.21,
            510.56,
            416.55,
            472.5,
            458.7,
            437.72,
            408.42,
            513.36,
            412.61,
            423.9,
            432.53,
            450.43,
            429.34,
            444.46,
            460.1,
            419.23,
            462.62,
            480.78,
            511.38
        ],
        [
            467.81,
            null,
            407.29,
            405.4,
            425.15,
            510.59,
            409.33,
            493.68,
            399.08,
            396.96,
            456.18,
            447.03,
            474.37,
            453.79,
            514.15,
            488.05,
            419.21,
            440.34,
            397.09,
            472.84,
            430.42,
            477.47,
            437.59,
            448.3,
            440.11,
            463.53,
            470.64,
            492.51,
            441.2,
            444.01
        ],
        [
            474.87,
            407.29,
            null,
            452.28,
            456.31,
            440.81,
            406.14,
            396.12,
            468.77,
            385.3,
            434.81,
            514.02,
            447.63,
            471.73,
            404.68,
            438.49,
            472.65,
            421.2,
            449.42,
            473.43,
            419.57,
            390.43,
            440.34,
            506.38,
            484.83,
            386.74,
            435.38,
            460.21,
            418.79,
            385.98
        ],
        [
            505.26,
            405.4,
            452.28,
            null,
            404.63,
            475.53,
            482.23,
            466.58,
            466.23,
            388.26,
            462.74,
            399.51,
            504.02,
            419.67,
            476.81,
            482.05,
            444.63,
            477.85,
            467.54,
            412.28,
            510.95,
            502.38,
            444.47,
            489.07,
            426.55,
            474.13,
            427.28,
            482.81,
            423.48,
            455.17
        ],
        [
            390.79,
            425.15,
            456.31,
            404.63,
            null,
            507.54,
            471.89,
            419.22,
            471.8,
            462.69,
            454.21,
            466.05,
            463.56,
            399.81,
            398.85,
            504.04,
            429.61,
            428.75,
            453.01,
            489.21,
            414.98,
            441.15,
            392.86,
            458.63,
            435.61,
            411.8,
            492.97,
            416.94,
            388.08,
            476.01
        ],
        [
            409.22,
            510.59,
            440.81,
            475.53,
            507.54,
            null,
            435.45,
            415.31,
            508.95,
            493.03,
            393.15,
            414.1,
            498.06,
            456.28,
            454.31,
            458.75,
            471.01,
            445.97,
            478.44,
            476.27,
            489.19,
            391.14,
            397.93,
            480.14,
            415.71,
            424.18,
            508.91,
            474.81,
            512.11,
            471.82
        ],
        [
            388.66,
            409.33,
            406.14,
            482.23,
            471.89,
            435.45,
            null,
            508.14,
            429.42,
            496.8,
            453.71,
            453.09,
            414.24,
            401.89,
            445.24,
            471.68,
            482.62,
            395.64,
            499.85,
            424.97,
            425.5,
            489.85,
            463.72,
            387.32,
            408.73,
            452.06,
            395.66,
            391.38,
            409.88,
            407.16
        ],
        [
            470.47,
            493.68,
            396.12,
            466.58,
            419.22,
            415.31,
            508.14,
            null,
            483.5,
            409.48,
            514.74,
            452.09,
            497.38,
            489.73,
            413.98,
            450.07,
            475.73,
            447.13,
            387.46,
            467.83,
            436.38,
            503.48,
            396.05,
            401.05,
            513.19,
            468.16,
            488.76,
            407.65,
            413.65,
            511.19
        ],
        [
            388.2,
            399.08,
            468.77,
            466.23,
            471.8,
            508.95,
            429.42,
            483.5,
            null,
            481.64,
            492.92,
            399.14,
            484.02,
            487.97,
            474.5,
            420.45,
            428.66,
            440.89,
            423.6,
            457.42,
            505.34,
            502.41,
            501.19,
            495.04,
            474.77,
            495.84,
            477.37,
            451.16,
            465.77,
            447.79
        ],
        [
            473.7,
            396.96,
            385.3,
            388.26,
            462.69,
            493.03,
            496.8,
            409.48,
            481.64,
            null,
            389.96,
            397.41,
            410.25,
            385.34,
            398.73,
            446.19,
            472.2,
            447.99,
            483.51,
            449.17,
            437.6,
            430.96,
            485.72,
            505.47,
            387.58,
            436.57,
            387.16,
            413.52,
            413.82,
            410.42
        ],
        [
            477.7,
            456.18,
            434.81,
            462.74,
            454.21,
            393.15,
            453.71,
            514.74,
            492.92,
            389.96,
            null,
            412.45,
            389.35,
            436.47,
            513.61,
            426.33,
            459.17,
            429.03,
            447.92,
            478.02,
            451.87,
            396.39,
            500.86,
            484.44,
            463.14,
            483.49,
            407.23,
            512.8,
            403.46,
            421.74
        ],
        [
            436.21,
            447.03,
            514.02,
            399.51,
            466.05,
            414.1,
            453.09,
            452.09,
            399.14,
            397.41,
            412.45,
            null,
            421.64,
            475.34,
            415.45,
            426.86,
            444.83,
            435.86,
            455.88,
            478.42,
            409.19,
            484.48,
            498.26,
            428.75,
            389.33,
            469.32,
            478.83,
            419.16,
            484.31,
            398.71
        ],
        [
            510.56,
            474.37,
            447.63,
            504.02,
            463.56,
            498.06,
            414.24,
            497.38,
            484.02,
            410.25,
            389.35,
            421.64,
            null,
            490.64,
            436.89,
            464.03,
            501.4,
            440.37,
            407.02,
            481.81,
            429.62,
            484.83,
            490.63,
            484.77,
            467.43,
            408.42,
            465.05,
            488.07,
            486.81,
            477.97
        ],
        [
            416.55,
            453.79,
            471.73,
            419.67,
            399.81,
            456.28,
            401.89,
            489.73,
            487.97,
            385.34,
            436.47,
            475.34,
            490.64,
            null,
            418.86,
            421.29,
            489.66,
            432.78,
            393.97,
            395.23,
            410.53,
            444.04,
            467.82,
            441.34,
            485.65,
            479.41,
            445.06,
            461.02,
            475.96,
            473.65
        ],
        [
            472.5,
            514.15,
            404.68,
            476.81,
            398.85,
            454.31,
            445.24,
            413.98,
            474.5,
            398.73,
            513.61,
            415.45,
            436.89,
            418.86,
            null,
            413.47,
            391.19,
            410.97,
            425.21,
            498.0,
            389.92,
            407.21,
            511.56,
            434.17,
            471.88,
            398.42,
            398.95,
            468.43,
            421.98,
            398.32
        ],
        [
            458.7,
            488.05,
            438.49,
            482.05,
            504.04,
            458.75,
            471.68,
            450.07,
            420.45,
            446.19,
            426.33,
            426.86,
            464.03,
            421.29,
            413.47,
            null,
            450.63,
            497.42,
            481.52,
            487.94,
            385.28,
            482.83,
            466.33,
            419.41,
            459.77,
            433.16,
            488.34,
            441.25,
            512.67,
            411.53
        ],
        [
            437.72,
            419.21,
            472.65,
            444.63,
            429.61,
            471.01,
            482.62,
            475.73,
            428.66,
            472.2,
            459.17,
            444.83,
            501.4,
            489.66,
            391.19,
            450.63,
            null,
            388.71,
            492.03,
            431.72,
            423.42,
            444.31,
            494.28,
            400.21,
            478.36,
            451.43,
            429.71,
            412.67,
            446.14,
            423.09
        ],
        [
            408.42,
            440.34,
            421.2,
            477.85,
            428.75,
            445.97,
            395.64,
            447.13,
            440.89,
            447.99,
            429.03,
            435.86,
            440.37,
            432.78,
            410.97,
            497.42,
            388.71,
            null,
            459.82,
            445.95,
            461.98,
            499.31,
            512.53,
            421.85,
            415.18,
            479.64,
            484.82,
            470.59,
            438.33,
            459.9
        ],
        [
            513.36,
            397.09,
            449.42,
            467.54,
            453.01,
            478.44,
            499.85,
            387.46,
            423.6,
            483.51,
            447.92,
            455.88,
            407.02,
            393.97,
            425.21,
            481.52,
            492.03,
            459.82,
            null,
            472.94,
            492.83,
            505.64,
            406.37,
            436.53,
            492.32,
            513.85,
            491.65,
            472.16,
            450.3,
            411.82
        ],
        [
            412.61,
            472.84,
            473.43,
            412.28,
            489.21,
            476.27,
            424.97,
            467.83,
            457.42,
            449.17,
            478.02,
            478.42,
            481.81,
            395.23,
            498.0,
            487.94,
            431.72,
            445.95,
            472.94,
            null,
            510.15,
            447.0,
            421.55,
            510.72,
            415.18,
            506.38,
            439.02,
            440.98,
            469.83,
            402.39
        ],
        [
            423.9,
            430.42,
            419.57,
            510.95,
            414.98,
            489.19,
            425.5,
            436.38,
            505.34,
            437.6,
            451.87,
            409.19,
            429.62,
            410.53,
            389.92,
            385.28,
            423.42,
            461.98,
            492.83,
            510.15,
            null,
            473.44,
            386.23,
            480.75,
            420.18,
            498.57,
            389.84,
            451.44,
            446.05,
            386.34
        ],
        [
            432.53,
            477.47,
            390.43,
            502.38,
            441.15,
            391.14,
            489.85,
            503.48,
            502.41,
            430.96,
            396.39,
            484.48,
            484.83,
            444.04,
            407.21,
            482.83,
            444.31,
            499.31,
            505.64,
            447.0,
            473.44,
            null,
            454.0,
            486.47,
            470.85,
            386.0,
            393.08,
            507.24,
            446.37,
            400.79
        ],
        [
            450.43,
            437.59,
            440.34,
            444.47,
            392.86,
            397.93,
            463.72,
            396.05,
            501.19,
            485.72,
            500.86,
            498.26,
            490.63,
            467.82,
            511.56,
            466.33,
            494.28,
            512.53,
            406.37,
            421.55,
            386.23,
            454.0,
            null,
            456.22,
            390.76,
            502.92,
            435.56,
            435.61,
            446.28,
            395.85
        ],
        [
            429.34,
            448.3,
            506.38,
            489.07,
            458.63,
            480.14,
            387.32,
            401.05,
            495.04,
            505.47,
            484.44,
            428.75,
            484.77,
            441.34,
            434.17,
            419.41,
            400.21,
            421.85,
            436.53,
            510.72,
            480.75,
            486.47,
            456.22,
            null,
            460.81,
            466.79,
            501.62,
            420.14,
            414.43,
            393.83
        ],
        [
            444.46,
            440.11,
            484.83,
            426.55,
            435.61,
            415.71,
            408.73,
            513.19,
            474.77,
            387.58,
            463.14,
            389.33,
            467.43,
            485.65,
            471.88,
            459.77,
            478.36,
            415.18,
            492.32,
            415.18,
            420.18,
            470.85,
            390.76,
            460.81,
            null,
            465.45,
            500.29,
            507.58,
            488.41,
            401.84
        ],
        [
            460.1,
            463.53,
            386.74,
            474.13,
            411.8,
            424.18,
            452.06,
            468.16,
            495.84,
            436.57,
            483.49,
            469.32,
            408.42,
            479.41,
            398.42,
            433.16,
            451.43,
            479.64,
            513.85,
            506.38,
            498.57,
            386.0,
            502.92,
            466.79,
            465.45,
            null,
            439.46,
            399.98,
            503.69,
            420.83
        ],
        [
            419.23,
            470.64,
            435.38,
            427.28,
            492.97,
            508.91,
            395.66,
            488.76,
            477.37,
            387.16,
            407.23,
            478.83,
            465.05,
            445.06,
            398.95,
            488.34,
            429.71,
            484.82,
            491.65,
            439.02,
            389.84,
            393.08,
            435.56,
            501.62,
            500.29,
            439.46,
            null,
            499.86,
            410.18,
            422.02
        ],
        [
            462.62,
            492.51,
            460.21,
            482.81,
            416.94,
            474.81,
            391.38,
            407.65,
            451.16,
            413.52,
            512.8,
            419.16,
            488.07,
            461.02,
            468.43,
            441.25,
            412.67,
            470.59,
            472.16,
            440.98,
            451.44,
            507.24,
            435.61,
            420.14,
            507.58,
            399.98,
            499.86,
            null,
            450.34,
            392.94
        ],
        [
            480.78,
            441.2,
            418.79,
            423.48,
            388.08,
            512.11,
            409.88,
            413.65,
            465.77,
            413.82,
            403.46,
            484.31,
            486.81,
            475.96,
            421.98,
            512.67,
            446.14,
            438.33,
            450.3,
            469.83,
            446.05,
            446.37,
            446.28,
            414.43,
            488.41,
            503.69,
            410.18,
            450.34,
            null,
            425.71
        ],
        [
            511.38,
            444.01,
            385.98,
            455.17,
            476.01,
            471.82,
            407.16,
            511.19,
            447.79,
            410.42,
            421.74,
            398.71,
            477.97,
            473.65,
            398.32,
            411.53,
            423.09,
            459.9,
            411.82,
            402.39,
            386.34,
            400.79,
            395.85,
            393.83,
            401.84,
            420.83,
            422.02,
            392.94,
            425.71,
            null
        ]
    ],
    "tempos_processamento": [
        357.25,
        280.71,
        313.75,
        441.69,
        297.67,
        412.26,
        433.07,
        188.21,
        661.07,
        351.49,
        484.1,
        340.28,
        213.6,
        432.08,
        407.4,
        647.89,
        307.09,
        486.58,
        514.99,
        332.71,
        359.77,
        657.4,
        652.65,
        303.79,
        672.72,
        432.5,
        247.54,
        444.26,
        251.65,
        594.5
    ],
    "ready_times": [
        224.36,
        1093.84,
        347.26,
        1363.25,
        594.87,
        115.65,
        1443.13,
        789.21,
        280.79,
        0.0,
        1155.22,
        874.02,
        1422.04,
        1014.62,
        238.62,
        731.23,
        97.64,
        63.42,
        457.58,
        1057.56,
        1578.03,
        972.49,
        852.47,
        809.38,
        157.29,
        259.27,
        446.46,
        1553.65,
        766.16,
        1228.38
    ]
}