{
    "configuracao": {
        "codigo_cenario": "HHLHHLH",
        "nivel_ready_time": "alta",
        "variabilidade_processamento": "alta",
        "media_processamento": "baixa",
        "estrutura_setup": "assimetrica",
        "variabilidade_setup": "alta",
        "n_maquinas": 2,
        "n_medio_jobs_maquina": 10,
        "n_jobs": 20
    },
    "matriz_setup": [
        [
            null,
            424.82,
            338.93,
            368.52,
            330.74,
            403.59,
            402.02,
            519.51,
            420.98,
            511.83,
            479.26,
            479.37,
            488.12,
            416.05,
            332.43,
            503.55,
            365.88,
            331.43,
            458.3,
            431.95
        ],
        [
            544.62,
            null,
            479.21,
            474.91,
            501.64,
            498.42,
            526.71,
            327.56,
            347.86,
            478.7,
            496.94,
            368.75,
            476.91,
            522.57,
            542.24,
            387.03,
            363.13,
            531.84,
            388.24,
            379.66
        ],
        [
            409.54,
            358.86,
            null,
            375.26,
            345.14,
            418.9,
            416.37,
            365.96,
            341.43,
            452.53,
            507.65,
            451.06,
            520.32,
            356.05,
            433.65,
            475.4,
            577.35,
            324.58,
            448.02,
            336.13
        ],
        [
            461.05,
            494.09,
            362.19,
            null,
            561.98,
            362.65,
            371.24,
            377.88,
            484.03,
            374.3,
            406.39,
            420.91,
            545.31,
            355.96,
            517.98,
            571.07,
            415.72,
            410.19,
            431.18,
            372.89
        ],
        [
            363.09,
            504.54,
            444.32,
            429.86,
            null,
            456.85,
            486.22,
            415.94,
            424.95,
            493.01,
            362.77,
            457.28,
            427.57,
            537.04,
            530.06,
            427.88,
            542.45,
            361.21,
            519.62,
            375.09
        ],
        [
            371.61,
            371.48,
            388.76,
            465.32,
            358.31,
            null,
            370.11,
            356.26,
            326.84,
            409.25,
            545.32,
            411.42,
            426.56,
            421.62,
            528.99,
            445.5,
            486.84,
            434.08,
            420.93,
            371.91
        ],
        [
            458.88,
            404.97,
            562.88,
            354.69,
            341.05,
            450.43,
            null,
            470.36,
            528.02,
            411.69,
            577.37,
            387.94,
            495.7,
            547.7,
            341.57,
            512.96,
            568.58,
            513.35,
            563.61,
            324.87
        ],
        [
            514.06,
            394.55,
            368.59,
            330.67,
            447.23,
            529.59,
            320.57,
            null,
            473.94,
            463.21,
            334.0,
            527.4,
            511.7,
            375.1,
            492.26,
            438.42,
            388.89,
            433.61,
            472.64,
            576.86
        ],
        [
            394.11,
            451.85,
            576.96,
            379.0,
            331.71,
            465.83,
            338.32,
            491.68,
            null,
            437.21,
            458.3,
            516.92,
            385.61,
            325.25,
            516.44,
            484.89,
            366.85,
            482.16,
            441.56,
            478.0
        ],
        [
            391.34,
            576.22,
            505.14,
            551.74,
            352.96,
            413.71,
            438.08,
            578.83,
            534.46,
            null,
            355.44,
            489.35,
            444.62,
            426.39,
            537.09,
            373.03,
            399.38,
            569.43,
            354.1,
            505.54
        ],
        [
            519.12,
            339.64,
            380.01,
            385.13,
            378.71,
            555.0,
            431.41,
            466.9,
            370.97,
            520.21,
            null,
            356.52,
            522.36,
            417.07,
            331.93,
            532.62,
            436.46,
            423.01,
            556.86,
            478.71
        ],
        [
            523.21,
            378.52,
            534.48,
            466.4,
            397.08,
            381.08,
            544.95,
            556.84,
            464.7,
            565.2,
            492.31,
            null,
            451.31,
            344.13,
            428.02,
            470.06,
            425.61,
            404.25,
            412.55,
            550.25
        ],
        [
            352.57,
            361.64,
            513.92,
            363.78,
            407.72,
            557.57,
            483.21,
            341.29,
            413.22,
            465.62,
            327.87,
            461.1,
            null,
            396.75,
            431.51,
            503.28,
            401.8,
            530.39,
            453.9,
            500.96
        ],
        [
            393.55,
            350.19,
            323.13,
            407.78,
            447.44,
            441.82,
            567.08,
            571.52,
            440.67,
            329.08,
            350.64,
            473.47,
            473.64,
            null,
            454.27,
            392.41,
            431.08,
            576.38,
            338.39,
            496.54
        ],
        [
            335.54,
            463.44,
            533.05,
            554.13,
            357.33,
            375.37,
            371.12,
            398.26,
            387.42,
            399.67,
            436.24,
            366.29,
            337.84,
            534.27,
            null,
            563.19,
            461.8,
            463.81,
            389.92,
            488.98
        ],
        [
            551.2,
            483.72,
            380.1,
            347.34,
            329.73,
            450.54,
            573.44,
            479.7,
            356.51,
            498.44,
            555.72,
            398.74,
            555.83,
            438.29,
            422.99,
            null,
            577.24,
            578.3,
            466.77,
            489.2
        ],
        [
            321.65,
            384.57,
            545.53,
            374.78,
            559.28,
            438.96,
            453.1,
            455.51,
            452.89,
            524.94,
            368.66,
            464.71,
            565.85,
            460.2,
            528.72,
            379.86,
            null,
            531.51,
            428.78,
            492.96
        ],
        [
            558.19,
            561.12,
            444.65,
            482.09,
            447.88,
            428.71,
            412.01,
            324.76,
            448.49,
            345.45,
            334.62,
            518.51,
            408.08,
            567.59,
            373.04,
            332.77,
            480.72,
            null,
            406.74,
            475.65
        ],
        [
            449.05,
            571.05,
            379.3,
            371.49,
            567.08,
            577.56,
            397.69,
            356.7,
            503.81,
            321.75,
            487.59,
            567.73,
            553.08,
            423.88,
            471.63,
            446.36,
            541.83,
            422.91,
            null,
            494.45
        ],
        [
            372.93,
            337.34,
            338.64,
            480.27,
            576.03,
            537.54,
            516.49,
            509.7,
            344.88,
            345.51,
            416.26,
            404.19,
            488.94,
            569.74,
            438.99,
            378.49,
            541.21,
            549.9,
            482.64,
            null
        ]
    ],
    "tempos_processamento": [
        524.1,
        512.41,
        570.3,
        448.34,
        308.81,
        583.91,
        650.99,
        500.49,
        537.87,
        419.1,
        716.79,
        338.61,
        453.22,
        687.68,
        594.56,
        702.13,
        242.18,
        424.71,
        514.6,
        359.03
    ],
    "ready_times": [
        279.58,
        829.63,
        5965.68,
        6328.06,
        5514.36,
        7599.61,
        1549.88,
        4941.5,
        4318.61,
        1019.87,
        2004.11,
        860.47,
        1376.54,
        4534.1,
        4294.99,
        233.22,
        1672.75,
        7559.36,
        421.42,
        0.0
    ]
}