{
    "configuracao": {
        "codigo_cenario": "HHLHHLH",
        "nivel_ready_time": "alta",
        "variabilidade_processamento": "alta",
        "media_processamento": "baixa",
        "estrutura_setup": "assimetrica",
        "variabilidade_setup": "alta",
        "n_maquinas": 2,
        "n_medio_jobs_maquina": 10,
        "n_jobs": 20
    },
    "matriz_setup": [
        [
            null,
            343.89,
            392.98,
            418.63,
            397.53,
            439.22,
            517.5,
            328.72,
            518.65,
            560.23,
            360.56,
            377.89,
            401.74,
            350.88,
            325.05,
            374.87,
            497.36,
            432.34,
            359.07,
            462.23
        ],
        [
            510.61,
            null,
            329.06,
            452.55,
            378.03,
            422.53,
            557.19,
            333.45,
            342.49,
            381.64,
            327.03,
            321.17,
            342.99,
            476.0,
            515.14,
            394.29,
            544.34,
            324.74,
            531.15,
            478.74
        ],
        [
            505.98,
            506.73,
            null,
            450.44,
            344.15,
            530.62,
            449.93,
            375.87,
            355.9,
            440.13,
            437.39,
            509.31,
            543.19,
            383.12,
            494.09,
            492.95,
            451.94,
            513.04,
            330.44,
            379.55
        ],
        [
            562.63,
            557.92,
            562.91,
            null,
            431.8,
            358.9,
            568.83,
            438.33,
            384.03,
            415.49,
            437.24,
            325.85,
            417.26,
            328.47,
            399.17,
            355.31,
            551.73,
            416.44,
            545.23,
            327.22
        ],
        [
            410.25,
            349.7,
            324.16,
            326.38,
            null,
            520.54,
            321.69,
            387.66,
            569.64,
            496.93,
            568.61,
            349.8,
            477.2,
            448.21,
            418.65,
            480.32,
            547.72,
            496.51,
            429.12,
            430.82
        ],
        [
            343.52,
            537.33,
            488.61,
            387.81,
            559.73,
            null,
            513.32,
            421.69,
            502.19,
            568.29,
            337.48,
            450.43,
            337.95,
            433.33,
            428.86,
            379.92,
            499.12,
            524.56,
            521.88,
            424.36
        ],
        [
            504.69,
            467.25,
            416.3,
            577.51,
            504.1,
            376.46,
            null,
            532.06,
            386.05,
            507.01,
            330.4,
            563.78,
            426.44,
            494.95,
            343.06,
            572.72,
            507.92,
            363.09,
            499.34,
            446.77
        ],
        [
            324.56,
            478.84,
            485.62,
            554.51,
            574.35,
            357.85,
            431.2,
            null,
            565.0,
            506.65,
            491.68,
            573.75,
            421.42,
            569.82,
            450.86,
            515.77,
            420.52,
            485.83,
            436.45,
            397.74
        ],
        [
            370.37,
            477.74,
            457.46,
            494.67,
            379.12,
            476.26,
            331.05,
            520.32,
            null,
            350.21,
            404.9,
            577.21,
            535.12,
            557.47,
            473.3,
            502.02,
            537.79,
            430.8,
            513.22,
            448.41
        ],
        [
            542.58,
            469.63,
            507.33,
            424.05,
            435.06,
            339.27,
            500.46,
            450.44,
            433.51,
            null,
            485.74,
            459.02,
            356.28,
            508.53,
            464.17,
            575.77,
            516.54,
            446.44,
            496.25,
            425.17
        ],
        [
            442.31,
            465.33,
            467.07,
            348.75,
            487.5,
            484.41,
            504.0,
            455.26,
            444.53,
            577.73,
            null,
            554.23,
            343.92,
            574.41,
            380.94,
            568.57,
            499.37,
            578.18,
            525.09,
            531.58
        ],
        [
            397.74,
            486.69,
            393.01,
            423.98,
            518.38,
            523.09,
            521.78,
            371.59,
            345.33,
            373.42,
            508.57,
            null,
            570.58,
            342.63,
            330.98,
            394.22,
            443.1,
            421.47,
            516.85,
            542.28
        ],
        [
            561.43,
            557.82,
            324.45,
            558.86,
            480.7,
            551.84,
            380.6,
            501.72,
            539.5,
            512.05,
            497.95,
            394.38,
            null,
            370.68,
            346.46,
            415.4,
            470.11,
            470.6,
            568.23,
            504.39
        ],
        [
            530.0,
            569.02,
            520.16,
            325.94,
            444.59,
            497.6,
            540.26,
            515.74,
            560.09,
            463.83,
            409.5,
            482.63,
            564.44,
            null,
            513.74,
            325.82,
            570.34,
            335.06,
            493.66,
            326.31
        ],
        [
            569.77,
            325.51,
            370.4,
            345.59,
            408.87,
            492.62,
            381.44,
            408.5,
            558.05,
            376.34,
            464.23,
            416.11,
            372.47,
            499.78,
            null,
            377.66,
            407.91,
            328.17,
            361.2,
            434.57
        ],
        [
            382.87,
            516.82,
            492.99,
            441.64,
            515.98,
            566.92,
            382.03,
            441.54,
            469.14,
            496.3,
            540.09,
            512.86,
            511.03,
            509.9,
            508.91,
            null,
            491.63,
            471.8,
            402.72,
            532.44
        ],
        [
            368.7,
            466.08,
            397.58,
            579.78,
            396.56,
            481.11,
            354.88,
            429.3,
            548.98,
            570.78,
            453.75,
            473.02,
            347.69,
            523.67,
            400.21,
            450.04,
            null,
            460.03,
            399.54,
            532.05
        ],
        [
            567.23,
            560.34,
            436.41,
            501.81,
            558.62,
            334.24,
            389.2,
            441.43,
            332.06,
            387.11,
            571.13,
            495.61,
            482.08,
            536.23,
            499.5,
            491.05,
            336.34,
            null,
            536.56,
            537.72
        ],
        [
            413.43,
            516.81,
            384.77,
            513.15,
            540.88,
            516.09,
            344.54,
            529.61,
            457.86,
            516.26,
            566.29,
            539.94,
            385.02,
            518.56,
            325.14,
            456.8,
            500.13,
            420.74,
            null,
            544.47
        ],
        [
            403.68,
            361.79,
            428.38,
            476.34,
            413.71,
            371.27,
            349.01,
            557.99,
            412.58,
            477.87,
            535.06,
            387.97,
            387.45,
            333.89,
            576.71,
            541.1,
            443.81,
            346.87,
            367.29,
            null
        ]
    ],
    "tempos_processamento": [
        569.05,
        580.33,
        489.07,
        453.26,
        308.72,
        586.06,
        299.24,
        689.95,
        669.08,
        638.05,
        180.25,
        683.45,
        313.82,
        716.94,
        361.38,
        255.33,
        494.83,
        488.74,
        193.42,
        659.55
    ],
    "ready_times": [
        2401.57,
        0.0,
        4467.3,
        3060.77,
        1965.66,
        6112.88,
        2825.84,
        4960.79,
        2773.03,
        2894.75,
        7509.37,
        3773.07,
        4749.38,
        5687.49,
        6664.12,
        2477.8,
        1135.88,
        3658.96,
        4337.3,
        785.89
    ]
}