{
    "configuracao": {
        "codigo_cenario": "HHLHHLH",
        "nivel_ready_time": "alta",
        "variabilidade_processamento": "alta",
        "media_processamento": "baixa",
        "estrutura_setup": "assimetrica",
        "variabilidade_setup": "alta",
        "n_maquinas": 2,
        "n_medio_jobs_maquina": 10,
        "n_jobs": 20
    },
    "matriz_setup": [
        [
            null,
            417.6,
            488.1,
            381.22,
            467.64,
            487.73,
            492.09,
            495.59,
            429.53,
            385.01,
            579.18,
            427.64,
            425.51,
            546.35,
            366.35,
            470.59,
            382.7,
            440.7,
            535.85,
            392.96
        ],
        [
            567.58,
            null,
            340.98,
            457.97,
            507.86,
            547.28,
            563.99,
            551.0,
            398.6,
            407.98,
            411.17,
            514.59,
            334.56,
            442.28,
            479.2,
            417.53,
            490.79,
            508.73,
            507.41,
            450.0
        ],
        [
            569.46,
            396.5,
            null,
            475.77,
            406.85,
            532.79,
            344.61,
            494.95,
            474.69,
            324.14,
            451.8,
            366.45,
            393.26,
            397.9,
            549.36,
            350.32,
            523.37,
            329.58,
            325.34,
            396.05
        ],
        [
            352.11,
            329.75,
            417.25,
            null,
            520.94,
            388.03,
            534.31,
            482.42,
            511.79,
            325.34,
            321.58,
            539.59,
            326.47,
            329.21,
            361.8,
            416.45,
            477.9,
            489.38,
            527.38,
            378.8
        ],
        [
            538.53,
            535.74,
            421.9,
            424.96,
            null,
            504.22,
            398.97,
            473.67,
            439.54,
            479.21,
            331.82,
            443.38,
            451.21,
            481.11,
            487.22,
            573.32,
            389.52,
            458.04,
            527.89,
            457.35
        ],
        [
            476.84,
            550.52,
            404.39,
            349.58,
            464.49,
            null,
            501.56,
            546.97,
            449.12,
            440.92,
            350.46,
            404.88,
            493.26,
            454.49,
            548.14,
            342.78,
            554.65,
            493.97,
            484.98,
            393.7
        ],
        [
            323.48,
            397.35,
            419.39,
            480.72,
            396.32,
            410.23,
            null,
            472.68,
            432.96,
            554.36,
            557.53,
            496.97,
            340.15,
            413.07,
            550.65,
            336.77,
            508.79,
            351.12,
            405.02,
            530.89
        ],
        [
            544.36,
            561.17,
            543.59,
            422.67,
            460.49,
            325.33,
            574.94,
            null,
            331.64,
            412.92,
            322.85,
            534.12,
            419.08,
            577.56,
            532.44,
            432.99,
            371.12,
            430.57,
            470.6,
            389.42
        ],
        [
            395.26,
            322.02,
            548.16,
            435.41,
            553.61,
            551.03,
            442.59,
            536.57,
            null,
            430.24,
            428.63,
            577.3,
            388.61,
            542.62,
            453.11,
            436.1,
            334.93,
            348.36,
            367.77,
            475.48
        ],
        [
            544.01,
            373.99,
            361.1,
            463.96,
            384.09,
            447.8,
            482.5,
            483.24,
            489.41,
            null,
            402.57,
            407.18,
            433.54,
            509.54,
            545.96,
            347.06,
            514.82,
            366.28,
            502.51,
            440.63
        ],
        [
            385.18,
            383.82,
            439.05,
            345.91,
            469.18,
            466.07,
            569.66,
            536.27,
            500.94,
            532.95,
            null,
            532.39,
            541.56,
            575.88,
            342.6,
            330.76,
            325.25,
            560.27,
            520.84,
            370.25
        ],
        [
            471.75,
            330.6,
            492.34,
            514.26,
            361.83,
            449.25,
            467.43,
            475.49,
            442.83,
            515.23,
            356.86,
            null,
            380.84,
            563.34,
            442.37,
            435.91,
            431.15,
            342.57,
            579.55,
            394.93
        ],
        [
            350.51,
            356.33,
            529.81,
            418.76,
            530.67,
            400.91,
            446.24,
            521.84,
            481.42,
            344.76,
            394.33,
            397.93,
            null,
            425.01,
            328.27,
            372.21,
            421.52,
            453.4,
            349.71,
            562.85
        ],
        [
            353.56,
            578.67,
            520.6,
            392.86,
            434.06,
            335.92,
            464.69,
            534.54,
            385.55,
            532.23,
            364.27,
            366.4,
            357.77,
            null,
            440.92,
            475.89,
            546.54,
            374.79,
            325.08,
            487.82
        ],
        [
            459.35,
            401.76,
            546.92,
            562.58,
            500.98,
            369.3,
            424.62,
            486.1,
            428.78,
            451.54,
            510.4,
            527.2,
            433.62,
            566.42,
            null,
            394.91,
            535.22,
            345.34,
            506.33,
            460.42
        ],
        [
            475.57,
            329.48,
            529.37,
            334.83,
            471.76,
            323.67,
            441.81,
            488.23,
            412.72,
            387.85,
            507.44,
            461.71,
            470.65,
            427.83,
            571.49,
            null,
            546.33,
            456.37,
            528.79,
            493.9
        ],
        [
            389.12,
            423.83,
            489.2,
            466.23,
            574.17,
            481.78,
            556.99,
            394.88,
            404.62,
            535.06,
            572.81,
            546.32,
            473.92,
            461.07,
            570.91,
            459.55,
            null,
            506.76,
            536.76,
            551.24
        ],
        [
            502.8,
            454.41,
            321.38,
            348.78,
            465.94,
            511.54,
            520.59,
            364.96,
            350.75,
            380.0,
            566.58,
            350.88,
            577.85,
            418.82,
            497.18,
            496.59,
            358.09,
            null,
            445.47,
            439.42
        ],
        [
            345.0,
            505.71,
            393.23,
            352.36,
            573.82,
            544.48,
            494.52,
            322.6,
            344.39,
            343.55,
            512.91,
            459.11,
            380.88,
            546.43,
            322.05,
            410.39,
            478.88,
            413.05,
            null,
            385.11
        ],
        [
            370.25,
            528.1,
            571.96,
            572.45,
            435.47,
            341.62,
            392.8,
            443.63,
            326.82,
            321.15,
            400.53,
            353.22,
            361.57,
            447.61,
            436.53,
            324.76,
            559.2,
            471.46,
            333.8,
            null
        ]
    ],
    "tempos_processamento": [
        219.06,
        287.36,
        402.8,
        473.09,
        712.64,
        719.79,
        469.19,
        690.48,
        517.36,
        259.34,
        403.81,
        592.71,
        216.76,
        301.4,
        431.42,
        555.13,
        271.84,
        254.51,
        261.62,
        351.57
    ],
    "ready_times": [
        1573.25,
        7489.13,
        7680.16,
        5436.65,
        4935.35,
        2670.88,
        7492.01,
        3779.52,
        6450.58,
        7514.92,
        5812.85,
        931.32,
        514.82,
        5617.63,
        2860.37,
        7403.54,
        0.0,
        1724.7,
        1623.66,
        2081.29
    ]
}