{
    "configuracao": {
        "codigo_cenario": "HHLHHLH",
        "nivel_ready_time": "alta",
        "variabilidade_processamento": "alta",
        "media_processamento": "baixa",
        "estrutura_setup": "assimetrica",
        "variabilidade_setup": "alta",
        "n_maquinas": 2,
        "n_medio_jobs_maquina": 10,
        "n_jobs": 20
    },
    "matriz_setup": [
        [
            null,
            511.26,
            382.77,
            448.38,
            321.25,
            531.42,
            403.93,
            428.52,
            410.53,
            552.08,
            430.72,
            377.62,
            395.14,
            552.38,
            425.93,
            512.53,
            388.78,
            344.87,
            476.68,
            464.14
        ],
        [
            501.3,
            null,
            484.95,
            459.66,
            386.47,
            345.29,
            387.9,
            531.17,
            444.76,
            362.78,
            537.57,
            578.5,
            372.3,
            403.56,
            445.94,
            472.1,
            432.9,
            379.12,
            533.91,
            366.24
        ],
        [
            361.33,
            320.58,
            null,
            370.35,
            467.44,
            536.34,
            491.21,
            538.88,
            459.53,
            327.91,
            478.22,
            510.28,
            469.83,
            357.32,
            356.01,
            432.87,
            347.34,
            342.83,
            327.51,
            459.15
        ],
        [
            447.57,
            339.1,
            352.37,
            null,
            331.39,
            444.05,
            428.74,
            526.41,
            449.66,
            539.8,
            532.01,
            531.4,
            439.48,
            347.6,
            499.49,
            384.47,
            394.61,
            552.31,
            409.71,
            506.25
        ],
        [
            455.89,
            469.95,
            517.7,
            577.01,
            null,
            432.81,
            520.05,
            481.22,
            469.77,
            398.04,
            371.7,
            507.21,
            507.61,
            466.1,
            524.39,
            492.47,
            397.41,
            437.02,
            367.46,
            532.75
        ],
        [
            528.15,
            453.0,
            467.66,
            508.16,
            325.25,
            null,
            437.46,
            412.24,
            409.17,
            432.96,
            433.56,
            359.44,
            385.51,
            533.11,
            480.09,
            565.92,
            560.58,
            398.46,
            464.92,
            488.27
        ],
        [
            575.18,
            418.13,
            342.67,
            327.22,
            563.53,
            340.89,
            null,
            343.98,
            519.52,
            322.05,
            568.62,
            533.28,
            330.42,
            422.09,
            527.84,
            511.64,
            475.44,
            337.79,
            538.53,
            439.33
        ],
        [
            502.97,
            475.05,
            521.91,
            420.42,
            513.31,
            533.29,
            486.49,
            null,
            398.17,
            499.56,
            547.39,
            356.51,
            334.84,
            445.51,
            369.62,
            391.01,
            440.21,
            349.61,
            380.51,
            372.96
        ],
        [
            356.06,
            446.89,
            485.86,
            495.07,
            394.78,
            405.55,
            461.38,
            376.78,
            null,
            549.11,
            378.87,
            578.79,
            334.1,
            449.46,
            390.35,
            563.88,
            436.12,
            440.78,
            447.33,
            457.42
        ],
        [
            478.86,
            507.78,
            511.66,
            418.0,
            346.71,
            465.46,
            385.22,
            340.48,
            485.82,
            null,
            384.3,
            476.93,
            445.75,
            362.12,
            553.88,
            438.19,
            373.22,
            528.8,
            527.43,
            550.28
        ],
        [
            446.47,
            430.89,
            548.25,
            383.09,
            341.02,
            367.63,
            392.94,
            358.93,
            478.15,
            385.95,
            null,
            387.69,
            415.41,
            512.62,
            431.89,
            558.41,
            341.15,
            485.61,
            488.66,
            483.7
        ],
        [
            509.7,
            352.56,
            326.37,
            395.48,
            347.45,
            557.29,
            320.31,
            572.2,
            353.99,
            491.49,
            351.69,
            null,
            531.85,
            384.33,
            348.12,
            452.97,
            493.38,
            451.92,
            420.93,
            417.04
        ],
        [
            504.84,
            559.71,
            548.91,
            466.06,
            568.07,
            364.86,
            516.96,
            533.13,
            444.32,
            425.44,
            485.92,
            473.09,
            null,
            484.91,
            454.51,
            390.88,
            367.36,
            331.75,
            390.74,
            538.71
        ],
        [
            470.25,
            464.78,
            520.2,
            554.07,
            485.87,
            545.54,
            515.77,
            566.91,
            371.31,
            475.61,
            356.91,
            397.56,
            400.13,
            null,
            565.25,
            577.31,
            436.3,
            328.53,
            461.86,
            408.48
        ],
        [
            567.17,
            468.46,
            478.15,
            468.03,
            471.38,
            556.5,
            418.5,
            396.98,
            491.1,
            376.6,
            574.69,
            526.68,
            533.33,
            322.85,
            null,
            510.37,
            526.87,
            563.13,
            541.37,
            441.05
        ],
        [
            424.86,
            533.26,
            394.98,
            490.4,
            382.86,
            360.97,
            575.44,
            518.78,
            334.83,
            341.11,
            361.08,
            565.21,
            509.03,
            526.01,
            541.93,
            null,
            561.95,
            336.33,
            386.36,
            397.18
        ],
        [
            570.92,
            393.87,
            413.51,
            425.56,
            528.31,
            484.4,
            417.52,
            393.63,
            388.91,
            428.37,
            546.59,
            517.25,
            475.71,
            383.72,
            394.24,
            430.85,
            null,
            383.63,
            574.24,
            498.39
        ],
        [
            491.23,
            447.88,
            389.33,
            541.25,
            401.6,
            344.49,
            439.64,
            579.73,
            482.35,
            435.78,
            435.61,
            560.89,
            456.43,
            364.06,
            400.31,
            359.39,
            362.71,
            null,
            506.31,
            397.78
        ],
        [
            563.44,
            441.04,
            519.77,
            358.05,
            385.19,
            482.61,
            538.27,
            501.1,
            383.86,
            403.25,
            335.93,
            552.59,
            405.36,
            466.87,
            349.39,
            560.36,
            383.29,
            526.82,
            null,
            466.68
        ],
        [
            325.73,
            514.3,
            559.58,
            574.03,
            493.15,
            375.14,
            553.08,
            442.74,
            321.23,
            394.1,
            557.93,
            445.01,
            464.86,
            439.19,
            336.63,
            358.95,
            418.1,
            550.44,
            497.78,
            null
        ]
    ],
    "tempos_processamento": [
        678.29,
        643.07,
        504.83,
        217.95,
        350.31,
        273.75,
        263.09,
        447.39,
        533.49,
        367.86,
        408.1,
        205.17,
        622.34,
        412.31,
        538.06,
        663.02,
        361.85,
        354.67,
        637.05,
        290.93
    ],
    "ready_times": [
        326.29,
        1204.84,
        5219.16,
        2025.4,
        556.51,
        3434.67,
        6940.5,
        0.0,
        4724.48,
        639.04,
        860.89,
        6335.32,
        6083.44,
        6988.28,
        303.98,
        4515.86,
        3425.86,
        479.24,
        7594.35,
        6541.62
    ]
}