{
    "configuracao": {
        "codigo_cenario": "HHHHLLH",
        "nivel_ready_time": "alta",
        "variabilidade_processamento": "alta",
        "media_processamento": "alta",
        "estrutura_setup": "assimetrica",
        "variabilidade_setup": "baixa",
        "n_maquinas": 2,
        "n_medio_jobs_maquina": 10,
        "n_jobs": 20
    },
    "matriz_setup": [
        [
            null,
            478.67,
            404.74,
            507.06,
            459.54,
            488.2,
            427.7,
            508.45,
            506.08,
            475.87,
            415.13,
            402.61,
            458.73,
            509.97,
            404.87,
            460.45,
            410.89,
            481.74,
            487.57,
            464.69
        ],
        [
            407.09,
            null,
            466.98,
            445.37,
            435.59,
            417.98,
            476.41,
            452.99,
            472.36,
            453.5,
            430.87,
            434.87,
            488.42,
            410.79,
            474.01,
            514.15,
            388.26,
            404.04,
            464.43,
            468.64
        ],
        [
            420.99,
            457.46,
            null,
            480.36,
            464.29,
            403.5,
            406.04,
            411.64,
            504.3,
            466.25,
            512.14,
            444.4,
            449.44,
            483.48,
            390.52,
            511.98,
            407.83,
            462.71,
            391.05,
            482.1
        ],
        [
            501.59,
            496.28,
            411.75,
            null,
            470.83,
            435.16,
            480.36,
            476.17,
            504.16,
            439.42,
            462.45,
            420.62,
            440.93,
            409.11,
            444.93,
            401.4,
            432.6,
            404.6,
            489.87,
            416.64
        ],
        [
            494.5,
            441.85,
            478.92,
            475.21,
            null,
            398.95,
            431.99,
            461.02,
            460.27,
            427.56,
            503.79,
            391.34,
            488.56,
            463.83,
            424.75,
            406.08,
            391.31,
            437.87,
            473.45,
            505.28
        ],
        [
            404.46,
            447.56,
            448.79,
            467.33,
            403.17,
            null,
            422.92,
            413.44,
            514.49,
            390.63,
            469.03,
            507.0,
            485.79,
            394.92,
            414.64,
            387.83,
            409.05,
            498.37,
            420.45,
            434.7
        ],
        [
            483.91,
            420.13,
            424.54,
            442.82,
            441.85,
            387.99,
            null,
            433.72,
            485.41,
            459.69,
            396.92,
            441.08,
            426.24,
            403.51,
            512.05,
            476.17,
            436.71,
            466.08,
            397.32,
            466.89
        ],
        [
            431.33,
            446.51,
            446.11,
            472.52,
            460.54,
            504.77,
            440.64,
            null,
            471.85,
            511.71,
            483.77,
            513.44,
            441.55,
            399.08,
            431.27,
            423.88,
            488.4,
            484.92,
            496.94,
            466.58
        ],
        [
            455.94,
            443.29,
            442.52,
            456.15,
            501.07,
            512.45,
            487.93,
            392.77,
            null,
            473.17,
            474.32,
            514.49,
            394.63,
            431.35,
            443.56,
            401.12,
            483.49,
            446.23,
            501.47,
            413.1
        ],
        [
            470.39,
            494.17,
            465.82,
            493.88,
            484.92,
            498.73,
            463.01,
            432.1,
            495.02,
            null,
            448.56,
            509.51,
            500.36,
            408.22,
            446.76,
            444.22,
            404.98,
            509.77,
            419.45,
            467.11
        ],
        [
            413.08,
            503.52,
            450.73,
            452.49,
            503.54,
            449.53,
            451.93,
            403.41,
            426.74,
            443.34,
            null,
            440.48,
            465.27,
            503.59,
            418.61,
            480.41,
            510.44,
            429.54,
            484.81,
            485.38
        ],
        [
            474.46,
            395.84,
            386.24,
            483.07,
            407.83,
            386.33,
            478.95,
            449.54,
            422.18,
            478.83,
            399.14,
            null,
            407.66,
            425.74,
            392.82,
            457.79,
            434.75,
            423.33,
            421.04,
            394.47
        ],
        [
            396.01,
            492.32,
            401.97,
            441.78,
            453.67,
            421.96,
            455.02,
            437.7,
            401.21,
            390.81,
            477.96,
            468.41,
            null,
            439.94,
            386.51,
            405.72,
            392.22,
            469.77,
            441.54,
            490.47
        ],
        [
            392.38,
            436.49,
            387.91,
            432.85,
            483.46,
            433.55,
            390.15,
            469.33,
            419.91,
            407.58,
            443.46,
            463.38,
            411.01,
            null,
            426.98,
            409.4,
            391.58,
            465.72,
            389.05,
            488.16
        ],
        [
            416.4,
            483.89,
            451.99,
            405.53,
            433.89,
            472.15,
            463.98,
            488.71,
            503.47,
            424.86,
            397.44,
            476.66,
            411.22,
            475.99,
            null,
            387.79,
            448.67,
            484.68,
            438.35,
            443.68
        ],
        [
            443.84,
            391.5,
            439.58,
            509.5,
            431.54,
            485.15,
            387.04,
            418.29,
            491.64,
            487.41,
            412.13,
            508.76,
            475.66,
            462.47,
            509.49,
            null,
            457.17,
            417.68,
            470.14,
            504.5
        ],
        [
            507.67,
            438.42,
            475.42,
            451.26,
            444.24,
            393.97,
            389.93,
            426.04,
            481.09,
            454.82,
            482.79,
            387.09,
            482.03,
            473.0,
            460.05,
            451.35,
            null,
            491.39,
            436.4,
            425.03
        ],
        [
            429.8,
            490.62,
            429.15,
            480.33,
            386.68,
            410.37,
            414.01,
            398.38,
            446.7,
            484.04,
            484.3,
            421.66,
            455.59,
            490.45,
            388.75,
            412.56,
            438.06,
            null,
            471.86,
            431.92
        ],
        [
            427.41,
            461.28,
            472.36,
            474.52,
            502.49,
            444.34,
            408.42,
            392.12,
            475.4,
            510.64,
            396.59,
            424.42,
            449.42,
            426.56,
            496.51,
            513.92,
            385.28,
            417.58,
            null,
            460.79
        ],
        [
            441.16,
            507.89,
            461.61,
            457.57,
            452.27,
            481.57,
            438.6,
            387.87,
            415.13,
            512.91,
            497.97,
            514.12,
            421.88,
            429.43,
            439.53,
            465.4,
            491.18,
            457.97,
            430.42,
            null
        ]
    ],
    "tempos_processamento": [
        5025.11,
        2288.5,
        4242.82,
        3184.91,
        5040.69,
        3116.69,
        7013.43,
        7012.54,
        3946.75,
        2919.47,
        5484.91,
        5566.04,
        2934.23,
        5006.51,
        4460.8,
        2727.93,
        2799.37,
        2929.95,
        6201.61,
        6215.51
    ],
    "ready_times": [
        42615.41,
        40368.5,
        32296.29,
        5329.78,
        749.22,
        3303.61,
        21689.06,
        42002.22,
        22244.17,
        34069.65,
        106.5,
        0.0,
        3229.12,
        18791.23,
        12992.75,
        27962.94,
        26006.57,
        10798.36,
        32841.77,
        10597.44
    ]
}