{
    "configuracao": {
        "codigo_cenario": "HHHHLLH",
        "nivel_ready_time": "alta",
        "variabilidade_processamento": "alta",
        "media_processamento": "alta",
        "estrutura_setup": "assimetrica",
        "variabilidade_setup": "baixa",
        "n_maquinas": 2,
        "n_medio_jobs_maquina": 10,
        "n_jobs": 20
    },
    "matriz_setup": [
        [
            null,
            396.1,
            399.86,
            502.23,
            510.57,
            472.68,
            506.31,
            431.04,
            487.06,
            439.9,
            496.63,
            408.97,
            459.1,
            405.23,
            458.11,
            413.91,
            495.36,
            513.17,
            465.48,
            395.79
        ],
        [
            429.71,
            null,
            438.35,
            513.34,
            462.44,
            469.56,
            430.21,
            468.86,
            510.22,
            510.78,
            482.65,
            446.83,
            408.72,
            484.54,
            475.48,
            506.68,
            514.33,
            431.45,
            454.65,
            497.51
        ],
        [
            481.24,
            491.43,
            null,
            445.76,
            389.21,
            427.81,
            396.91,
            513.07,
            482.08,
            473.17,
            497.86,
            437.45,
            485.37,
            514.28,
            412.78,
            397.48,
            443.29,
            471.14,
            447.06,
            492.28
        ],
        [
            501.22,
            499.14,
            486.24,
            null,
            387.91,
            478.03,
            435.54,
            437.03,
            429.11,
            504.7,
            508.8,
            410.96,
            472.4,
            385.54,
            477.26,
            477.29,
            506.5,
            485.96,
            512.36,
            490.07
        ],
        [
            429.99,
            466.82,
            495.94,
            412.78,
            null,
            396.93,
            450.78,
            441.06,
            430.33,
            473.33,
            385.11,
            457.67,
            434.49,
            491.0,
            410.45,
            387.03,
            466.69,
            435.85,
            511.26,
            470.85
        ],
        [
            511.83,
            500.95,
            416.58,
            444.04,
            399.4,
            null,
            442.69,
            505.82,
            437.03,
            467.41,
            425.04,
            434.93,
            484.28,
            416.6,
            497.3,
            463.58,
            446.66,
            468.95,
            500.3,
            479.85
        ],
        [
            454.36,
            483.75,
            427.22,
            475.71,
            447.5,
            457.3,
            null,
            484.02,
            421.5,
            484.15,
            486.79,
            461.52,
            504.2,
            392.12,
            457.02,
            434.08,
            432.78,
            444.85,
            387.05,
            482.06
        ],
        [
            439.47,
            467.5,
            439.55,
            426.39,
            415.25,
            440.19,
            480.68,
            null,
            467.62,
            441.09,
            402.66,
            391.21,
            487.7,
            412.25,
            514.22,
            457.53,
            447.43,
            405.15,
            454.72,
            412.13
        ],
        [
            473.56,
            461.11,
            466.12,
            391.22,
            498.94,
            424.43,
            496.3,
            509.24,
            null,
            469.8,
            415.59,
            450.38,
            405.2,
            491.14,
            399.85,
            473.49,
            504.9,
            410.33,
            473.92,
            430.43
        ],
        [
            387.54,
            470.7,
            464.91,
            444.22,
            455.82,
            475.09,
            481.23,
            394.91,
            461.38,
            null,
            425.52,
            405.26,
            441.05,
            431.4,
            431.0,
            499.14,
            408.99,
            410.43,
            420.79,
            397.48
        ],
        [
            458.8,
            422.88,
            427.95,
            410.73,
            406.72,
            438.18,
            404.75,
            468.95,
            406.15,
            453.98,
            null,
            469.54,
            422.77,
            486.61,
            480.27,
            440.36,
            485.78,
            439.56,
            394.14,
            503.95
        ],
        [
            495.97,
            504.7,
            460.66,
            387.25,
            428.43,
            435.3,
            475.69,
            433.69,
            510.78,
            503.97,
            437.44,
            null,
            484.5,
            478.47,
            476.13,
            435.58,
            493.23,
            510.58,
            437.94,
            403.43
        ],
        [
            389.03,
            460.81,
            472.34,
            465.58,
            451.7,
            466.6,
            413.89,
            501.8,
            502.99,
            455.76,
            491.59,
            416.7,
            null,
            491.8,
            439.89,
            491.22,
            503.82,
            451.83,
            393.85,
            414.7
        ],
        [
            470.17,
            456.03,
            492.8,
            498.54,
            406.48,
            388.52,
            457.3,
            438.25,
            488.64,
            430.99,
            441.58,
            446.41,
            398.59,
            null,
            430.24,
            477.05,
            419.24,
            459.71,
            407.52,
            466.45
        ],
        [
            419.98,
            464.05,
            467.76,
            503.31,
            428.75,
            438.5,
            398.09,
            442.29,
            512.77,
            451.38,
            423.69,
            411.46,
            427.29,
            422.03,
            null,
            447.03,
            418.93,
            407.81,
            473.48,
            395.33
        ],
        [
            510.41,
            465.6,
            417.81,
            389.71,
            412.87,
            498.05,
            470.97,
            401.88,
            450.11,
            481.79,
            441.91,
            449.39,
            455.17,
            487.33,
            460.53,
            null,
            451.52,
            391.27,
            466.63,
            418.81
        ],
        [
            433.64,
            422.06,
            499.12,
            437.41,
            491.8,
            465.93,
            476.16,
            415.05,
            437.54,
            434.75,
            414.81,
            427.17,
            428.75,
            407.89,
            415.08,
            407.83,
            null,
            497.0,
            510.57,
            458.05
        ],
        [
            408.56,
            506.06,
            408.25,
            391.52,
            472.22,
            436.99,
            423.83,
            435.13,
            444.1,
            430.39,
            394.94,
            447.25,
            466.14,
            412.33,
            476.52,
            438.53,
            469.24,
            null,
            385.97,
            409.56
        ],
        [
            443.71,
            473.33,
            500.77,
            470.29,
            482.91,
            463.61,
            509.33,
            387.64,
            457.8,
            514.1,
            510.47,
            398.01,
            452.69,
            497.16,
            502.54,
            393.84,
            397.85,
            430.56,
            null,
            458.66
        ],
        [
            424.99,
            500.29,
            454.54,
            464.21,
            404.47,
            439.75,
            466.01,
            421.79,
            482.12,
            409.68,
            394.64,
            477.07,
            451.61,
            499.72,
            439.06,
            495.73,
            426.73,
            436.2,
            390.48,
            null
        ]
    ],
    "tempos_processamento": [
        5722.1,
        3898.21,
        6452.73,
        6507.83,
        4180.26,
        3036.19,
        5999.58,
        4592.55,
        4698.8,
        4787.52,
        5384.94,
        4132.08,
        4966.54,
        6695.74,
        7112.33,
        3879.35,
        2625.35,
        6650.88,
        6062.27,
        2866.78
    ],
    "ready_times": [
        16039.53,
        2720.39,
        32973.03,
        0.0,
        31234.13,
        1658.47,
        35050.17,
        13601.39,
        17317.63,
        3787.01,
        6004.71,
        2248.5,
        37573.05,
        16601.16,
        28226.84,
        14357.66,
        33752.53,
        32830.63,
        10573.26,
        2134.49
    ]
}