{
    "configuracao": {
        "codigo_cenario": "HHHHLLH",
        "nivel_ready_time": "alta",
        "variabilidade_processamento": "alta",
        "media_processamento": "alta",
        "estrutura_setup": "assimetrica",
        "variabilidade_setup": "baixa",
        "n_maquinas": 2,
        "n_medio_jobs_maquina": 10,
        "n_jobs": 20
    },
    "matriz_setup": [
        [
            null,
            462.35,
            467.16,
            424.69,
            403.24,
            443.82,
            476.55,
            454.24,
            432.51,
            483.91,
            498.07,
            421.4,
            472.9,
            388.72,
            433.42,
            506.18,
            503.93,
            486.17,
            470.14,
            506.78
        ],
        [
            462.19,
            null,
            387.48,
            419.49,
            418.49,
            393.57,
            513.81,
            398.8,
            476.37,
            448.83,
            490.0,
            392.53,
            416.42,
            399.41,
            396.4,
            438.29,
            445.34,
            409.12,
            416.19,
            491.11
        ],
        [
            510.8,
            443.31,
            null,
            406.42,
            434.83,
            407.5,
            418.48,
            411.8,
            418.71,
            505.67,
            505.98,
            425.05,
            405.63,
            492.03,
            470.0,
            475.55,
            409.8,
            407.83,
            388.34,
            461.59
        ],
        [
            404.58,
            416.69,
            475.94,
            null,
            395.71,
            490.13,
            403.31,
            503.51,
            451.24,
            426.23,
            480.75,
            401.92,
            469.49,
            434.82,
            411.39,
            407.53,
            458.72,
            457.44,
            421.77,
            507.87
        ],
        [
            509.0,
            391.65,
            391.49,
            476.89,
            null,
            392.41,
            423.17,
            400.28,
            418.14,
            415.77,
            418.06,
            434.11,
            431.68,
            481.41,
            439.75,
            505.99,
            480.43,
            443.16,
            465.48,
            510.67
        ],
        [
            464.92,
            431.32,
            431.01,
            445.03,
            478.3,
            null,
            469.53,
            467.44,
            425.41,
            513.69,
            485.2,
            467.04,
            511.67,
            492.58,
            388.3,
            489.87,
            417.33,
            435.26,
            459.83,
            501.06
        ],
        [
            514.31,
            467.73,
            434.26,
            420.52,
            394.12,
            453.27,
            null,
            479.15,
            457.49,
            424.57,
            469.65,
            487.42,
            496.76,
            506.86,
            420.54,
            486.69,
            457.97,
            386.97,
            453.7,
            415.09
        ],
        [
            441.52,
            430.23,
            386.47,
            488.68,
            491.72,
            450.07,
            438.5,
            null,
            453.82,
            459.64,
            514.67,
            407.48,
            484.2,
            448.83,
            484.32,
            439.05,
            417.12,
            493.93,
            489.83,
            496.15
        ],
        [
            408.63,
            460.87,
            438.3,
            505.46,
            501.59,
            428.15,
            479.28,
            466.9,
            null,
            464.72,
            479.03,
            419.16,
            442.98,
            487.4,
            414.04,
            406.9,
            500.5,
            489.8,
            415.58,
            398.66
        ],
        [
            392.93,
            491.66,
            478.21,
            485.84,
            452.53,
            420.65,
            416.64,
            388.22,
            470.76,
            null,
            431.06,
            391.75,
            440.61,
            473.68,
            482.76,
            436.34,
            441.77,
            492.9,
            438.6,
            446.08
        ],
        [
            460.51,
            509.48,
            416.87,
            442.77,
            454.0,
            411.78,
            397.25,
            393.31,
            437.85,
            397.28,
            null,
            455.22,
            479.78,
            450.06,
            385.7,
            461.11,
            406.56,
            390.55,
            449.54,
            464.27
        ],
        [
            400.74,
            436.33,
            430.79,
            437.32,
            430.02,
            478.98,
            474.14,
            494.43,
            395.64,
            480.66,
            475.46,
            null,
            422.71,
            513.9,
            479.91,
            468.45,
            490.65,
            413.14,
            433.2,
            441.72
        ],
        [
            462.74,
            434.36,
            511.17,
            392.75,
            387.46,
            407.94,
            477.02,
            419.57,
            445.5,
            442.53,
            500.16,
            424.3,
            null,
            486.8,
            436.48,
            500.54,
            492.93,
            391.82,
            407.34,
            481.3
        ],
        [
            410.66,
            405.89,
            440.06,
            457.32,
            413.81,
            475.04,
            495.7,
            491.62,
            448.07,
            393.42,
            393.6,
            496.46,
            462.42,
            null,
            439.7,
            448.65,
            419.93,
            507.54,
            410.87,
            479.0
        ],
        [
            511.46,
            434.44,
            475.28,
            445.35,
            390.73,
            508.89,
            509.49,
            386.69,
            461.48,
            481.3,
            481.93,
            419.15,
            486.28,
            494.28,
            null,
            441.41,
            437.95,
            503.72,
            405.31,
            494.52
        ],
        [
            480.49,
            506.83,
            438.51,
            496.09,
            514.75,
            503.19,
            488.45,
            420.76,
            411.57,
            502.06,
            441.57,
            455.18,
            507.0,
            412.15,
            427.84,
            null,
            414.8,
            439.48,
            504.23,
            403.97
        ],
        [
            436.94,
            444.64,
            413.33,
            498.33,
            469.24,
            426.57,
            451.33,
            414.13,
            411.61,
            495.43,
            498.87,
            448.03,
            456.37,
            463.97,
            449.4,
            394.24,
            null,
            459.51,
            432.24,
            460.25
        ],
        [
            504.61,
            425.29,
            428.12,
            453.17,
            512.76,
            506.08,
            408.67,
            432.99,
            488.99,
            416.15,
            475.55,
            500.83,
            485.3,
            447.99,
            393.92,
            449.09,
            443.74,
            null,
            438.17,
            448.52
        ],
        [
            416.79,
            387.61,
            511.86,
            402.7,
            500.52,
            402.86,
            461.54,
            497.14,
            426.97,
            490.77,
            399.41,
            418.21,
            413.1,
            398.58,
            433.77,
            448.52,
            500.53,
            497.94,
            null,
            507.99
        ],
        [
            501.27,
            501.57,
            388.82,
            406.86,
            446.06,
            392.55,
            400.58,
            474.43,
            429.51,
            497.21,
            419.84,
            403.79,
            461.06,
            464.5,
            425.31,
            467.79,
            451.8,
            484.37,
            455.65,
            null
        ]
    ],
    "tempos_processamento": [
        4428.71,
        2136.75,
        2984.19,
        2303.73,
        3339.63,
        6199.01,
        5310.6,
        1950.97,
        7169.22,
        5320.37,
        4113.67,
        3431.76,
        5464.04,
        6633.33,
        2850.46,
        3650.11,
        2954.69,
        5513.08,
        1826.21,
        6811.17
    ],
    "ready_times": [
        15017.69,
        40054.56,
        12142.43,
        22235.17,
        7224.75,
        20199.88,
        694.97,
        28150.56,
        7703.46,
        15888.24,
        11787.43,
        3703.24,
        0.0,
        28098.09,
        29147.38,
        8098.73,
        21093.05,
        17797.65,
        8236.62,
        24032.91
    ]
}