{
    "configuracao": {
        "codigo_cenario": "HHHHLLH",
        "nivel_ready_time": "alta",
        "variabilidade_processamento": "alta",
        "media_processamento": "alta",
        "estrutura_setup": "assimetrica",
        "variabilidade_setup": "baixa",
        "n_maquinas": 2,
        "n_medio_jobs_maquina": 10,
        "n_jobs": 20
    },
    "matriz_setup": [
        [
            null,
            385.71,
            485.47,
            477.63,
            419.63,
            422.43,
            482.15,
            441.84,
            444.14,
            483.89,
            421.39,
            472.87,
            452.97,
            434.81,
            416.25,
            480.9,
            426.26,
            431.4,
            499.2,
            397.3
        ],
        [
            409.59,
            null,
            501.02,
            450.47,
            389.63,
            393.63,
            511.4,
            497.83,
            503.26,
            407.92,
            497.3,
            388.16,
            408.82,
            397.12,
            415.95,
            493.85,
            447.93,
            510.31,
            413.93,
            420.81
        ],
        [
            476.02,
            485.45,
            null,
            417.26,
            390.74,
            472.96,
            387.46,
            496.04,
            484.24,
            495.6,
            463.34,
            482.48,
            421.72,
            455.53,
            407.64,
            485.88,
            396.17,
            429.47,
            441.83,
            443.53
        ],
        [
            453.13,
            411.22,
            435.8,
            null,
            449.32,
            485.18,
            399.78,
            499.77,
            480.14,
            451.29,
            396.08,
            496.28,
            419.12,
            497.0,
            454.07,
            463.09,
            477.02,
            423.51,
            484.08,
            408.52
        ],
        [
            455.45,
            433.81,
            512.1,
            438.33,
            null,
            475.19,
            405.76,
            453.9,
            437.96,
            420.04,
            473.95,
            501.07,
            416.01,
            436.84,
            509.6,
            418.45,
            489.55,
            455.6,
            513.95,
            487.51
        ],
        [
            420.05,
            491.31,
            426.61,
            435.2,
            472.53,
            null,
            454.02,
            501.32,
            495.16,
            508.8,
            479.59,
            452.49,
            456.55,
            432.66,
            451.31,
            396.57,
            445.77,
            500.79,
            491.6,
            481.3
        ],
        [
            415.49,
            394.71,
            401.71,
            408.34,
            488.22,
            461.32,
            null,
            479.9,
            488.26,
            479.39,
            447.24,
            444.05,
            412.36,
            488.83,
            402.81,
            425.32,
            412.79,
            509.07,
            485.5,
            504.83
        ],
        [
            403.85,
            428.67,
            483.96,
            392.27,
            389.23,
            416.15,
            453.23,
            null,
            480.46,
            505.39,
            476.41,
            409.48,
            473.1,
            386.65,
            461.77,
            387.1,
            437.27,
            400.81,
            396.64,
            491.44
        ],
        [
            402.33,
            415.06,
            473.62,
            493.35,
            509.08,
            439.15,
            467.3,
            423.6,
            null,
            496.75,
            448.16,
            480.51,
            446.44,
            418.0,
            395.56,
            417.33,
            442.58,
            489.9,
            470.68,
            421.01
        ],
        [
            433.28,
            477.91,
            475.72,
            495.0,
            433.72,
            419.0,
            412.4,
            390.85,
            393.19,
            null,
            446.22,
            502.25,
            389.78,
            479.8,
            490.53,
            428.95,
            442.55,
            500.22,
            388.31,
            460.96
        ],
        [
            439.25,
            448.09,
            507.05,
            398.26,
            453.24,
            450.6,
            453.01,
            473.25,
            481.86,
            424.19,
            null,
            503.91,
            480.25,
            499.44,
            429.8,
            497.29,
            488.97,
            492.6,
            487.52,
            448.25
        ],
        [
            502.47,
            496.19,
            388.76,
            478.58,
            513.77,
            447.91,
            403.78,
            385.94,
            421.49,
            396.78,
            465.52,
            null,
            446.91,
            475.69,
            401.34,
            403.88,
            450.02,
            407.61,
            427.61,
            419.87
        ],
        [
            393.19,
            507.23,
            444.07,
            427.27,
            403.09,
            412.78,
            413.49,
            406.65,
            463.01,
            472.72,
            398.6,
            448.52,
            null,
            504.99,
            512.79,
            421.15,
            463.35,
            511.14,
            492.57,
            453.28
        ],
        [
            501.94,
            450.96,
            452.68,
            416.51,
            395.69,
            511.06,
            442.09,
            503.36,
            396.37,
            505.68,
            495.94,
            387.48,
            445.93,
            null,
            403.67,
            446.43,
            455.07,
            474.67,
            414.1,
            492.73
        ],
        [
            448.98,
            417.45,
            463.67,
            415.4,
            405.25,
            456.67,
            489.51,
            443.53,
            447.64,
            476.85,
            491.41,
            503.16,
            445.24,
            461.88,
            null,
            452.49,
            413.1,
            418.03,
            480.05,
            441.48
        ],
        [
            420.6,
            431.97,
            462.66,
            469.26,
            458.4,
            405.33,
            417.74,
            408.58,
            468.97,
            449.64,
            475.3,
            390.92,
            512.58,
            479.76,
            491.87,
            null,
            470.31,
            439.92,
            513.28,
            499.45
        ],
        [
            407.03,
            388.52,
            479.54,
            431.34,
            486.43,
            502.37,
            488.65,
            406.88,
            385.07,
            486.67,
            464.96,
            488.21,
            451.28,
            486.89,
            441.84,
            399.69,
            null,
            447.22,
            398.19,
            487.45
        ],
        [
            398.58,
            499.24,
            397.45,
            492.56,
            441.89,
            459.35,
            401.46,
            448.6,
            485.76,
            467.98,
            401.77,
            469.55,
            398.93,
            397.19,
            454.95,
            470.68,
            476.11,
            null,
            491.19,
            469.41
        ],
        [
            474.73,
            508.45,
            415.25,
            413.75,
            428.88,
            400.93,
            438.31,
            422.44,
            430.4,
            491.85,
            422.12,
            491.53,
            483.82,
            457.83,
            423.29,
            401.73,
            512.26,
            424.6,
            null,
            467.03
        ],
        [
            450.34,
            458.6,
            514.54,
            457.12,
            481.23,
            434.55,
            506.09,
            417.6,
            466.07,
            412.37,
            473.72,
            391.78,
            513.96,
            508.45,
            457.15,
            411.12,
            419.4,
            475.08,
            490.6,
            null
        ]
    ],
    "tempos_processamento": [
        7186.31,
        7174.6,
        2464.65,
        6333.16,
        4367.2,
        6691.27,
        7071.17,
        3318.14,
        6901.55,
        5198.11,
        6952.94,
        3906.04,
        5780.85,
        1866.94,
        3137.93,
        2497.28,
        4797.62,
        6531.65,
        5068.97,
        6795.39
    ],
    "ready_times": [
        0.0,
        31461.09,
        33869.54,
        20672.06,
        39612.07,
        25783.55,
        7480.23,
        23442.65,
        12191.78,
        1250.06,
        27114.45,
        5432.39,
        37655.8,
        11452.66,
        20618.03,
        6235.01,
        21298.62,
        24088.18,
        36394.51,
        4074.38
    ]
}