{
    "configuracao": {
        "codigo_cenario": "HHHHLLH",
        "nivel_ready_time": "alta",
        "variabilidade_processamento": "alta",
        "media_processamento": "alta",
        "estrutura_setup": "assimetrica",
        "variabilidade_setup": "baixa",
        "n_maquinas": 2,
        "n_medio_jobs_maquina": 10,
        "n_jobs": 20
    },
    "matriz_setup": [
        [
            null,
            389.08,
            440.89,
            433.02,
            420.07,
            460.14,
            491.56,
            501.9,
            440.7,
            430.76,
            508.9,
            407.01,
            442.71,
            406.06,
            468.51,
            440.64,
            400.42,
            388.33,
            415.86,
            474.99
        ],
        [
            451.0,
            null,
            416.53,
            427.69,
            407.34,
            429.85,
            492.9,
            501.79,
            490.24,
            420.12,
            430.16,
            466.93,
            447.13,
            487.81,
            484.63,
            433.82,
            414.49,
            425.07,
            491.58,
            439.89
        ],
        [
            423.06,
            445.03,
            null,
            424.4,
            498.45,
            467.77,
            451.26,
            465.45,
            479.03,
            513.74,
            407.01,
            503.64,
            387.71,
            389.62,
            446.89,
            400.35,
            387.15,
            386.2,
            395.53,
            433.16
        ],
        [
            478.78,
            513.4,
            412.19,
            null,
            455.46,
            454.7,
            402.08,
            477.17,
            405.7,
            420.0,
            419.69,
            409.72,
            407.53,
            461.96,
            427.83,
            460.53,
            410.77,
            414.65,
            493.38,
            456.78
        ],
        [
            389.44,
            513.63,
            420.33,
            452.55,
            null,
            456.3,
            389.06,
            413.53,
            472.3,
            395.89,
            386.81,
            393.7,
            398.88,
            444.62,
            386.23,
            436.71,
            461.9,
            388.36,
            427.75,
            512.55
        ],
        [
            476.4,
            467.35,
            466.62,
            430.28,
            406.03,
            null,
            406.03,
            398.2,
            431.52,
            466.44,
            404.77,
            488.43,
            475.57,
            455.92,
            490.72,
            418.39,
            487.99,
            447.43,
            438.41,
            391.95
        ],
        [
            489.82,
            405.38,
            493.61,
            410.62,
            407.82,
            505.85,
            null,
            447.25,
            469.03,
            484.26,
            418.89,
            483.19,
            395.33,
            507.35,
            481.1,
            436.62,
            489.85,
            422.22,
            401.02,
            464.87
        ],
        [
            484.11,
            462.23,
            501.38,
            398.68,
            435.04,
            505.14,
            471.96,
            null,
            504.7,
            453.56,
            495.51,
            400.47,
            388.59,
            501.19,
            407.82,
            432.79,
            472.67,
            491.4,
            470.4,
            399.74
        ],
        [
            491.6,
            416.09,
            408.47,
            433.59,
            410.45,
            484.01,
            492.4,
            493.75,
            null,
            491.46,
            435.84,
            468.14,
            474.22,
            417.29,
            392.73,
            393.43,
            411.76,
            405.26,
            404.59,
            405.29
        ],
        [
            391.23,
            473.22,
            386.52,
            514.43,
            495.81,
            452.65,
            420.32,
            514.6,
            405.94,
            null,
            480.0,
            493.19,
            472.02,
            445.13,
            417.51,
            468.61,
            414.43,
            463.28,
            453.53,
            414.6
        ],
        [
            490.97,
            393.0,
            487.34,
            508.58,
            506.42,
            480.03,
            483.47,
            401.33,
            414.6,
            466.14,
            null,
            416.53,
            490.07,
            459.61,
            418.33,
            444.67,
            443.86,
            423.61,
            419.07,
            510.18
        ],
        [
            436.72,
            504.77,
            464.95,
            448.06,
            400.26,
            457.84,
            513.89,
            494.15,
            502.57,
            399.22,
            435.65,
            null,
            478.67,
            409.06,
            407.82,
            487.56,
            485.21,
            407.96,
            436.23,
            434.59
        ],
        [
            447.77,
            505.67,
            485.84,
            427.67,
            442.25,
            404.6,
            455.56,
            422.18,
            500.85,
            498.33,
            443.02,
            502.27,
            null,
            410.7,
            407.31,
            496.75,
            426.19,
            481.68,
            514.95,
            432.02
        ],
        [
            488.91,
            507.26,
            404.51,
            419.25,
            400.53,
            415.66,
            396.26,
            398.62,
            425.53,
            406.3,
            391.98,
            464.82,
            458.99,
            null,
            486.54,
            469.32,
            480.95,
            477.17,
            452.2,
            455.39
        ],
        [
            487.7,
            446.64,
            439.23,
            421.55,
            502.79,
            479.43,
            508.15,
            440.94,
            486.99,
            430.67,
            506.6,
            497.53,
            504.75,
            511.28,
            null,
            436.8,
            428.52,
            446.45,
            447.49,
            390.1
        ],
        [
            416.04,
            495.65,
            443.04,
            504.0,
            480.9,
            455.72,
            400.83,
            416.01,
            390.35,
            444.52,
            436.15,
            468.88,
            465.59,
            399.76,
            387.58,
            null,
            431.45,
            504.32,
            510.19,
            508.77
        ],
        [
            488.42,
            443.45,
            436.6,
            446.09,
            390.62,
            444.92,
            495.45,
            414.43,
            504.31,
            477.24,
            423.35,
            422.27,
            388.11,
            397.48,
            428.16,
            511.21,
            null,
            454.46,
            466.86,
            399.61
        ],
        [
            475.04,
            506.69,
            494.59,
            487.67,
            427.4,
            391.26,
            426.71,
            466.18,
            491.26,
            483.25,
            484.01,
            388.24,
            511.93,
            479.77,
            390.28,
            505.43,
            397.49,
            null,
            493.31,
            454.28
        ],
        [
            465.92,
            395.44,
            487.72,
            487.64,
            503.56,
            475.19,
            465.95,
            438.91,
            509.56,
            485.16,
            447.22,
            507.59,
            407.17,
            440.84,
            409.24,
            480.41,
            395.97,
            436.82,
            null,
            403.83
        ],
        [
            396.15,
            442.45,
            441.26,
            408.19,
            439.18,
            403.63,
            396.47,
            387.99,
            440.96,
            484.28,
            420.03,
            405.96,
            440.24,
            507.81,
            385.68,
            508.51,
            430.22,
            486.22,
            408.53,
            null
        ]
    ],
    "tempos_processamento": [
        7075.79,
        5352.13,
        4672.01,
        6054.36,
        6007.12,
        6252.52,
        3304.28,
        5194.19,
        3809.87,
        2216.9,
        4378.97,
        4075.66,
        6095.05,
        5665.47,
        2221.35,
        2501.28,
        2565.6,
        2914.34,
        3003.15,
        5090.26
    ],
    "ready_times": [
        35509.18,
        8690.65,
        30416.25,
        12220.02,
        0.0,
        17411.82,
        12778.13,
        42432.24,
        20066.45,
        14697.7,
        17483.31,
        28859.88,
        31707.14,
        16142.01,
        33170.95,
        25849.23,
        12649.11,
        37508.34,
        7349.56,
        23158.47
    ]
}