{
    "configuracao": {
        "codigo_cenario": "HHHHLLH",
        "nivel_ready_time": "alta",
        "variabilidade_processamento": "alta",
        "media_processamento": "alta",
        "estrutura_setup": "assimetrica",
        "variabilidade_setup": "baixa",
        "n_maquinas": 2,
        "n_medio_jobs_maquina": 10,
        "n_jobs": 20
    },
    "matriz_setup": [
        [
            null,
            499.08,
            457.89,
            476.29,
            394.24,
            429.73,
            504.65,
            394.52,
            453.32,
            491.79,
            434.87,
            462.73,
            481.93,
            454.48,
            390.8,
            503.11,
            501.22,
            441.25,
            470.61,
            428.61
        ],
        [
            478.1,
            null,
            458.05,
            455.12,
            467.71,
            483.21,
            476.56,
            429.16,
            435.68,
            425.22,
            441.31,
            458.33,
            414.84,
            420.48,
            417.82,
            452.53,
            472.58,
            418.65,
            432.67,
            386.81
        ],
        [
            409.39,
            416.99,
            null,
            494.11,
            451.71,
            461.7,
            510.79,
            399.5,
            459.46,
            428.21,
            468.7,
            510.12,
            472.29,
            420.07,
            460.2,
            456.34,
            482.17,
            447.7,
            452.57,
            507.24
        ],
        [
            430.41,
            478.35,
            431.38,
            null,
            400.2,
            448.22,
            461.72,
            454.69,
            445.19,
            456.74,
            475.71,
            448.55,
            495.92,
            421.61,
            455.45,
            502.76,
            480.75,
            420.35,
            496.87,
            432.24
        ],
        [
            413.02,
            436.94,
            415.17,
            500.2,
            null,
            396.49,
            389.9,
            424.75,
            403.72,
            511.12,
            409.84,
            498.54,
            406.56,
            505.91,
            408.73,
            449.6,
            504.81,
            396.83,
            457.79,
            463.34
        ],
        [
            477.94,
            511.83,
            434.47,
            499.27,
            446.91,
            null,
            513.99,
            514.04,
            421.98,
            482.81,
            512.34,
            465.54,
            484.38,
            510.57,
            431.7,
            487.28,
            513.53,
            452.51,
            397.51,
            469.87
        ],
        [
            488.3,
            452.98,
            410.1,
            480.83,
            400.04,
            403.03,
            null,
            426.34,
            396.9,
            498.65,
            407.72,
            482.85,
            481.07,
            441.88,
            498.11,
            478.31,
            426.54,
            480.88,
            460.92,
            505.09
        ],
        [
            397.47,
            409.72,
            413.41,
            486.09,
            401.04,
            400.73,
            428.17,
            null,
            467.71,
            483.34,
            483.89,
            479.64,
            394.35,
            441.89,
            404.17,
            508.58,
            510.11,
            495.73,
            455.85,
            409.26
        ],
        [
            433.19,
            472.79,
            474.97,
            514.47,
            510.3,
            514.6,
            442.12,
            506.63,
            null,
            510.44,
            388.68,
            489.1,
            497.58,
            471.71,
            402.03,
            410.69,
            466.96,
            465.84,
            503.83,
            465.45
        ],
        [
            507.03,
            398.4,
            438.34,
            495.44,
            512.3,
            463.76,
            480.16,
            410.29,
            484.57,
            null,
            472.7,
            427.76,
            442.44,
            432.37,
            398.46,
            388.17,
            426.74,
            438.91,
            443.21,
            407.09
        ],
        [
            389.09,
            501.89,
            413.74,
            417.15,
            394.84,
            462.16,
            439.27,
            434.56,
            388.51,
            412.71,
            null,
            418.34,
            513.39,
            439.13,
            424.12,
            402.42,
            509.05,
            415.55,
            491.79,
            496.97
        ],
        [
            492.32,
            434.7,
            501.74,
            408.57,
            411.49,
            418.46,
            402.85,
            402.55,
            468.17,
            435.57,
            432.49,
            null,
            432.45,
            404.05,
            464.58,
            407.3,
            420.49,
            495.06,
            481.83,
            430.27
        ],
        [
            464.4,
            419.24,
            499.75,
            472.74,
            394.02,
            485.07,
            476.34,
            460.8,
            458.84,
            442.99,
            437.03,
            416.02,
            null,
            491.68,
            465.46,
            451.57,
            467.66,
            461.68,
            460.87,
            425.59
        ],
        [
            423.99,
            511.58,
            510.64,
            493.95,
            508.29,
            395.02,
            440.77,
            513.04,
            453.91,
            449.29,
            472.05,
            473.53,
            430.13,
            null,
            504.39,
            415.43,
            408.68,
            387.64,
            456.03,
            399.68
        ],
        [
            420.98,
            398.65,
            494.67,
            512.07,
            435.68,
            494.11,
            412.97,
            411.35,
            499.38,
            431.97,
            388.2,
            476.58,
            480.88,
            436.41,
            null,
            417.01,
            456.87,
            505.37,
            458.02,
            432.86
        ],
        [
            461.45,
            402.56,
            466.25,
            455.06,
            429.75,
            504.46,
            477.65,
            422.14,
            417.25,
            472.03,
            395.45,
            398.78,
            408.05,
            428.04,
            392.08,
            null,
            452.96,
            464.87,
            473.04,
            424.86
        ],
        [
            394.93,
            506.58,
            492.22,
            469.38,
            467.19,
            420.33,
            436.94,
            442.54,
            493.05,
            460.69,
            415.23,
            449.64,
            449.48,
            465.51,
            458.01,
            499.7,
            null,
            420.43,
            394.1,
            437.01
        ],
        [
            468.76,
            429.28,
            447.57,
            487.23,
            496.84,
            489.02,
            398.06,
            456.3,
            506.44,
            423.67,
            465.14,
            436.29,
            456.21,
            488.01,
            511.62,
            457.19,
            476.66,
            null,
            502.65,
            504.19
        ],
        [
            457.25,
            494.0,
            386.88,
            402.81,
            460.49,
            469.6,
            465.74,
            400.46,
            456.12,
            452.06,
            404.03,
            498.25,
            447.58,
            496.95,
            399.08,
            430.22,
            417.81,
            481.38,
            null,
            452.97
        ],
        [
            438.65,
            471.1,
            416.92,
            418.67,
            495.08,
            470.9,
            432.74,
            433.8,
            469.47,
            507.49,
            512.88,
            477.97,
            432.13,
            502.49,
            466.46,
            433.85,
            386.49,
            392.65,
            412.78,
            null
        ]
    ],
    "tempos_processamento": [
        4082.77,
        2643.08,
        5590.58,
        2593.78,
        5767.22,
        6936.23,
        2232.37,
        6111.3,
        5762.97,
        5841.58,
        1893.04,
        4844.71,
        6496.56,
        3541.84,
        4167.01,
        7001.16,
        5752.08,
        5602.2,
        1991.34,
        5584.44
    ],
    "ready_times": [
        4224.31,
        22290.23,
        21870.28,
        7886.15,
        3237.68,
        40418.69,
        14430.4,
        26496.83,
        16958.19,
        26924.09,
        10908.72,
        36609.49,
        35879.08,
        21497.3,
        0.0,
        25594.72,
        32544.9,
        4848.13,
        29039.18,
        38934.59
    ]
}