{
    "configuracao": {
        "codigo_cenario": "HHHHLLH",
        "nivel_ready_time": "alta",
        "variabilidade_processamento": "alta",
        "media_processamento": "alta",
        "estrutura_setup": "assimetrica",
        "variabilidade_setup": "baixa",
        "n_maquinas": 2,
        "n_medio_jobs_maquina": 10,
        "n_jobs": 20
    },
    "matriz_setup": [
        [
            null,
            492.85,
            490.92,
            500.61,
            385.11,
            475.81,
            457.24,
            456.28,
            429.08,
            449.64,
            446.42,
            428.93,
            443.95,
            500.41,
            459.45,
            491.07,
            410.72,
            418.55,
            428.37,
            390.8
        ],
        [
            493.56,
            null,
            494.33,
            486.04,
            404.74,
            404.72,
            385.2,
            484.01,
            462.56,
            487.51,
            477.44,
            432.26,
            491.66,
            415.94,
            443.71,
            438.12,
            467.59,
            388.4,
            389.92,
            454.42
        ],
        [
            505.14,
            407.2,
            null,
            406.05,
            507.6,
            481.5,
            504.98,
            459.62,
            428.34,
            508.51,
            504.09,
            461.14,
            411.76,
            409.67,
            435.24,
            487.94,
            488.21,
            506.21,
            479.69,
            440.13
        ],
        [
            502.11,
            433.99,
            400.58,
            null,
            487.52,
            486.62,
            438.58,
            482.47,
            486.69,
            408.23,
            431.25,
            464.96,
            501.16,
            493.53,
            459.48,
            447.97,
            481.78,
            422.54,
            408.29,
            429.06
        ],
        [
            484.21,
            474.5,
            434.52,
            408.89,
            null,
            405.67,
            432.4,
            487.4,
            436.04,
            503.25,
            455.51,
            473.62,
            474.37,
            448.89,
            436.2,
            417.54,
            400.2,
            396.01,
            442.89,
            440.24
        ],
        [
            408.97,
            401.16,
            494.68,
            407.81,
            511.45,
            null,
            415.79,
            488.4,
            458.44,
            480.31,
            503.84,
            441.86,
            403.64,
            388.62,
            408.62,
            474.04,
            464.27,
            404.89,
            428.93,
            389.98
        ],
        [
            428.9,
            512.71,
            457.87,
            386.25,
            488.81,
            489.31,
            null,
            478.89,
            498.72,
            440.3,
            421.99,
            472.86,
            392.67,
            462.64,
            389.49,
            469.24,
            442.57,
            393.19,
            388.38,
            391.0
        ],
        [
            424.82,
            412.01,
            495.56,
            387.6,
            465.75,
            510.2,
            486.31,
            null,
            424.26,
            450.68,
            401.39,
            420.51,
            456.33,
            426.17,
            385.2,
            390.68,
            488.89,
            443.16,
            409.09,
            456.19
        ],
        [
            397.86,
            408.67,
            415.27,
            447.05,
            423.53,
            471.88,
            456.12,
            438.72,
            null,
            425.63,
            387.14,
            393.68,
            417.2,
            496.5,
            406.62,
            457.25,
            422.03,
            446.22,
            419.86,
            512.12
        ],
        [
            449.9,
            422.16,
            495.63,
            413.03,
            445.91,
            488.41,
            385.42,
            443.74,
            468.63,
            null,
            436.54,
            392.92,
            508.48,
            391.86,
            413.92,
            514.05,
            392.55,
            505.21,
            469.19,
            474.54
        ],
        [
            488.33,
            501.13,
            397.97,
            513.75,
            477.05,
            447.87,
            440.46,
            476.68,
            387.95,
            426.43,
            null,
            395.82,
            485.43,
            404.49,
            468.91,
            411.95,
            392.93,
            429.64,
            513.8,
            424.53
        ],
        [
            399.99,
            492.64,
            419.46,
            507.21,
            474.44,
            493.39,
            420.56,
            430.02,
            489.65,
            454.43,
            427.44,
            null,
            450.99,
            408.75,
            444.58,
            495.47,
            428.09,
            489.51,
            392.08,
            406.77
        ],
        [
            417.93,
            476.29,
            462.81,
            401.23,
            406.27,
            507.73,
            475.23,
            461.0,
            389.67,
            493.38,
            397.12,
            392.15,
            null,
            437.64,
            456.8,
            466.79,
            469.25,
            456.94,
            514.83,
            512.33
        ],
        [
            482.95,
            428.8,
            431.0,
            449.88,
            439.35,
            512.24,
            416.57,
            409.18,
            513.02,
            476.29,
            411.53,
            452.07,
            413.52,
            null,
            443.63,
            499.43,
            455.05,
            455.08,
            440.49,
            423.16
        ],
        [
            455.77,
            499.51,
            395.63,
            451.91,
            491.23,
            440.15,
            513.28,
            485.31,
            494.91,
            456.73,
            406.49,
            423.84,
            424.84,
            434.84,
            null,
            401.02,
            493.72,
            467.57,
            497.4,
            464.54
        ],
        [
            446.09,
            431.9,
            504.9,
            480.75,
            508.91,
            472.63,
            464.85,
            439.05,
            475.32,
            413.29,
            479.74,
            428.29,
            400.05,
            437.91,
            440.14,
            null,
            480.12,
            456.71,
            411.26,
            493.9
        ],
        [
            424.34,
            441.58,
            432.02,
            398.22,
            452.54,
            483.05,
            454.77,
            451.64,
            412.16,
            450.72,
            412.72,
            453.03,
            442.83,
            462.75,
            391.18,
            459.51,
            null,
            411.33,
            385.31,
            387.62
        ],
        [
            499.72,
            431.67,
            400.01,
            410.07,
            471.95,
            416.84,
            445.85,
            472.79,
            423.31,
            502.5,
            435.25,
            409.81,
            472.04,
            433.88,
            470.27,
            385.88,
            483.07,
            null,
            448.09,
            429.11
        ],
        [
            432.13,
            437.41,
            462.68,
            433.62,
            429.44,
            479.93,
            451.1,
            391.78,
            397.49,
            400.23,
            423.45,
            482.44,
            469.77,
            432.3,
            481.32,
            456.3,
            460.71,
            461.27,
            null,
            385.27
        ],
        [
            443.28,
            387.08,
            484.23,
            388.11,
            401.11,
            460.09,
            482.89,
            429.52,
            500.93,
            386.32,
            391.46,
            439.61,
            489.98,
            434.75,
            396.69,
            487.49,
            403.87,
            510.42,
            449.06,
            null
        ]
    ],
    "tempos_processamento": [
        2579.22,
        4490.66,
        5252.01,
        2981.75,
        1884.82,
        4904.66,
        3320.12,
        2194.77,
        6020.94,
        4002.6,
        3414.82,
        2647.64,
        5092.05,
        2063.17,
        3235.1,
        4345.39,
        5261.78,
        6004.07,
        5594.93,
        3584.52
    ],
    "ready_times": [
        31332.27,
        16907.3,
        41379.09,
        30089.58,
        28769.68,
        19308.5,
        4832.57,
        0.0,
        658.22,
        2908.95,
        24984.37,
        29261.11,
        18779.69,
        3870.93,
        9342.86,
        29694.37,
        37447.62,
        20089.86,
        23264.67,
        14955.78
    ]
}