{
    "configuracao": {
        "codigo_cenario": "HHLLHLL",
        "nivel_ready_time": "alta",
        "variabilidade_processamento": "alta",
        "media_processamento": "baixa",
        "estrutura_setup": "simetrica",
        "variabilidade_setup": "alta",
        "n_maquinas": 2,
        "n_medio_jobs_maquina": 3,
        "n_jobs": 6
    },
    "matriz_setup": [
        [
            null,
            351.66,
            468.35,
            368.73,
            393.74,
            356.37
        ],
        [
            351.66,
            null,
            476.64,
            490.46,
            461.23,
            449.94
        ],
        [
            468.35,
            476.64,
            null,
            469.04,
            398.84,
            364.03
        ],
        [
            368.73,
            490.46,
            469.04,
            null,
            364.01,
            420.65
        ],
        [
            393.74,
            461.23,
            398.84,
            364.01,
            null,
            563.77
        ],
        [
            356.37,
            449.94,
            364.03,
            420.65,
            563.77,
            null
        ]
    ],
    "tempos_processamento": [
        500.75,
        313.4,
        424.34,
        485.84,
        642.01,
        443.27
    ],
    "ready_times": [
        392.13,
        1175.03,
        553.87,
        0.0,
        21.94,
        632.18
    ]
}