{
    "configuracao": {
        "codigo_cenario": "HHLLHLL",
        "nivel_ready_time": "alta",
        "variabilidade_processamento": "alta",
        "media_processamento": "baixa",
        "estrutura_setup": "simetrica",
        "variabilidade_setup": "alta",
        "n_maquinas": 2,
        "n_medio_jobs_maquina": 3,
        "n_jobs": 6
    },
    "matriz_setup": [
        [
            null,
            454.73,
            539.64,
            424.65,
            380.62,
            542.97
        ],
        [
            454.73,
            null,
            360.04,
            459.98,
            362.65,
            443.87
        ],
        [
            539.64,
            360.04,
            null,
            557.85,
            456.77,
            473.16
        ],
        [
            424.65,
            459.98,
            557.85,
            null,
            558.26,
            531.42
        ],
        [
            380.62,
            362.65,
            456.77,
            558.26,
            null,
            501.47
        ],
        [
            542.97,
            443.87,
            473.16,
            531.42,
            501.47,
            null
        ]
    ],
    "tempos_processamento": [
        337.23,
        509.37,
        257.5,
        604.11,
        570.18,
        197.19
    ],
    "ready_times": [
        533.71,
        1526.97,
        680.72,
        1195.12,
        0.0,
        759.48
    ]
}