{
    "configuracao": {
        "codigo_cenario": "HHLLHLL",
        "nivel_ready_time": "alta",
        "variabilidade_processamento": "alta",
        "media_processamento": "baixa",
        "estrutura_setup": "simetrica",
        "variabilidade_setup": "alta",
        "n_maquinas": 2,
        "n_medio_jobs_maquina": 3,
        "n_jobs": 6
    },
    "matriz_setup": [
        [
            null,
            328.33,
            443.36,
            364.84,
            359.85,
            464.97
        ],
        [
            328.33,
            null,
            403.67,
            474.7,
            567.24,
            578.8
        ],
        [
            443.36,
            403.67,
            null,
            477.35,
            374.74,
            532.91
        ],
        [
            364.84,
            474.7,
            477.35,
            null,
            517.02,
            441.17
        ],
        [
            359.85,
            567.24,
            374.74,
            517.02,
            null,
            481.7
        ],
        [
            464.97,
            578.8,
            532.91,
            441.17,
            481.7,
            null
        ]
    ],
    "tempos_processamento": [
        217.71,
        277.12,
        514.55,
        216.63,
        488.44,
        295.1
    ],
    "ready_times": [
        901.16,
        439.28,
        0.0,
        807.64,
        808.93,
        229.91
    ]
}