{
    "configuracao": {
        "codigo_cenario": "HHLLHLL",
        "nivel_ready_time": "alta",
        "variabilidade_processamento": "alta",
        "media_processamento": "baixa",
        "estrutura_setup": "simetrica",
        "variabilidade_setup": "alta",
        "n_maquinas": 2,
        "n_medio_jobs_maquina": 3,
        "n_jobs": 6
    },
    "matriz_setup": [
        [
            null,
            376.55,
            355.08,
            459.52,
            390.83,
            564.4
        ],
        [
            376.55,
            null,
            565.77,
            418.8,
            481.5,
            359.67
        ],
        [
            355.08,
            565.77,
            null,
            387.75,
            359.48,
            480.81
        ],
        [
            459.52,
            418.8,
            387.75,
            null,
            350.96,
            487.1
        ],
        [
            390.83,
            481.5,
            359.48,
            350.96,
            null,
            503.71
        ],
        [
            564.4,
            359.67,
            480.81,
            487.1,
            503.71,
            null
        ]
    ],
    "tempos_processamento": [
        555.75,
        374.91,
        606.01,
        182.49,
        221.39,
        460.24
    ],
    "ready_times": [
        580.44,
        131.1,
        1276.07,
        683.57,
        1003.93,
        0.0
    ]
}