{
    "configuracao": {
        "codigo_cenario": "HHLLHLL",
        "nivel_ready_time": "alta",
        "variabilidade_processamento": "alta",
        "media_processamento": "baixa",
        "estrutura_setup": "simetrica",
        "variabilidade_setup": "alta",
        "n_maquinas": 2,
        "n_medio_jobs_maquina": 3,
        "n_jobs": 6
    },
    "matriz_setup": [
        [
            null,
            409.3,
            493.51,
            431.93,
            449.63,
            536.2
        ],
        [
            409.3,
            null,
            579.88,
            325.01,
            327.84,
            412.56
        ],
        [
            493.51,
            579.88,
            null,
            369.72,
            422.54,
            468.13
        ],
        [
            431.93,
            325.01,
            369.72,
            null,
            328.3,
            445.67
        ],
        [
            449.63,
            327.84,
            422.54,
            328.3,
            null,
            330.13
        ],
        [
            536.2,
            412.56,
            468.13,
            445.67,
            330.13,
            null
        ]
    ],
    "tempos_processamento": [
        439.11,
        696.89,
        625.21,
        444.3,
        468.97,
        392.6
    ],
    "ready_times": [
        1513.28,
        1541.67,
        536.6,
        845.83,
        159.13,
        0.0
    ]
}