{
    "configuracao": {
        "codigo_cenario": "HHLLHLL",
        "nivel_ready_time": "alta",
        "variabilidade_processamento": "alta",
        "media_processamento": "baixa",
        "estrutura_setup": "simetrica",
        "variabilidade_setup": "alta",
        "n_maquinas": 2,
        "n_medio_jobs_maquina": 3,
        "n_jobs": 6
    },
    "matriz_setup": [
        [
            null,
            489.88,
            551.25,
            327.83,
            353.24,
            477.74
        ],
        [
            489.88,
            null,
            360.49,
            545.88,
            434.31,
            423.45
        ],
        [
            551.25,
            360.49,
            null,
            406.43,
            526.25,
            467.16
        ],
        [
            327.83,
            545.88,
            406.43,
            null,
            518.23,
            483.92
        ],
        [
            353.24,
            434.31,
            526.25,
            518.23,
            null,
            566.64
        ],
        [
            477.74,
            423.45,
            467.16,
            483.92,
            566.64,
            null
        ]
    ],
    "tempos_processamento": [
        644.59,
        266.16,
        292.93,
        244.98,
        228.91,
        482.55
    ],
    "ready_times": [
        68.0,
        1412.33,
        0.0,
        1467.5,
        288.57,
        1434.02
    ]
}