{
    "configuracao": {
        "codigo_cenario": "HHLLHLL",
        "nivel_ready_time": "alta",
        "variabilidade_processamento": "alta",
        "media_processamento": "baixa",
        "estrutura_setup": "simetrica",
        "variabilidade_setup": "alta",
        "n_maquinas": 2,
        "n_medio_jobs_maquina": 3,
        "n_jobs": 6
    },
    "matriz_setup": [
        [
            null,
            509.43,
            405.27,
            425.31,
            321.13,
            347.7
        ],
        [
            509.43,
            null,
            342.82,
            351.88,
            479.35,
            523.69
        ],
        [
            405.27,
            342.82,
            null,
            345.11,
            384.17,
            432.66
        ],
        [
            425.31,
            351.88,
            345.11,
            null,
            552.16,
            564.07
        ],
        [
            321.13,
            479.35,
            384.17,
            552.16,
            null,
            451.35
        ],
        [
            347.7,
            523.69,
            432.66,
            564.07,
            451.35,
            null
        ]
    ],
    "tempos_processamento": [
        406.73,
        339.13,
        305.02,
        229.88,
        347.96,
        681.95
    ],
    "ready_times": [
        0.0,
        1051.44,
        160.87,
        1026.04,
        54.46,
        1660.0
    ]
}