{
    "configuracao": {
        "codigo_cenario": "HHLLHLL",
        "nivel_ready_time": "alta",
        "variabilidade_processamento": "alta",
        "media_processamento": "baixa",
        "estrutura_setup": "simetrica",
        "variabilidade_setup": "alta",
        "n_maquinas": 2,
        "n_medio_jobs_maquina": 3,
        "n_jobs": 6
    },
    "matriz_setup": [
        [
            null,
            321.22,
            341.76,
            391.71,
            357.34,
            421.56
        ],
        [
            321.22,
            null,
            550.39,
            463.72,
            487.8,
            444.17
        ],
        [
            341.76,
            550.39,
            null,
            518.1,
            389.7,
            565.93
        ],
        [
            391.71,
            463.72,
            518.1,
            null,
            440.58,
            459.77
        ],
        [
            357.34,
            487.8,
            389.7,
            440.58,
            null,
            455.49
        ],
        [
            421.56,
            444.17,
            565.93,
            459.77,
            455.49,
            null
        ]
    ],
    "tempos_processamento": [
        670.4,
        609.67,
        696.45,
        616.65,
        503.61,
        570.15
    ],
    "ready_times": [
        1.91,
        199.23,
        1006.78,
        0.0,
        841.97,
        879.25
    ]
}