{
    "configuracao": {
        "codigo_cenario": "HHLHHLL",
        "nivel_ready_time": "alta",
        "variabilidade_processamento": "alta",
        "media_processamento": "baixa",
        "estrutura_setup": "assimetrica",
        "variabilidade_setup": "alta",
        "n_maquinas": 2,
        "n_medio_jobs_maquina": 3,
        "n_jobs": 6
    },
    "matriz_setup": [
        [
            null,
            529.24,
            363.43,
            511.34,
            540.05,
            491.93
        ],
        [
            527.98,
            null,
            365.79,
            345.91,
            442.26,
            397.68
        ],
        [
            547.62,
            343.18,
            null,
            502.0,
            495.36,
            365.68
        ],
        [
            458.96,
            394.25,
            408.57,
            null,
            360.65,
            329.04
        ],
        [
            335.81,
            549.25,
            441.13,
            441.67,
            null,
            577.51
        ],
        [
            371.31,
            500.45,
            526.86,
            516.88,
            354.01,
            null
        ]
    ],
    "tempos_processamento": [
        229.08,
        477.2,
        331.98,
        411.93,
        706.88,
        200.25
    ],
    "ready_times": [
        1426.86,
        1558.48,
        1345.42,
        422.83,
        0.0,
        93.23
    ]
}