{
    "configuracao": {
        "codigo_cenario": "HHLHHLL",
        "nivel_ready_time": "alta",
        "variabilidade_processamento": "alta",
        "media_processamento": "baixa",
        "estrutura_setup": "assimetrica",
        "variabilidade_setup": "alta",
        "n_maquinas": 2,
        "n_medio_jobs_maquina": 3,
        "n_jobs": 6
    },
    "matriz_setup": [
        [
            null,
            538.49,
            391.01,
            448.93,
            553.63,
            463.19
        ],
        [
            434.39,
            null,
            575.75,
            530.29,
            578.24,
            414.06
        ],
        [
            556.75,
            353.68,
            null,
            551.07,
            518.44,
            523.42
        ],
        [
            449.57,
            349.77,
            368.95,
            null,
            416.73,
            423.04
        ],
        [
            514.41,
            570.04,
            548.69,
            503.81,
            null,
            513.36
        ],
        [
            425.08,
            562.22,
            446.54,
            361.09,
            337.4,
            null
        ]
    ],
    "tempos_processamento": [
        214.75,
        438.35,
        566.88,
        318.9,
        421.14,
        343.38
    ],
    "ready_times": [
        0.0,
        756.47,
        414.44,
        980.7,
        887.33,
        1221.58
    ]
}