{
    "configuracao": {
        "codigo_cenario": "HHLHHLL",
        "nivel_ready_time": "alta",
        "variabilidade_processamento": "alta",
        "media_processamento": "baixa",
        "estrutura_setup": "assimetrica",
        "variabilidade_setup": "alta",
        "n_maquinas": 2,
        "n_medio_jobs_maquina": 3,
        "n_jobs": 6
    },
    "matriz_setup": [
        [
            null,
            524.13,
            451.95,
            467.6,
            365.96,
            430.19
        ],
        [
            418.59,
            null,
            524.25,
            339.04,
            499.91,
            404.8
        ],
        [
            421.19,
            563.31,
            null,
            543.71,
            557.99,
            435.66
        ],
        [
            493.08,
            479.55,
            501.64,
            null,
            353.88,
            326.92
        ],
        [
            444.6,
            455.25,
            394.22,
            566.41,
            null,
            429.52
        ],
        [
            529.24,
            345.14,
            509.03,
            380.71,
            395.2,
            null
        ]
    ],
    "tempos_processamento": [
        574.07,
        211.89,
        522.08,
        514.12,
        484.5,
        263.89
    ],
    "ready_times": [
        628.25,
        99.56,
        198.42,
        4.83,
        163.63,
        0.0
    ]
}