{
    "configuracao": {
        "codigo_cenario": "HHHHLHL",
        "nivel_ready_time": "alta",
        "variabilidade_processamento": "alta",
        "media_processamento": "alta",
        "estrutura_setup": "assimetrica",
        "variabilidade_setup": "baixa",
        "n_maquinas": 10,
        "n_medio_jobs_maquina": 3,
        "n_jobs": 30
    },
    "matriz_setup": [
        [
            null,
            507.84,
            447.79,
            402.53,
            410.78,
            486.89,
            462.62,
            497.76,
            508.1,
            453.63,
            462.6,
            417.16,
            393.58,
            472.82,
            500.37,
            408.77,
            405.48,
            410.64,
            455.77,
            449.47,
            396.11,
            453.39,
            442.85,
            489.2,
            440.11,
            426.02,
            476.23,
            405.97,
            421.28,
            483.58
        ],
        [
            463.92,
            null,
            394.4,
            511.58,
            401.31,
            442.36,
            439.37,
            397.3,
            406.94,
            410.02,
            467.04,
            394.62,
            449.03,
            490.29,
            431.0,
            411.47,
            468.81,
            476.9,
            475.44,
            444.52,
            440.21,
            394.92,
            406.74,
            507.2,
            410.75,
            449.11,
            428.61,
            425.83,
            422.11,
            450.76
        ],
        [
            458.64,
            483.0,
            null,
            432.93,
            506.49,
            487.79,
            464.97,
            461.48,
            482.98,
            435.48,
            505.73,
            499.67,
            507.01,
            475.08,
            513.28,
            390.07,
            498.35,
            462.03,
            407.18,
            386.35,
            481.65,
            401.59,
            394.11,
            437.16,
            463.64,
            513.3,
            483.87,
            511.21,
            493.66,
            514.01
        ],
        [
            418.17,
            436.75,
            488.83,
            null,
            511.47,
            419.52,
            482.02,
            413.65,
            509.91,
            500.23,
            473.0,
            406.84,
            459.85,
            469.1,
            465.24,
            449.77,
            505.27,
            416.2,
            445.03,
            461.61,
            504.97,
            426.03,
            386.89,
            496.78,
            387.21,
            442.82,
            434.18,
            496.47,
            460.39,
            497.3
        ],
        [
            396.61,
            502.5,
            456.9,
            454.79,
            null,
            413.4,
            427.72,
            483.76,
            438.49,
            445.56,
            507.81,
            430.22,
            511.66,
            415.5,
            445.23,
            486.22,
            456.19,
            429.15,
            473.33,
            438.35,
            439.67,
            392.76,
            402.73,
            387.62,
            397.11,
            446.58,
            466.46,
            405.59,
            454.97,
            389.47
        ],
        [
            475.09,
            471.25,
            492.63,
            475.81,
            452.49,
            null,
            399.39,
            438.82,
            491.96,
            500.35,
            425.54,
            432.72,
            477.38,
            493.28,
            510.27,
            392.23,
            489.58,
            480.72,
            406.63,
            430.47,
            507.88,
            397.83,
            506.18,
            398.28,
            505.77,
            438.79,
            436.31,
            487.32,
            424.86,
            426.38
        ],
        [
            480.88,
            459.35,
            437.86,
            414.63,
            512.84,
            512.19,
            null,
            439.11,
            474.6,
            392.41,
            460.04,
            454.91,
            436.9,
            476.53,
            460.14,
            461.12,
            496.67,
            501.85,
            449.27,
            495.33,
            421.48,
            484.18,
            400.35,
            468.68,
            511.18,
            445.97,
            427.45,
            506.66,
            484.65,
            482.53
        ],
        [
            509.16,
            429.68,
            511.7,
            444.26,
            429.85,
            454.62,
            385.67,
            null,
            477.9,
            413.53,
            478.33,
            406.7,
            413.23,
            452.58,
            421.83,
            504.58,
            408.19,
            422.43,
            501.92,
            495.79,
            462.58,
            490.39,
            484.54,
            426.59,
            413.82,
            477.85,
            463.01,
            508.05,
            391.06,
            419.45
        ],
        [
            458.2,
            446.84,
            399.88,
            459.42,
            429.46,
            396.63,
            484.93,
            399.38,
            null,
            509.58,
            407.38,
            397.98,
            424.05,
            387.79,
            405.57,
            397.05,
            460.15,
            389.07,
            443.94,
            403.62,
            459.6,
            387.1,
            431.75,
            491.12,
            436.87,
            491.74,
            481.73,
            462.9,
            452.12,
            430.28
        ],
        [
            394.84,
            483.62,
            437.58,
            472.87,
            431.05,
            409.85,
            483.12,
            414.31,
            456.83,
            null,
            465.12,
            416.89,
            424.44,
            402.43,
            418.68,
            462.55,
            489.19,
            389.06,
            495.46,
            472.33,
            387.8,
            451.61,
            510.44,
            412.14,
            426.47,
            389.79,
            458.02,
            406.93,
            437.1,
            474.86
        ],
        [
            501.27,
            416.44,
            500.86,
            463.64,
            514.6,
            473.86,
            432.11,
            414.32,
            507.09,
            432.37,
            null,
            460.96,
            447.06,
            477.6,
            413.62,
            488.65,
            418.22,
            441.2,
            427.45,
            405.51,
            385.94,
            442.96,
            510.24,
            468.97,
            441.5,
            395.59,
            496.78,
            503.18,
            429.4,
            401.33
        ],
        [
            492.91,
            509.61,
            439.94,
            397.73,
            480.48,
            482.3,
            386.29,
            444.73,
            390.91,
            411.93,
            487.65,
            null,
            405.78,
            461.43,
            437.16,
            422.04,
            402.29,
            501.14,
            430.32,
            422.68,
            503.2,
            502.62,
            446.09,
            452.59,
            457.67,
            508.43,
            510.64,
            454.66,
            407.44,
            512.45
        ],
        [
            485.16,
            431.2,
            477.0,
            440.51,
            402.67,
            445.07,
            465.25,
            496.5,
            437.67,
            496.07,
            504.27,
            417.5,
            null,
            422.71,
            441.01,
            458.66,
            456.43,
            483.38,
            428.79,
            392.81,
            480.33,
            457.46,
            406.24,
            461.88,
            464.95,
            498.35,
            419.01,
            403.74,
            391.55,
            471.77
        ],
        [
            499.73,
            430.37,
            386.4,
            458.42,
            450.15,
            394.55,
            411.2,
            458.14,
            440.73,
            458.21,
            462.5,
            427.57,
            387.32,
            null,
            444.35,
            491.42,
            484.12,
            390.52,
            445.19,
            462.71,
            507.97,
            484.24,
            410.12,
            417.52,
            486.33,
            420.57,
            390.32,
            413.53,
            456.97,
            434.67
        ],
        [
            406.63,
            452.28,
            432.88,
            424.76,
            441.43,
            499.91,
            474.67,
            394.9,
            468.32,
            390.83,
            498.21,
            470.1,
            395.21,
            435.95,
            null,
            462.74,
            439.55,
            470.11,
            405.15,
            509.48,
            481.48,
            414.2,
            441.81,
            400.84,
            451.22,
            400.9,
            391.84,
            458.02,
            421.88,
            496.56
        ],
        [
            424.56,
            407.17,
            468.76,
            402.92,
            418.82,
            454.12,
            461.04,
            417.21,
            459.09,
            404.93,
            482.65,
            405.9,
            481.82,
            506.82,
            391.49,
            null,
            389.41,
            400.84,
            453.71,
            505.53,
            417.66,
            416.21,
            430.35,
            502.55,
            499.65,
            469.04,
            415.42,
            471.33,
            456.83,
            438.9
        ],
        [
            506.31,
            461.22,
            407.97,
            424.63,
            435.3,
            494.35,
            494.28,
            484.46,
            399.71,
            460.78,
            494.61,
            497.77,
            390.18,
            434.31,
            496.6,
            402.12,
            null,
            399.59,
            504.71,
            447.91,
            493.77,
            414.22,
            448.05,
            385.72,
            391.36,
            402.31,
            507.4,
            413.5,
            450.04,
            428.51
        ],
        [
            424.78,
            414.49,
            391.84,
            456.98,
            481.46,
            471.83,
            447.44,
            472.17,
            460.48,
            514.57,
            486.88,
            399.09,
            471.07,
            430.61,
            444.5,
            476.73,
            441.4,
            null,
            442.23,
            432.84,
            503.18,
            406.9,
            428.73,
            483.45,
            503.6,
            501.62,
            456.81,
            478.56,
            440.73,
            447.68
        ],
        [
            487.26,
            472.45,
            488.89,
            498.97,
            465.45,
            432.07,
            390.66,
            416.2,
            412.92,
            422.53,
            475.91,
            389.65,
            488.82,
            421.57,
            434.56,
            437.97,
            458.83,
            479.55,
            null,
            442.68,
            434.01,
            404.63,
            440.45,
            473.32,
            458.24,
            399.32,
            431.99,
            451.04,
            468.37,
            390.8
        ],
        [
            413.06,
            421.92,
            485.0,
            442.14,
            429.22,
            401.35,
            406.07,
            409.63,
            505.17,
            487.1,
            387.56,
            466.91,
            458.94,
            425.56,
            385.97,
            504.72,
            499.18,
            398.87,
            422.99,
            null,
            455.96,
            446.02,
            438.14,
            404.54,
            491.55,
            495.52,
            410.85,
            512.49,
            428.03,
            432.45
        ],
        [
            417.61,
            445.72,
            484.92,
            453.69,
            418.9,
            401.54,
            455.8,
            449.62,
            463.94,
            455.58,
            503.29,
            466.58,
            449.29,
            446.68,
            467.23,
            418.94,
            505.54,
            397.07,
            434.24,
            413.24,
            null,
            392.43,
            494.79,
            504.56,
            477.16,
            451.51,
            436.94,
            486.08,
            464.05,
            466.09
        ],
        [
            432.94,
            499.38,
            444.3,
            438.43,
            483.82,
            409.8,
            451.26,
            419.15,
            447.53,
            428.89,
            427.02,
            427.38,
            416.3,
            437.89,
            430.76,
            495.4,
            413.49,
            420.5,
            388.09,
            494.57,
            433.27,
            null,
            449.28,
            449.05,
            462.35,
            454.31,
            437.89,
            417.33,
            464.82,
            487.55
        ],
        [
            470.19,
            466.56,
            404.36,
            488.94,
            478.5,
            495.45,
            385.06,
            407.35,
            457.95,
            443.6,
            387.15,
            426.39,
            511.78,
            503.56,
            440.44,
            497.37,
            505.38,
            394.5,
            513.12,
            411.98,
            463.07,
            435.18,
            null,
            513.2,
            429.17,
            445.07,
            502.31,
            454.44,
            457.88,
            447.05
        ],
        [
            421.99,
            393.68,
            441.89,
            433.14,
            509.88,
            403.6,
            461.46,
            438.47,
            463.4,
            425.12,
            467.09,
            410.88,
            419.67,
            502.31,
            474.14,
            504.44,
            509.34,
            438.89,
            441.01,
            456.13,
            510.7,
            482.91,
            496.94,
            null,
            415.07,
            397.56,
            473.2,
            422.65,
            406.03,
            468.09
        ],
        [
            420.28,
            391.64,
            442.38,
            490.97,
            403.43,
            387.07,
            486.22,
            506.4,
            468.94,
            456.16,
            389.6,
            492.75,
            431.02,
            401.87,
            405.42,
            451.07,
            388.7,
            476.39,
            504.78,
            494.44,
            514.74,
            453.66,
            423.29,
            454.96,
            null,
            386.9,
            431.07,
            410.25,
            390.57,
            457.97
        ],
        [
            473.38,
            385.49,
            503.18,
            492.26,
            455.62,
            510.07,
            448.11,
            511.97,
            495.95,
            501.04,
            509.35,
            502.26,
            429.97,
            514.07,
            493.43,
            420.92,
            498.75,
            492.82,
            466.54,
            437.89,
            407.06,
            417.27,
            470.32,
            430.07,
            501.03,
            null,
            428.8,
            457.34,
            429.89,
            440.08
        ],
        [
            494.57,
            419.3,
            385.08,
            468.49,
            453.03,
            405.59,
            458.02,
            407.86,
            463.07,
            395.79,
            507.55,
            505.4,
            472.62,
            434.5,
            437.6,
            449.23,
            484.67,
            451.38,
            467.42,
            488.64,
            401.28,
            390.31,
            399.93,
            499.56,
            462.7,
            391.37,
            null,
            446.28,
            403.49,
            470.78
        ],
        [
            398.92,
            508.24,
            402.26,
            492.33,
            404.57,
            512.48,
            395.45,
            441.9,
            411.04,
            436.63,
            504.12,
            486.42,
            492.46,
            507.0,
            430.82,
            496.06,
            388.61,
            442.55,
            475.65,
            481.02,
            405.76,
            438.24,
            394.35,
            508.71,
            449.05,
            457.09,
            450.23,
            null,
            491.26,
            476.42
        ],
        [
            474.54,
            479.6,
            415.17,
            475.33,
            508.25,
            491.99,
            504.35,
            505.97,
            506.34,
            468.21,
            489.13,
            424.83,
            499.61,
            486.39,
            496.02,
            494.27,
            494.35,
            418.11,
            436.01,
            489.42,
            500.0,
            441.1,
            418.66,
            399.07,
            448.0,
            424.31,
            392.21,
            414.02,
            null,
            445.54
        ],
        [
            509.55,
            488.38,
            452.82,
            397.83,
            475.51,
            447.98,
            432.48,
            428.71,
            504.34,
            414.25,
            466.14,
            468.16,
            453.16,
            453.91,
            501.3,
            467.44,
            389.05,
            416.04,
            428.06,
            480.61,
            465.04,
            414.59,
            495.1,
            449.4,
            408.93,
            507.73,
            456.06,
            496.46,
            477.65,
            null
        ]
    ],
    "tempos_processamento": [
        6287.53,
        5836.09,
        7073.84,
        7196.08,
        4895.67,
        4265.87,
        3725.77,
        2452.41,
        3149.63,
        2715.54,
        3924.5,
        4141.82,
        2740.56,
        6627.38,
        3723.24,
        2791.89,
        6828.44,
        1803.77,
        4436.82,
        4317.02,
        6486.33,
        2004.62,
        6834.74,
        2071.62,
        6848.96,
        7133.57,
        4314.82,
        2415.53,
        2131.49,
        5321.41
    ],
    "ready_times": [
        3391.07,
        4511.11,
        9259.22,
        6671.32,
        3870.12,
        9173.14,
        4034.74,
        709.02,
        6885.99,
        3615.14,
        2711.26,
        5491.81,
        1282.33,
        160.21,
        3916.06,
        1960.43,
        1465.79,
        4626.49,
        2145.06,
        9346.41,
        1879.92,
        137.53,
        8845.56,
        8295.47,
        0.0,
        1882.33,
        1175.41,
        2488.86,
        9257.4,
        4187.42
    ]
}