{
    "configuracao": {
        "codigo_cenario": "HHHHLHL",
        "nivel_ready_time": "alta",
        "variabilidade_processamento": "alta",
        "media_processamento": "alta",
        "estrutura_setup": "assimetrica",
        "variabilidade_setup": "baixa",
        "n_maquinas": 10,
        "n_medio_jobs_maquina": 3,
        "n_jobs": 30
    },
    "matriz_setup": [
        [
            null,
            441.88,
            395.48,
            441.88,
            470.33,
            444.76,
            402.89,
            499.98,
            449.88,
            466.65,
            439.69,
            406.29,
            406.29,
            470.18,
            510.52,
            400.74,
            493.3,
            494.52,
            496.64,
            459.13,
            389.45,
            401.07,
            415.99,
            511.1,
            498.31,
            413.29,
            431.19,
            433.58,
            456.01,
            385.32
        ],
        [
            430.25,
            null,
            487.62,
            498.08,
            513.05,
            510.77,
            486.38,
            453.51,
            447.49,
            452.39,
            497.14,
            513.72,
            409.63,
            458.56,
            480.56,
            442.08,
            408.27,
            427.09,
            452.61,
            474.76,
            433.61,
            495.45,
            468.49,
            510.9,
            408.51,
            423.27,
            492.13,
            442.94,
            416.06,
            427.46
        ],
        [
            486.29,
            423.91,
            null,
            514.88,
            494.11,
            422.82,
            495.81,
            492.24,
            423.39,
            404.92,
            502.03,
            457.24,
            425.25,
            457.55,
            508.11,
            431.17,
            424.87,
            451.67,
            506.05,
            455.81,
            433.05,
            455.48,
            488.39,
            509.42,
            495.91,
            395.27,
            444.15,
            466.19,
            473.78,
            513.65
        ],
        [
            446.47,
            449.09,
            445.51,
            null,
            514.55,
            434.91,
            478.29,
            509.19,
            454.32,
            396.15,
            418.07,
            484.93,
            508.81,
            385.95,
            412.63,
            391.3,
            402.85,
            431.74,
            468.58,
            459.01,
            445.47,
            409.23,
            404.61,
            486.22,
            393.89,
            454.03,
            401.01,
            470.25,
            463.08,
            414.0
        ],
        [
            436.55,
            489.59,
            512.02,
            498.59,
            null,
            458.38,
            503.37,
            441.91,
            399.1,
            460.27,
            389.47,
            485.04,
            419.71,
            403.5,
            448.61,
            408.97,
            437.87,
            404.2,
            478.32,
            506.01,
            432.01,
            458.54,
            497.74,
            468.44,
            405.11,
            459.44,
            486.42,
            499.48,
            390.45,
            417.53
        ],
        [
            480.43,
            508.1,
            475.98,
            463.78,
            484.04,
            null,
            425.65,
            428.95,
            421.37,
            452.42,
            447.42,
            397.16,
            420.66,
            416.7,
            396.84,
            392.91,
            479.15,
            488.68,
            469.24,
            394.92,
            463.18,
            422.28,
            460.05,
            455.14,
            488.42,
            416.01,
            474.54,
            465.91,
            490.13,
            435.53
        ],
        [
            402.21,
            464.77,
            501.67,
            487.42,
            479.52,
            432.33,
            null,
            437.56,
            434.33,
            503.65,
            453.56,
            403.85,
            448.23,
            450.11,
            389.15,
            513.44,
            456.41,
            420.27,
            478.49,
            437.12,
            463.7,
            494.15,
            495.93,
            436.16,
            513.36,
            449.48,
            434.7,
            425.26,
            474.74,
            401.96
        ],
        [
            435.21,
            475.82,
            488.97,
            468.67,
            502.25,
            501.11,
            508.19,
            null,
            489.17,
            406.92,
            390.08,
            435.0,
            469.76,
            391.94,
            485.77,
            425.27,
            459.47,
            508.53,
            467.23,
            479.24,
            396.0,
            426.9,
            493.1,
            434.6,
            389.39,
            448.45,
            429.56,
            464.76,
            460.94,
            398.24
        ],
        [
            483.21,
            438.26,
            504.88,
            408.52,
            475.37,
            434.38,
            474.54,
            514.93,
            null,
            442.2,
            421.15,
            392.38,
            497.79,
            395.92,
            484.43,
            433.56,
            509.53,
            395.1,
            493.86,
            428.39,
            471.79,
            455.6,
            462.35,
            401.6,
            455.42,
            454.71,
            389.03,
            445.83,
            441.65,
            424.62
        ],
        [
            396.01,
            399.8,
            385.97,
            475.2,
            437.05,
            456.19,
            479.69,
            463.19,
            493.36,
            null,
            416.63,
            514.06,
            397.8,
            413.17,
            486.32,
            473.99,
            478.05,
            503.96,
            468.43,
            386.52,
            456.25,
            453.69,
            395.34,
            470.79,
            469.88,
            430.56,
            488.47,
            494.61,
            452.93,
            458.66
        ],
        [
            441.13,
            486.99,
            462.64,
            403.6,
            399.9,
            451.17,
            405.53,
            424.45,
            424.31,
            505.04,
            null,
            404.19,
            438.45,
            405.56,
            482.3,
            476.52,
            454.98,
            499.87,
            458.07,
            480.64,
            451.44,
            441.62,
            457.0,
            446.75,
            499.2,
            469.13,
            466.62,
            400.52,
            411.79,
            396.95
        ],
        [
            502.62,
            443.6,
            400.95,
            405.77,
            386.06,
            387.48,
            461.04,
            486.25,
            413.85,
            481.27,
            469.71,
            null,
            507.97,
            388.84,
            409.89,
            434.36,
            493.13,
            415.87,
            462.7,
            476.97,
            447.07,
            483.0,
            476.81,
            484.18,
            509.93,
            416.51,
            475.65,
            482.77,
            439.98,
            419.65
        ],
        [
            512.38,
            412.34,
            491.25,
            393.73,
            427.05,
            442.51,
            410.26,
            503.65,
            434.61,
            449.52,
            413.82,
            430.65,
            null,
            391.43,
            509.12,
            506.42,
            483.28,
            405.95,
            494.64,
            441.97,
            492.75,
            394.43,
            418.24,
            410.65,
            387.64,
            406.67,
            495.69,
            403.56,
            489.46,
            506.26
        ],
        [
            489.28,
            501.13,
            424.56,
            388.85,
            481.5,
            394.3,
            443.42,
            502.91,
            498.41,
            416.74,
            513.95,
            434.43,
            511.32,
            null,
            425.34,
            431.62,
            466.14,
            442.93,
            430.63,
            485.32,
            447.89,
            479.1,
            490.18,
            414.72,
            459.9,
            473.45,
            473.88,
            466.62,
            454.26,
            396.86
        ],
        [
            509.26,
            409.95,
            450.07,
            410.07,
            398.86,
            423.99,
            512.6,
            391.97,
            413.59,
            431.84,
            472.28,
            408.63,
            441.48,
            447.34,
            null,
            414.41,
            428.87,
            386.81,
            491.15,
            395.13,
            414.81,
            448.27,
            508.9,
            483.48,
            490.17,
            406.29,
            419.52,
            405.97,
            426.45,
            512.05
        ],
        [
            426.29,
            460.29,
            473.63,
            489.32,
            389.79,
            465.62,
            406.62,
            497.37,
            389.22,
            458.13,
            420.27,
            467.97,
            507.06,
            458.22,
            500.89,
            null,
            418.83,
            485.67,
            494.22,
            459.36,
            476.51,
            482.24,
            454.61,
            451.56,
            464.88,
            449.83,
            430.67,
            419.4,
            417.19,
            440.43
        ],
        [
            443.42,
            435.48,
            403.64,
            474.19,
            390.77,
            445.4,
            481.6,
            457.7,
            426.4,
            428.17,
            462.11,
            425.4,
            443.97,
            502.53,
            430.68,
            511.1,
            null,
            416.22,
            461.1,
            457.35,
            430.05,
            491.04,
            390.62,
            385.68,
            494.82,
            426.61,
            412.13,
            483.47,
            496.7,
            464.75
        ],
        [
            493.52,
            458.64,
            459.36,
            506.32,
            466.42,
            386.4,
            453.3,
            468.52,
            512.22,
            455.39,
            503.3,
            440.68,
            514.5,
            501.32,
            465.61,
            451.35,
            458.98,
            null,
            396.48,
            425.96,
            410.57,
            423.47,
            477.18,
            499.76,
            462.0,
            505.72,
            406.55,
            448.31,
            457.9,
            477.51
        ],
        [
            446.56,
            420.53,
            419.92,
            398.25,
            433.67,
            482.01,
            390.26,
            395.31,
            487.01,
            441.39,
            507.13,
            476.17,
            402.95,
            419.47,
            500.91,
            473.75,
            489.16,
            432.54,
            null,
            429.07,
            422.97,
            494.22,
            447.54,
            500.88,
            487.39,
            421.06,
            462.02,
            484.69,
            396.78,
            416.22
        ],
        [
            432.0,
            399.54,
            499.43,
            504.01,
            438.97,
            485.61,
            401.5,
            504.96,
            485.99,
            484.61,
            468.04,
            470.33,
            468.36,
            479.72,
            502.14,
            427.84,
            397.36,
            461.74,
            457.69,
            null,
            492.25,
            456.49,
            418.81,
            412.16,
            463.96,
            432.51,
            469.4,
            419.06,
            463.14,
            495.4
        ],
        [
            422.9,
            416.41,
            479.14,
            457.48,
            453.44,
            449.94,
            401.92,
            413.71,
            429.39,
            430.95,
            413.51,
            507.66,
            398.05,
            437.07,
            462.09,
            509.76,
            483.67,
            479.27,
            389.13,
            407.37,
            null,
            401.17,
            507.07,
            474.96,
            460.89,
            420.75,
            445.4,
            414.02,
            426.85,
            459.9
        ],
        [
            468.69,
            514.08,
            385.77,
            464.36,
            405.29,
            476.69,
            503.82,
            499.47,
            389.3,
            402.91,
            480.62,
            429.81,
            430.02,
            428.73,
            402.78,
            484.72,
            503.21,
            482.58,
            475.72,
            502.24,
            402.55,
            null,
            428.28,
            393.08,
            498.03,
            426.12,
            491.81,
            452.85,
            425.32,
            438.95
        ],
        [
            397.98,
            485.28,
            507.27,
            512.6,
            483.63,
            439.36,
            447.1,
            507.07,
            398.26,
            481.74,
            462.95,
            441.06,
            506.58,
            438.4,
            499.28,
            497.31,
            440.63,
            427.23,
            487.73,
            487.28,
            486.82,
            457.62,
            null,
            486.41,
            470.69,
            386.88,
            434.83,
            446.99,
            425.81,
            458.86
        ],
        [
            513.02,
            408.09,
            399.81,
            439.17,
            402.83,
            435.69,
            442.8,
            480.44,
            494.75,
            404.97,
            423.24,
            433.54,
            488.44,
            417.75,
            394.34,
            513.46,
            414.31,
            415.12,
            453.24,
            455.36,
            409.58,
            489.65,
            510.24,
            null,
            439.5,
            464.58,
            388.93,
            451.86,
            454.87,
            470.45
        ],
        [
            507.5,
            395.68,
            416.75,
            459.83,
            421.73,
            434.75,
            505.32,
            498.39,
            464.77,
            412.93,
            499.93,
            411.37,
            495.64,
            386.73,
            511.16,
            448.44,
            458.02,
            422.39,
            491.65,
            438.65,
            402.38,
            496.94,
            398.45,
            464.25,
            null,
            505.87,
            415.25,
            473.92,
            482.12,
            440.76
        ],
        [
            460.5,
            456.75,
            502.95,
            413.15,
            512.63,
            403.77,
            444.38,
            482.48,
            392.95,
            385.74,
            512.15,
            483.65,
            414.78,
            411.2,
            456.56,
            474.89,
            510.48,
            407.31,
            461.0,
            408.17,
            511.06,
            500.02,
            488.18,
            488.71,
            492.51,
            null,
            508.12,
            406.66,
            418.5,
            448.11
        ],
        [
            463.91,
            392.13,
            480.56,
            400.62,
            399.77,
            389.17,
            420.74,
            449.49,
            464.11,
            442.96,
            396.2,
            468.98,
            495.79,
            438.93,
            413.14,
            454.03,
            453.26,
            434.03,
            478.64,
            454.51,
            438.49,
            493.17,
            475.6,
            448.96,
            485.05,
            399.35,
            null,
            429.5,
            485.78,
            464.55
        ],
        [
            473.29,
            509.13,
            483.69,
            422.39,
            435.77,
            512.22,
            456.0,
            500.36,
            401.49,
            497.18,
            445.97,
            418.97,
            487.47,
            463.1,
            418.28,
            399.22,
            482.96,
            438.06,
            504.1,
            475.54,
            431.71,
            470.37,
            508.55,
            475.9,
            469.65,
            448.27,
            406.17,
            null,
            403.26,
            444.27
        ],
        [
            470.29,
            470.06,
            459.13,
            456.24,
            450.92,
            463.56,
            469.62,
            496.36,
            455.21,
            402.25,
            464.86,
            498.03,
            483.47,
            414.46,
            451.5,
            452.99,
            474.26,
            499.06,
            446.81,
            502.17,
            449.44,
            486.89,
            423.9,
            496.42,
            512.85,
            398.68,
            422.66,
            498.84,
            null,
            400.01
        ],
        [
            407.38,
            502.2,
            476.08,
            507.04,
            414.69,
            432.48,
            438.05,
            425.35,
            410.07,
            396.98,
            415.67,
            393.03,
            464.21,
            499.07,
            429.19,
            495.6,
            490.8,
            497.46,
            463.75,
            512.53,
            499.09,
            503.28,
            513.18,
            486.91,
            496.41,
            442.65,
            512.19,
            470.9,
            477.93,
            null
        ]
    ],
    "tempos_processamento": [
        4936.37,
        6659.32,
        3302.4,
        5229.19,
        5871.78,
        3782.92,
        3874.0,
        4563.81,
        5043.99,
        4347.21,
        2278.16,
        2690.17,
        5994.64,
        5364.27,
        2049.94,
        6201.52,
        6270.7,
        2629.07,
        6525.43,
        2925.16,
        2535.98,
        3817.81,
        3021.32,
        6986.89,
        1946.59,
        6632.19,
        6728.57,
        2962.12,
        3831.6,
        4389.54
    ],
    "ready_times": [
        2557.84,
        8210.25,
        6318.82,
        2538.34,
        3441.58,
        6311.61,
        7295.96,
        719.45,
        8353.05,
        4070.63,
        7807.27,
        7567.06,
        6277.97,
        7911.59,
        6866.81,
        3524.55,
        9115.14,
        2800.09,
        6936.02,
        3227.07,
        0.0,
        8963.95,
        7699.97,
        4835.42,
        2682.19,
        362.26,
        451.34,
        8692.25,
        7625.47,
        5732.24
    ]
}