{
    "configuracao": {
        "codigo_cenario": "HHHHLHL",
        "nivel_ready_time": "alta",
        "variabilidade_processamento": "alta",
        "media_processamento": "alta",
        "estrutura_setup": "assimetrica",
        "variabilidade_setup": "baixa",
        "n_maquinas": 10,
        "n_medio_jobs_maquina": 3,
        "n_jobs": 30
    },
    "matriz_setup": [
        [
            null,
            442.65,
            476.66,
            470.64,
            387.94,
            420.35,
            481.77,
            415.55,
            512.81,
            499.82,
            418.15,
            455.85,
            490.77,
            508.3,
            405.48,
            399.62,
            488.55,
            482.22,
            494.18,
            450.78,
            499.13,
            512.4,
            406.06,
            444.51,
            507.68,
            477.28,
            418.75,
            395.71,
            454.51,
            475.79
        ],
        [
            408.52,
            null,
            449.79,
            435.58,
            420.43,
            427.58,
            404.33,
            500.69,
            488.02,
            496.72,
            404.59,
            491.51,
            501.19,
            407.55,
            412.57,
            385.73,
            457.08,
            448.32,
            447.51,
            406.81,
            491.43,
            506.94,
            450.42,
            435.12,
            392.33,
            443.69,
            463.83,
            509.19,
            467.92,
            397.81
        ],
        [
            485.51,
            495.01,
            null,
            490.57,
            467.64,
            443.37,
            470.46,
            449.35,
            432.89,
            495.33,
            418.94,
            489.72,
            419.16,
            403.32,
            414.56,
            464.23,
            419.85,
            410.64,
            451.52,
            415.75,
            461.48,
            387.36,
            457.33,
            507.27,
            402.84,
            481.48,
            427.04,
            495.66,
            457.16,
            502.86
        ],
        [
            511.5,
            498.1,
            481.87,
            null,
            495.89,
            498.26,
            445.72,
            505.05,
            431.4,
            464.77,
            452.24,
            500.55,
            418.27,
            489.28,
            385.61,
            393.32,
            406.29,
            463.63,
            393.11,
            389.81,
            403.79,
            404.52,
            407.32,
            480.88,
            434.51,
            404.44,
            393.58,
            474.19,
            406.13,
            418.22
        ],
        [
            512.77,
            466.74,
            425.83,
            463.92,
            null,
            513.53,
            391.06,
            407.15,
            512.75,
            485.26,
            475.38,
            489.83,
            504.53,
            391.9,
            411.73,
            396.48,
            426.45,
            396.59,
            513.9,
            455.83,
            457.22,
            409.49,
            388.63,
            460.94,
            432.67,
            466.36,
            472.73,
            438.85,
            462.19,
            405.14
        ],
        [
            391.94,
            455.14,
            483.33,
            417.77,
            470.0,
            null,
            456.27,
            454.97,
            396.99,
            413.62,
            460.32,
            471.5,
            397.89,
            512.63,
            430.43,
            494.13,
            424.3,
            439.03,
            406.63,
            509.4,
            421.01,
            440.28,
            421.11,
            488.16,
            462.94,
            411.4,
            447.34,
            454.11,
            473.43,
            480.53
        ],
        [
            433.26,
            439.9,
            489.07,
            425.28,
            481.82,
            463.01,
            null,
            412.2,
            427.63,
            503.75,
            497.8,
            455.64,
            438.42,
            483.87,
            494.81,
            399.96,
            482.51,
            397.35,
            460.4,
            432.06,
            448.65,
            451.62,
            413.07,
            457.33,
            417.62,
            489.35,
            510.4,
            431.86,
            407.53,
            461.46
        ],
        [
            501.38,
            475.38,
            498.12,
            387.63,
            422.27,
            508.86,
            489.08,
            null,
            390.7,
            497.4,
            399.64,
            471.8,
            436.64,
            459.48,
            421.72,
            419.64,
            496.39,
            455.24,
            465.22,
            404.18,
            490.36,
            488.85,
            513.34,
            503.81,
            473.63,
            453.46,
            412.23,
            432.98,
            400.43,
            414.44
        ],
        [
            499.83,
            438.38,
            394.7,
            418.56,
            414.74,
            462.19,
            494.74,
            462.18,
            null,
            456.09,
            479.72,
            464.32,
            443.15,
            479.78,
            448.42,
            491.1,
            463.32,
            492.45,
            501.79,
            484.29,
            456.93,
            461.92,
            407.66,
            465.44,
            509.34,
            440.22,
            492.93,
            396.76,
            473.12,
            433.96
        ],
        [
            431.74,
            503.2,
            389.07,
            462.01,
            467.93,
            496.17,
            388.05,
            429.66,
            510.54,
            null,
            431.71,
            401.72,
            453.12,
            471.31,
            418.84,
            425.14,
            414.26,
            464.1,
            447.45,
            486.59,
            402.38,
            481.71,
            494.67,
            438.02,
            451.94,
            490.36,
            420.16,
            432.11,
            460.46,
            496.65
        ],
        [
            452.13,
            399.38,
            462.01,
            466.88,
            458.95,
            509.11,
            414.02,
            463.38,
            452.29,
            435.59,
            null,
            505.75,
            426.35,
            429.58,
            503.19,
            476.83,
            416.36,
            397.87,
            408.56,
            404.27,
            410.5,
            450.41,
            465.94,
            460.13,
            389.52,
            406.68,
            457.91,
            419.24,
            511.62,
            400.19
        ],
        [
            407.42,
            432.2,
            444.96,
            403.42,
            505.75,
            512.77,
            396.93,
            509.44,
            469.24,
            416.65,
            496.71,
            null,
            448.45,
            419.3,
            480.97,
            469.6,
            433.88,
            465.78,
            489.97,
            464.7,
            434.81,
            426.83,
            512.57,
            398.57,
            479.08,
            489.91,
            481.81,
            451.21,
            391.46,
            475.07
        ],
        [
            486.75,
            460.98,
            398.62,
            442.71,
            404.2,
            476.04,
            395.0,
            402.02,
            475.55,
            512.07,
            490.1,
            452.29,
            null,
            402.7,
            423.78,
            509.05,
            436.01,
            438.39,
            484.92,
            422.78,
            507.23,
            409.54,
            443.98,
            388.4,
            486.09,
            395.38,
            485.93,
            429.59,
            404.94,
            486.35
        ],
        [
            425.74,
            401.21,
            399.18,
            429.58,
            450.14,
            474.08,
            451.43,
            429.85,
            420.95,
            431.82,
            503.74,
            444.63,
            418.29,
            null,
            400.38,
            487.0,
            386.07,
            387.35,
            508.17,
            493.51,
            440.19,
            460.21,
            412.63,
            512.01,
            493.0,
            488.02,
            420.43,
            503.44,
            498.55,
            506.68
        ],
        [
            398.78,
            488.43,
            411.43,
            473.21,
            388.57,
            437.57,
            481.16,
            418.15,
            394.56,
            511.08,
            441.38,
            510.34,
            392.69,
            385.47,
            null,
            438.37,
            393.68,
            416.98,
            429.35,
            454.82,
            487.99,
            438.63,
            432.16,
            514.86,
            470.63,
            413.91,
            463.29,
            438.64,
            442.76,
            511.46
        ],
        [
            411.05,
            389.31,
            435.29,
            455.61,
            408.38,
            509.65,
            444.27,
            405.11,
            455.15,
            455.25,
            462.21,
            462.81,
            399.35,
            416.17,
            386.09,
            null,
            398.63,
            391.07,
            434.18,
            453.52,
            390.84,
            430.67,
            498.01,
            508.5,
            487.33,
            470.67,
            396.21,
            476.41,
            426.46,
            422.75
        ],
        [
            423.97,
            431.85,
            498.91,
            413.46,
            509.23,
            416.68,
            494.6,
            415.97,
            425.66,
            508.56,
            461.78,
            458.3,
            464.43,
            400.93,
            486.14,
            429.42,
            null,
            412.34,
            423.9,
            491.62,
            477.19,
            490.0,
            404.07,
            391.19,
            416.91,
            442.91,
            416.85,
            463.09,
            393.08,
            496.53
        ],
        [
            478.33,
            511.82,
            437.18,
            408.94,
            397.37,
            413.73,
            418.76,
            488.85,
            448.71,
            403.26,
            472.31,
            410.66,
            421.03,
            479.38,
            476.02,
            487.35,
            441.32,
            null,
            418.44,
            461.3,
            441.29,
            416.47,
            445.97,
            512.56,
            428.18,
            485.06,
            441.04,
            402.81,
            509.44,
            470.78
        ],
        [
            497.91,
            436.56,
            408.48,
            428.49,
            473.72,
            465.6,
            514.17,
            471.3,
            483.36,
            392.33,
            407.84,
            440.22,
            413.95,
            498.45,
            510.53,
            401.3,
            465.71,
            432.41,
            null,
            398.71,
            470.05,
            472.63,
            418.73,
            398.25,
            465.26,
            386.6,
            399.43,
            471.19,
            446.18,
            461.4
        ],
        [
            481.83,
            389.75,
            486.69,
            405.21,
            497.03,
            485.53,
            452.42,
            443.1,
            471.04,
            402.36,
            490.47,
            391.14,
            409.91,
            414.77,
            411.04,
            430.45,
            399.39,
            479.03,
            423.0,
            null,
            415.64,
            468.23,
            396.39,
            401.32,
            486.77,
            396.91,
            443.85,
            509.5,
            450.8,
            394.31
        ],
        [
            417.61,
            415.46,
            457.54,
            448.72,
            385.35,
            443.3,
            445.8,
            489.98,
            404.43,
            494.47,
            448.57,
            448.77,
            393.44,
            487.56,
            484.09,
            479.25,
            470.01,
            486.69,
            432.31,
            478.98,
            null,
            469.28,
            500.09,
            436.24,
            422.82,
            398.7,
            423.24,
            427.75,
            429.14,
            412.43
        ],
        [
            417.66,
            460.19,
            415.3,
            403.98,
            420.36,
            490.03,
            495.64,
            478.4,
            493.12,
            491.12,
            426.0,
            471.46,
            491.62,
            502.35,
            392.91,
            443.29,
            513.35,
            396.42,
            512.67,
            389.86,
            486.6,
            null,
            464.7,
            404.09,
            445.71,
            479.47,
            396.92,
            396.34,
            436.68,
            436.54
        ],
        [
            512.2,
            407.69,
            481.11,
            501.33,
            386.95,
            410.3,
            447.75,
            441.81,
            432.35,
            470.02,
            454.29,
            428.23,
            453.5,
            427.86,
            444.5,
            472.73,
            433.26,
            504.85,
            461.92,
            435.74,
            446.01,
            474.67,
            null,
            477.45,
            387.69,
            461.96,
            464.7,
            393.41,
            496.91,
            495.28
        ],
        [
            461.06,
            498.45,
            414.42,
            439.25,
            404.47,
            425.87,
            505.92,
            423.61,
            434.02,
            511.17,
            509.6,
            432.73,
            469.48,
            508.01,
            503.17,
            458.16,
            405.71,
            498.03,
            464.55,
            494.63,
            394.19,
            477.36,
            509.99,
            null,
            444.97,
            386.76,
            393.62,
            477.57,
            475.89,
            440.89
        ],
        [
            386.27,
            429.89,
            510.33,
            457.18,
            503.4,
            457.37,
            459.11,
            433.73,
            417.43,
            505.49,
            452.4,
            498.64,
            410.49,
            476.12,
            470.07,
            476.33,
            423.02,
            491.12,
            491.22,
            395.64,
            462.92,
            392.1,
            461.63,
            401.39,
            null,
            419.01,
            454.11,
            405.26,
            507.41,
            446.54
        ],
        [
            461.18,
            495.32,
            387.24,
            419.33,
            505.7,
            464.02,
            457.66,
            484.1,
            402.5,
            507.07,
            439.09,
            475.08,
            438.54,
            400.12,
            448.24,
            494.56,
            500.29,
            451.82,
            472.47,
            429.43,
            452.15,
            512.6,
            474.27,
            507.96,
            385.72,
            null,
            462.16,
            467.87,
            406.97,
            449.64
        ],
        [
            417.4,
            431.53,
            399.21,
            396.95,
            509.31,
            488.8,
            441.23,
            394.78,
            419.63,
            480.46,
            504.49,
            475.67,
            452.48,
            474.28,
            412.98,
            475.63,
            430.2,
            446.45,
            459.89,
            443.73,
            499.16,
            448.62,
            431.75,
            490.23,
            389.09,
            472.53,
            null,
            458.85,
            492.99,
            506.39
        ],
        [
            419.82,
            385.54,
            389.65,
            424.63,
            418.03,
            498.12,
            478.4,
            468.06,
            414.58,
            430.31,
            434.69,
            473.81,
            495.1,
            430.63,
            462.83,
            510.97,
            473.6,
            406.27,
            503.5,
            427.37,
            408.04,
            398.72,
            425.19,
            492.66,
            392.39,
            429.37,
            404.02,
            null,
            510.14,
            505.52
        ],
        [
            409.82,
            394.03,
            422.63,
            498.29,
            401.03,
            510.56,
            439.74,
            407.56,
            409.3,
            473.39,
            404.09,
            471.93,
            444.37,
            477.63,
            391.64,
            477.79,
            423.52,
            390.18,
            416.18,
            469.5,
            425.16,
            403.59,
            397.58,
            455.1,
            475.8,
            469.93,
            402.19,
            420.14,
            null,
            468.95
        ],
        [
            482.17,
            480.0,
            449.76,
            400.9,
            413.57,
            465.17,
            444.89,
            506.16,
            392.87,
            390.8,
            456.56,
            487.2,
            440.85,
            458.9,
            511.98,
            385.72,
            389.55,
            400.32,
            396.45,
            399.95,
            414.7,
            402.46,
            491.86,
            500.69,
            505.61,
            402.8,
            479.29,
            456.37,
            477.45,
            null
        ]
    ],
    "tempos_processamento": [
        6224.79,
        6632.33,
        4469.04,
        4227.04,
        3003.19,
        5634.76,
        5785.6,
        5764.67,
        4920.53,
        4636.99,
        3820.2,
        7001.45,
        6178.24,
        5278.81,
        5102.66,
        2042.52,
        4935.39,
        6172.7,
        6073.3,
        3950.26,
        4318.79,
        2091.28,
        5515.07,
        4326.86,
        2920.47,
        2816.12,
        4661.04,
        5939.8,
        4707.52,
        3973.89
    ],
    "ready_times": [
        3892.4,
        298.99,
        1091.02,
        1886.94,
        2836.36,
        2309.38,
        9363.44,
        1512.79,
        266.06,
        5284.31,
        3872.58,
        1080.2,
        8528.66,
        7027.52,
        6661.62,
        8603.01,
        789.47,
        9838.54,
        5942.81,
        2804.66,
        8071.32,
        3854.14,
        4327.19,
        3309.92,
        3501.99,
        3249.62,
        8506.47,
        8916.9,
        3662.26,
        0.0
    ]
}