{
    "configuracao": {
        "codigo_cenario": "HHHHLHL",
        "nivel_ready_time": "alta",
        "variabilidade_processamento": "alta",
        "media_processamento": "alta",
        "estrutura_setup": "assimetrica",
        "variabilidade_setup": "baixa",
        "n_maquinas": 10,
        "n_medio_jobs_maquina": 3,
        "n_jobs": 30
    },
    "matriz_setup": [
        [
            null,
            445.57,
            403.4,
            491.91,
            469.74,
            397.24,
            500.75,
            486.1,
            394.74,
            439.53,
            468.45,
            506.66,
            433.27,
            386.15,
            505.31,
            511.71,
            390.91,
            460.46,
            407.95,
            385.84,
            426.29,
            409.15,
            487.15,
            414.73,
            444.71,
            396.75,
            490.43,
            445.9,
            416.08,
            477.7
        ],
        [
            430.16,
            null,
            433.17,
            504.97,
            496.64,
            421.18,
            427.85,
            486.09,
            415.35,
            474.7,
            467.65,
            496.36,
            417.68,
            500.7,
            390.44,
            416.94,
            488.64,
            422.28,
            511.46,
            488.92,
            513.97,
            487.16,
            462.85,
            491.82,
            451.51,
            508.32,
            494.81,
            398.55,
            425.91,
            504.23
        ],
        [
            505.52,
            436.8,
            null,
            443.56,
            419.21,
            417.27,
            459.3,
            447.77,
            511.6,
            442.58,
            453.24,
            455.93,
            388.59,
            403.06,
            511.87,
            429.04,
            444.23,
            458.91,
            390.18,
            403.34,
            424.02,
            411.96,
            458.45,
            443.71,
            433.76,
            469.45,
            441.49,
            513.67,
            484.65,
            406.66
        ],
        [
            453.76,
            449.67,
            484.17,
            null,
            464.87,
            398.73,
            506.84,
            478.21,
            488.78,
            461.91,
            456.94,
            402.53,
            475.84,
            493.68,
            416.82,
            450.21,
            502.63,
            420.67,
            435.64,
            396.1,
            469.66,
            508.54,
            487.85,
            511.71,
            445.09,
            412.82,
            431.54,
            498.94,
            398.02,
            427.73
        ],
        [
            405.09,
            439.58,
            434.86,
            426.67,
            null,
            496.66,
            478.87,
            411.81,
            436.46,
            456.61,
            483.65,
            418.87,
            514.47,
            390.67,
            397.86,
            471.27,
            426.95,
            454.13,
            514.11,
            408.57,
            401.21,
            514.17,
            480.75,
            478.08,
            485.51,
            463.24,
            463.22,
            462.26,
            397.44,
            507.39
        ],
        [
            483.94,
            467.87,
            485.42,
            489.94,
            478.55,
            null,
            510.87,
            442.45,
            513.15,
            435.42,
            399.41,
            472.43,
            472.21,
            433.98,
            417.08,
            385.75,
            428.29,
            457.06,
            513.55,
            405.67,
            386.5,
            482.29,
            408.03,
            502.21,
            417.12,
            467.01,
            397.1,
            513.66,
            436.73,
            464.68
        ],
        [
            498.47,
            462.61,
            416.16,
            386.11,
            424.91,
            387.47,
            null,
            421.63,
            444.83,
            453.28,
            399.68,
            508.59,
            490.14,
            407.6,
            430.65,
            473.03,
            457.1,
            431.67,
            480.2,
            473.02,
            394.09,
            511.73,
            386.79,
            393.11,
            461.29,
            424.17,
            418.58,
            427.25,
            416.87,
            449.54
        ],
        [
            490.7,
            432.74,
            503.72,
            455.75,
            428.37,
            504.91,
            393.68,
            null,
            507.58,
            477.92,
            486.17,
            407.4,
            448.85,
            471.5,
            458.02,
            387.03,
            411.12,
            387.74,
            463.0,
            483.55,
            438.55,
            507.37,
            403.44,
            495.41,
            415.39,
            493.55,
            510.09,
            427.47,
            498.85,
            440.46
        ],
        [
            405.66,
            446.44,
            416.44,
            429.37,
            389.92,
            409.56,
            464.79,
            443.7,
            null,
            513.08,
            408.01,
            483.64,
            480.13,
            395.47,
            389.35,
            494.99,
            412.31,
            434.04,
            451.64,
            480.09,
            385.17,
            430.39,
            455.79,
            432.9,
            485.82,
            500.46,
            423.48,
            402.28,
            514.69,
            391.85
        ],
        [
            480.21,
            392.08,
            513.05,
            410.3,
            461.52,
            497.13,
            499.51,
            460.77,
            392.83,
            null,
            388.26,
            513.43,
            406.81,
            435.5,
            398.46,
            512.18,
            512.27,
            414.1,
            396.27,
            464.55,
            423.09,
            449.24,
            439.85,
            400.2,
            414.1,
            472.77,
            462.17,
            411.03,
            482.47,
            506.23
        ],
        [
            509.53,
            422.33,
            511.34,
            432.84,
            498.17,
            498.59,
            481.14,
            426.82,
            483.09,
            444.84,
            null,
            504.27,
            483.76,
            410.26,
            509.87,
            461.26,
            490.11,
            472.2,
            393.72,
            452.81,
            455.95,
            438.24,
            403.06,
            511.84,
            451.74,
            474.41,
            487.57,
            438.28,
            495.59,
            442.99
        ],
        [
            422.06,
            462.22,
            495.86,
            413.0,
            479.28,
            459.0,
            408.06,
            416.17,
            428.29,
            448.12,
            471.74,
            null,
            471.27,
            472.04,
            514.38,
            411.83,
            479.71,
            472.87,
            443.63,
            468.21,
            482.32,
            428.88,
            475.52,
            430.98,
            476.71,
            425.83,
            419.59,
            482.08,
            463.1,
            470.4
        ],
        [
            510.98,
            463.38,
            453.51,
            504.74,
            484.97,
            501.94,
            418.54,
            467.33,
            407.34,
            501.71,
            462.19,
            478.39,
            null,
            479.86,
            386.54,
            405.72,
            428.86,
            486.59,
            470.34,
            423.25,
            480.47,
            498.69,
            501.14,
            479.53,
            463.66,
            463.56,
            467.7,
            503.8,
            449.49,
            456.58
        ],
        [
            449.46,
            393.56,
            394.78,
            486.44,
            490.92,
            473.56,
            491.85,
            485.45,
            424.39,
            480.37,
            464.6,
            512.29,
            464.91,
            null,
            464.72,
            510.18,
            437.42,
            411.93,
            459.67,
            461.27,
            483.95,
            388.96,
            387.37,
            392.42,
            395.16,
            394.48,
            513.65,
            454.61,
            436.27,
            510.53
        ],
        [
            425.06,
            441.25,
            396.17,
            513.92,
            454.13,
            443.52,
            484.25,
            397.02,
            414.81,
            442.79,
            487.22,
            403.29,
            389.05,
            501.11,
            null,
            514.42,
            470.96,
            413.39,
            505.01,
            471.65,
            446.89,
            474.71,
            506.86,
            440.68,
            404.32,
            412.65,
            509.41,
            441.11,
            501.97,
            449.31
        ],
        [
            434.9,
            462.58,
            387.22,
            508.17,
            475.56,
            452.38,
            454.93,
            387.56,
            458.31,
            491.96,
            410.16,
            389.12,
            450.5,
            469.72,
            415.15,
            null,
            499.23,
            477.05,
            466.05,
            425.65,
            444.62,
            504.29,
            418.22,
            479.33,
            494.18,
            496.02,
            508.32,
            490.25,
            404.39,
            482.14
        ],
        [
            398.02,
            417.57,
            405.72,
            464.39,
            514.41,
            500.77,
            490.33,
            478.72,
            478.33,
            456.07,
            433.61,
            482.97,
            395.98,
            494.76,
            388.07,
            479.8,
            null,
            420.83,
            419.71,
            474.26,
            447.36,
            434.32,
            455.83,
            500.38,
            424.26,
            438.29,
            386.81,
            445.95,
            437.95,
            490.45
        ],
        [
            492.08,
            395.7,
            509.89,
            482.68,
            511.54,
            485.62,
            400.23,
            413.37,
            455.28,
            478.82,
            473.3,
            444.78,
            442.99,
            487.8,
            416.45,
            395.05,
            455.37,
            null,
            432.71,
            433.36,
            408.6,
            448.54,
            422.37,
            402.03,
            450.14,
            489.23,
            464.69,
            449.98,
            491.03,
            468.98
        ],
        [
            501.02,
            500.29,
            441.41,
            502.71,
            451.16,
            505.14,
            508.2,
            452.87,
            400.59,
            392.2,
            437.04,
            418.41,
            511.89,
            464.54,
            402.71,
            402.65,
            486.62,
            504.03,
            null,
            431.85,
            451.99,
            433.19,
            469.22,
            408.76,
            480.28,
            504.19,
            514.48,
            421.3,
            453.54,
            385.93
        ],
        [
            470.32,
            446.85,
            481.64,
            437.67,
            433.92,
            434.58,
            455.59,
            473.58,
            445.04,
            487.68,
            466.79,
            454.04,
            456.0,
            495.71,
            422.1,
            421.64,
            425.43,
            417.2,
            462.26,
            null,
            418.16,
            392.7,
            487.34,
            442.07,
            471.38,
            502.53,
            476.03,
            420.84,
            428.28,
            451.66
        ],
        [
            422.51,
            477.88,
            498.9,
            460.9,
            396.48,
            457.19,
            409.87,
            443.86,
            388.39,
            502.28,
            402.67,
            480.94,
            482.78,
            499.93,
            508.1,
            495.86,
            399.57,
            406.81,
            449.88,
            419.32,
            null,
            398.47,
            422.4,
            480.86,
            386.06,
            419.78,
            451.83,
            501.93,
            391.96,
            450.73
        ],
        [
            442.75,
            422.8,
            493.44,
            467.07,
            429.49,
            386.83,
            408.16,
            454.84,
            433.66,
            433.06,
            483.25,
            468.18,
            399.8,
            448.03,
            411.79,
            476.46,
            460.82,
            482.75,
            489.13,
            486.49,
            487.26,
            null,
            510.46,
            508.39,
            512.04,
            485.9,
            388.2,
            493.53,
            498.77,
            445.01
        ],
        [
            472.79,
            427.33,
            390.35,
            395.18,
            414.7,
            427.16,
            405.15,
            506.67,
            474.49,
            407.54,
            452.33,
            501.47,
            417.72,
            422.91,
            389.52,
            424.37,
            511.17,
            385.99,
            414.1,
            512.14,
            510.9,
            483.84,
            null,
            497.14,
            409.99,
            461.64,
            445.28,
            451.25,
            454.36,
            420.07
        ],
        [
            446.79,
            426.6,
            443.94,
            470.55,
            478.33,
            470.28,
            480.91,
            394.68,
            457.82,
            499.26,
            387.74,
            447.82,
            390.63,
            495.69,
            429.36,
            445.23,
            457.16,
            445.17,
            444.88,
            457.95,
            509.23,
            439.61,
            391.11,
            null,
            424.3,
            471.06,
            399.7,
            451.33,
            421.3,
            436.84
        ],
        [
            512.51,
            463.3,
            429.59,
            478.11,
            396.79,
            470.23,
            432.08,
            490.48,
            448.69,
            444.51,
            407.15,
            461.47,
            498.32,
            466.01,
            386.48,
            496.66,
            451.93,
            461.69,
            444.53,
            506.63,
            391.83,
            399.21,
            510.62,
            509.78,
            null,
            503.42,
            478.23,
            418.61,
            395.49,
            414.23
        ],
        [
            514.06,
            464.79,
            413.8,
            485.36,
            389.55,
            480.32,
            416.97,
            410.19,
            396.71,
            495.2,
            500.17,
            402.99,
            475.37,
            485.49,
            439.53,
            446.55,
            392.07,
            508.85,
            451.22,
            435.42,
            438.65,
            404.25,
            500.04,
            427.62,
            462.86,
            null,
            399.67,
            438.5,
            505.75,
            469.16
        ],
        [
            434.0,
            507.57,
            500.35,
            500.28,
            485.72,
            493.08,
            476.49,
            501.42,
            508.42,
            406.72,
            401.05,
            427.84,
            452.1,
            512.75,
            514.22,
            423.99,
            434.61,
            492.46,
            467.91,
            499.48,
            478.83,
            469.2,
            480.69,
            499.59,
            413.96,
            406.54,
            null,
            407.45,
            460.23,
            503.67
        ],
        [
            454.15,
            413.12,
            459.89,
            477.93,
            505.0,
            473.96,
            443.98,
            462.17,
            466.41,
            471.16,
            423.48,
            432.18,
            407.08,
            486.56,
            402.33,
            492.64,
            441.19,
            425.39,
            394.4,
            476.39,
            430.57,
            425.77,
            422.8,
            486.91,
            509.81,
            424.2,
            506.3,
            null,
            411.36,
            401.64
        ],
        [
            457.89,
            476.58,
            470.64,
            447.05,
            458.26,
            472.01,
            417.6,
            511.72,
            500.76,
            483.39,
            392.17,
            428.78,
            394.7,
            469.31,
            446.44,
            448.2,
            478.5,
            392.63,
            398.14,
            482.62,
            397.35,
            386.34,
            429.81,
            472.84,
            476.77,
            441.6,
            402.69,
            428.07,
            null,
            481.28
        ],
        [
            386.51,
            443.52,
            423.32,
            405.8,
            503.17,
            502.76,
            393.49,
            438.64,
            482.8,
            409.7,
            461.35,
            407.9,
            438.68,
            513.27,
            480.53,
            481.05,
            385.87,
            463.02,
            508.79,
            513.72,
            403.93,
            418.21,
            438.0,
            503.6,
            420.24,
            488.49,
            403.33,
            436.93,
            509.71,
            null
        ]
    ],
    "tempos_processamento": [
        4372.87,
        5717.03,
        4096.89,
        7099.89,
        5648.14,
        4522.56,
        4106.04,
        2526.07,
        3583.49,
        2053.34,
        3928.65,
        5273.51,
        6368.81,
        4466.85,
        5936.07,
        4081.79,
        2347.54,
        2518.16,
        6427.1,
        4958.1,
        2259.9,
        3996.94,
        5743.97,
        3915.29,
        6084.38,
        6339.61,
        1967.55,
        6557.2,
        5770.61,
        6370.99
    ],
    "ready_times": [
        5302.4,
        1792.59,
        8964.6,
        302.59,
        5046.42,
        2205.14,
        4242.93,
        3197.03,
        6987.74,
        5851.74,
        1922.15,
        8439.28,
        6619.29,
        8357.93,
        4319.85,
        5570.12,
        976.22,
        2562.87,
        7412.7,
        3139.31,
        7106.48,
        0.0,
        3329.08,
        7538.58,
        6846.72,
        9240.8,
        997.76,
        8645.8,
        9790.46,
        4552.63
    ]
}