{
    "configuracao": {
        "codigo_cenario": "HHHHLHL",
        "nivel_ready_time": "alta",
        "variabilidade_processamento": "alta",
        "media_processamento": "alta",
        "estrutura_setup": "assimetrica",
        "variabilidade_setup": "baixa",
        "n_maquinas": 10,
        "n_medio_jobs_maquina": 3,
        "n_jobs": 30
    },
    "matriz_setup": [
        [
            null,
            492.85,
            386.83,
            467.4,
            386.51,
            472.32,
            408.65,
            415.09,
            491.78,
            440.31,
            412.73,
            478.04,
            477.56,
            389.04,
            493.53,
            425.55,
            416.27,
            498.65,
            443.17,
            487.45,
            396.53,
            397.05,
            500.51,
            441.53,
            434.2,
            436.22,
            397.35,
            511.22,
            434.55,
            454.79
        ],
        [
            446.65,
            null,
            499.39,
            492.84,
            418.57,
            485.08,
            492.64,
            441.5,
            467.48,
            436.55,
            508.67,
            474.32,
            433.8,
            511.97,
            458.44,
            466.69,
            490.92,
            481.74,
            464.96,
            470.9,
            418.6,
            410.75,
            395.68,
            460.01,
            386.12,
            473.17,
            457.19,
            493.7,
            460.58,
            492.2
        ],
        [
            442.04,
            452.98,
            null,
            434.33,
            456.02,
            488.49,
            404.21,
            480.98,
            410.56,
            423.65,
            480.85,
            479.27,
            481.59,
            412.85,
            508.09,
            482.34,
            476.32,
            512.74,
            458.11,
            456.72,
            418.86,
            507.31,
            434.29,
            435.84,
            446.88,
            395.79,
            391.3,
            458.62,
            500.95,
            505.4
        ],
        [
            453.9,
            479.84,
            402.62,
            null,
            405.06,
            475.75,
            484.84,
            400.99,
            477.82,
            487.02,
            438.37,
            495.27,
            471.74,
            428.59,
            476.86,
            465.19,
            485.48,
            395.16,
            509.49,
            497.83,
            460.03,
            502.93,
            389.96,
            474.9,
            455.57,
            396.76,
            465.66,
            493.95,
            412.83,
            462.04
        ],
        [
            481.67,
            418.33,
            403.56,
            514.26,
            null,
            434.2,
            392.23,
            400.4,
            429.85,
            500.84,
            435.43,
            451.2,
            418.31,
            422.43,
            432.99,
            454.12,
            422.6,
            431.13,
            438.25,
            422.07,
            418.89,
            451.37,
            441.7,
            437.4,
            464.48,
            428.04,
            470.39,
            428.2,
            511.15,
            415.6
        ],
        [
            410.76,
            471.13,
            468.57,
            418.63,
            499.24,
            null,
            488.81,
            450.45,
            446.44,
            464.0,
            415.87,
            496.77,
            419.45,
            469.69,
            480.65,
            433.27,
            407.93,
            470.53,
            484.49,
            392.67,
            398.15,
            407.29,
            395.19,
            504.78,
            492.97,
            459.86,
            417.78,
            465.26,
            479.39,
            414.63
        ],
        [
            503.51,
            413.75,
            514.05,
            512.66,
            474.58,
            439.84,
            null,
            451.68,
            455.39,
            468.32,
            395.14,
            514.43,
            468.62,
            476.46,
            415.86,
            447.63,
            462.03,
            416.05,
            449.83,
            407.71,
            462.35,
            392.49,
            419.87,
            471.2,
            445.52,
            463.79,
            446.53,
            475.53,
            463.43,
            481.65
        ],
        [
            476.34,
            448.6,
            428.77,
            476.44,
            457.82,
            391.53,
            450.99,
            null,
            458.91,
            409.36,
            400.79,
            421.72,
            422.47,
            453.06,
            455.07,
            407.89,
            423.57,
            506.65,
            506.83,
            424.19,
            443.99,
            397.34,
            428.91,
            390.33,
            493.62,
            489.5,
            485.42,
            472.69,
            423.49,
            419.16
        ],
        [
            514.13,
            457.34,
            506.34,
            412.8,
            449.87,
            425.57,
            445.22,
            446.96,
            null,
            510.64,
            451.55,
            476.08,
            414.11,
            403.65,
            491.52,
            385.94,
            457.51,
            443.63,
            486.63,
            444.5,
            418.38,
            427.01,
            511.76,
            420.93,
            483.2,
            493.75,
            445.74,
            483.84,
            449.02,
            455.68
        ],
        [
            431.34,
            473.11,
            508.76,
            430.93,
            478.6,
            497.22,
            466.26,
            392.0,
            454.95,
            null,
            388.42,
            463.2,
            503.34,
            490.45,
            390.58,
            465.66,
            436.88,
            387.07,
            494.76,
            469.72,
            449.79,
            394.9,
            392.94,
            455.86,
            479.86,
            458.19,
            455.17,
            415.48,
            458.59,
            472.52
        ],
        [
            389.44,
            429.77,
            409.5,
            496.84,
            505.15,
            403.41,
            444.29,
            419.11,
            402.77,
            462.03,
            null,
            478.37,
            387.49,
            414.41,
            505.18,
            500.93,
            424.15,
            486.07,
            484.52,
            401.99,
            419.56,
            498.2,
            479.79,
            400.78,
            446.92,
            425.76,
            462.37,
            414.66,
            417.73,
            500.5
        ],
        [
            469.86,
            498.93,
            438.37,
            497.31,
            480.81,
            401.2,
            512.26,
            391.71,
            455.97,
            512.62,
            389.41,
            null,
            388.83,
            420.98,
            472.46,
            450.23,
            456.27,
            489.8,
            514.19,
            403.7,
            407.52,
            414.08,
            451.53,
            504.66,
            385.57,
            437.42,
            444.62,
            460.07,
            401.77,
            481.35
        ],
        [
            401.98,
            487.75,
            426.06,
            388.63,
            483.54,
            425.15,
            488.18,
            387.31,
            424.78,
            399.6,
            424.62,
            428.78,
            null,
            470.04,
            492.62,
            479.94,
            389.43,
            415.55,
            413.16,
            394.81,
            492.17,
            512.08,
            501.89,
            465.84,
            423.44,
            465.87,
            434.63,
            400.45,
            503.35,
            415.82
        ],
        [
            475.58,
            429.5,
            423.44,
            463.59,
            404.2,
            469.52,
            417.56,
            471.22,
            430.85,
            461.01,
            414.49,
            471.83,
            392.86,
            null,
            386.78,
            414.23,
            424.33,
            505.75,
            446.02,
            395.68,
            489.22,
            426.53,
            427.4,
            487.64,
            483.11,
            487.06,
            497.35,
            475.96,
            489.95,
            480.12
        ],
        [
            401.36,
            472.86,
            420.58,
            467.82,
            471.41,
            512.14,
            514.63,
            432.37,
            440.1,
            452.49,
            428.18,
            424.91,
            426.64,
            476.35,
            null,
            484.6,
            421.09,
            500.07,
            440.61,
            511.97,
            500.44,
            482.05,
            463.69,
            459.91,
            431.06,
            441.77,
            411.23,
            434.5,
            513.26,
            510.41
        ],
        [
            407.04,
            402.78,
            429.86,
            405.43,
            406.34,
            403.67,
            388.9,
            506.59,
            487.99,
            483.28,
            423.07,
            509.88,
            510.19,
            449.51,
            413.37,
            null,
            395.7,
            502.19,
            490.47,
            432.81,
            431.85,
            485.31,
            445.43,
            450.84,
            453.55,
            420.89,
            404.18,
            483.63,
            433.1,
            400.83
        ],
        [
            390.94,
            436.11,
            491.09,
            492.38,
            490.03,
            415.17,
            401.08,
            501.69,
            453.96,
            392.39,
            477.68,
            475.25,
            409.45,
            485.13,
            482.85,
            459.65,
            null,
            423.21,
            486.24,
            469.54,
            454.41,
            446.62,
            421.86,
            465.7,
            472.8,
            425.05,
            409.91,
            434.16,
            451.22,
            480.12
        ],
        [
            495.21,
            423.12,
            434.87,
            444.93,
            473.68,
            457.44,
            480.16,
            387.71,
            395.87,
            441.26,
            397.55,
            481.49,
            442.75,
            420.93,
            435.08,
            477.41,
            457.97,
            null,
            468.78,
            408.85,
            465.7,
            409.61,
            508.95,
            431.4,
            420.18,
            405.55,
            480.34,
            396.43,
            468.35,
            425.71
        ],
        [
            481.45,
            505.35,
            498.35,
            434.66,
            437.42,
            414.28,
            416.2,
            457.14,
            422.11,
            410.28,
            489.96,
            474.16,
            412.08,
            470.26,
            390.34,
            390.46,
            500.49,
            417.44,
            null,
            460.81,
            468.27,
            404.4,
            424.88,
            479.66,
            419.42,
            433.86,
            424.2,
            404.73,
            505.59,
            443.89
        ],
        [
            472.52,
            411.56,
            435.44,
            391.36,
            423.99,
            498.68,
            409.47,
            412.73,
            430.67,
            439.6,
            441.78,
            398.18,
            409.21,
            464.34,
            401.38,
            481.87,
            495.12,
            470.46,
            455.58,
            null,
            426.25,
            415.68,
            411.26,
            407.28,
            410.99,
            512.55,
            502.11,
            412.59,
            417.88,
            401.44
        ],
        [
            427.77,
            385.37,
            441.1,
            399.21,
            479.35,
            494.83,
            385.66,
            427.27,
            475.68,
            390.06,
            498.98,
            385.59,
            411.45,
            486.77,
            452.69,
            462.6,
            473.46,
            505.52,
            460.87,
            466.23,
            null,
            489.9,
            425.73,
            408.92,
            386.0,
            453.59,
            456.27,
            501.78,
            428.58,
            405.12
        ],
        [
            413.4,
            415.97,
            449.34,
            404.39,
            409.16,
            416.83,
            513.53,
            410.57,
            434.27,
            500.35,
            503.14,
            417.47,
            487.82,
            440.82,
            414.95,
            458.14,
            426.15,
            486.14,
            432.44,
            450.98,
            438.5,
            null,
            462.23,
            393.59,
            502.32,
            498.08,
            408.5,
            439.71,
            397.4,
            423.64
        ],
        [
            430.47,
            468.4,
            396.8,
            496.04,
            397.84,
            419.73,
            390.45,
            507.41,
            390.25,
            478.75,
            432.23,
            410.6,
            428.1,
            514.37,
            397.69,
            411.46,
            420.57,
            420.33,
            456.43,
            468.44,
            400.27,
            486.96,
            null,
            469.8,
            431.43,
            460.83,
            498.43,
            410.58,
            484.1,
            464.1
        ],
        [
            439.18,
            451.4,
            414.61,
            425.88,
            412.45,
            424.05,
            503.39,
            396.84,
            468.01,
            422.19,
            481.21,
            409.71,
            483.71,
            503.04,
            429.5,
            406.37,
            443.66,
            391.51,
            448.93,
            466.05,
            398.03,
            423.82,
            459.92,
            null,
            488.51,
            442.62,
            500.8,
            480.04,
            393.27,
            495.97
        ],
        [
            427.39,
            418.7,
            480.01,
            395.65,
            458.77,
            491.22,
            483.4,
            393.16,
            470.67,
            453.46,
            456.51,
            473.91,
            482.44,
            432.07,
            500.62,
            403.62,
            423.8,
            468.7,
            450.0,
            437.99,
            399.96,
            391.79,
            390.41,
            457.44,
            null,
            385.52,
            396.15,
            417.82,
            484.61,
            487.06
        ],
        [
            429.98,
            506.87,
            498.8,
            498.88,
            442.7,
            469.12,
            479.69,
            437.08,
            388.28,
            485.94,
            456.97,
            411.59,
            412.82,
            397.82,
            478.48,
            514.37,
            496.65,
            471.97,
            423.28,
            473.86,
            389.76,
            500.04,
            429.62,
            433.41,
            408.05,
            null,
            466.24,
            397.93,
            411.77,
            487.49
        ],
        [
            456.33,
            452.34,
            426.19,
            417.4,
            468.52,
            451.88,
            508.91,
            497.09,
            427.87,
            467.68,
            510.93,
            460.54,
            465.29,
            473.04,
            511.62,
            427.09,
            496.95,
            462.75,
            386.41,
            487.13,
            397.57,
            445.16,
            463.35,
            413.24,
            512.7,
            483.22,
            null,
            461.23,
            502.95,
            421.36
        ],
        [
            449.97,
            490.69,
            405.3,
            415.01,
            452.58,
            472.18,
            490.21,
            476.3,
            388.21,
            501.26,
            471.46,
            460.07,
            422.18,
            465.22,
            401.08,
            477.95,
            391.46,
            391.44,
            420.42,
            465.66,
            508.78,
            459.58,
            488.49,
            502.66,
            471.87,
            425.8,
            410.59,
            null,
            477.28,
            444.21
        ],
        [
            479.4,
            438.43,
            455.77,
            511.82,
            480.78,
            470.86,
            389.25,
            471.26,
            411.04,
            418.04,
            473.36,
            454.08,
            443.19,
            485.82,
            456.11,
            508.26,
            504.71,
            418.1,
            401.45,
            424.84,
            391.55,
            459.27,
            389.94,
            461.44,
            434.34,
            394.75,
            473.9,
            397.38,
            null,
            412.51
        ],
        [
            503.8,
            387.19,
            489.86,
            399.87,
            472.87,
            471.17,
            514.46,
            421.86,
            421.6,
            388.72,
            477.3,
            455.42,
            500.49,
            436.66,
            510.64,
            511.71,
            398.64,
            454.8,
            452.82,
            483.36,
            487.18,
            407.97,
            407.72,
            481.08,
            506.3,
            395.32,
            386.75,
            510.15,
            415.87,
            null
        ]
    ],
    "tempos_processamento": [
        2911.81,
        4056.86,
        3572.84,
        2528.72,
        6977.56,
        2547.15,
        3703.37,
        1855.02,
        4197.84,
        6324.2,
        2508.9,
        3245.61,
        6318.57,
        4675.24,
        2054.31,
        2117.59,
        5470.69,
        5633.84,
        3578.21,
        3167.77,
        4323.25,
        4938.24,
        5789.58,
        5179.93,
        2454.65,
        5660.14,
        2900.91,
        2500.94,
        2305.35,
        3144.81
    ],
    "ready_times": [
        3438.24,
        892.69,
        238.88,
        2179.12,
        497.51,
        0.0,
        8245.38,
        1470.05,
        9291.61,
        8357.04,
        5522.17,
        3607.68,
        1788.34,
        2966.38,
        3383.89,
        9785.29,
        430.22,
        8493.89,
        7607.89,
        6375.45,
        7579.39,
        4023.06,
        7064.24,
        47.8,
        6139.96,
        2641.66,
        2836.32,
        6802.48,
        4911.9,
        1048.12
    ]
}