{
    "configuracao": {
        "codigo_cenario": "HHHHLHL",
        "nivel_ready_time": "alta",
        "variabilidade_processamento": "alta",
        "media_processamento": "alta",
        "estrutura_setup": "assimetrica",
        "variabilidade_setup": "baixa",
        "n_maquinas": 10,
        "n_medio_jobs_maquina": 3,
        "n_jobs": 30
    },
    "matriz_setup": [
        [
            null,
            464.06,
            491.39,
            412.43,
            457.43,
            500.94,
            483.27,
            404.3,
            429.09,
            443.86,
            497.71,
            405.28,
            390.27,
            399.62,
            423.45,
            511.79,
            416.31,
            468.8,
            386.98,
            442.75,
            456.04,
            509.0,
            510.85,
            487.03,
            494.11,
            453.75,
            406.0,
            447.76,
            418.04,
            395.17
        ],
        [
            481.96,
            null,
            407.12,
            463.06,
            500.75,
            393.07,
            387.36,
            513.57,
            416.19,
            390.01,
            443.32,
            503.12,
            443.41,
            433.99,
            475.62,
            461.2,
            431.46,
            420.87,
            405.26,
            429.79,
            461.78,
            470.9,
            488.49,
            400.12,
            402.5,
            400.44,
            467.12,
            501.66,
            389.77,
            471.86
        ],
        [
            426.34,
            482.72,
            null,
            481.93,
            398.58,
            486.97,
            503.75,
            483.34,
            414.77,
            487.52,
            404.87,
            491.51,
            428.93,
            390.58,
            446.33,
            417.41,
            478.35,
            468.19,
            477.75,
            464.46,
            473.71,
            436.37,
            436.38,
            434.73,
            429.48,
            426.89,
            420.97,
            400.59,
            408.49,
            513.08
        ],
        [
            418.86,
            472.39,
            505.66,
            null,
            385.86,
            404.52,
            474.84,
            403.98,
            479.22,
            503.09,
            422.07,
            425.17,
            452.19,
            404.52,
            396.01,
            395.61,
            447.04,
            448.03,
            447.92,
            438.21,
            412.95,
            436.14,
            492.11,
            459.59,
            512.57,
            416.18,
            414.99,
            409.72,
            399.83,
            440.99
        ],
        [
            493.02,
            409.76,
            449.83,
            501.09,
            null,
            431.92,
            487.89,
            491.44,
            500.76,
            409.42,
            482.88,
            442.42,
            437.16,
            433.77,
            497.21,
            482.65,
            488.76,
            506.74,
            425.3,
            391.08,
            406.49,
            446.41,
            445.7,
            505.45,
            404.06,
            507.46,
            436.75,
            415.61,
            394.0,
            513.08
        ],
        [
            502.12,
            394.54,
            417.27,
            498.1,
            399.56,
            null,
            388.02,
            395.38,
            468.09,
            396.8,
            461.36,
            504.23,
            491.54,
            510.12,
            415.05,
            452.57,
            417.38,
            393.74,
            411.91,
            497.78,
            489.9,
            474.2,
            493.41,
            474.95,
            442.36,
            487.99,
            462.87,
            507.94,
            387.8,
            402.24
        ],
        [
            510.66,
            425.53,
            391.48,
            449.61,
            423.03,
            429.85,
            null,
            485.53,
            400.88,
            472.99,
            398.77,
            473.83,
            472.25,
            428.31,
            406.28,
            447.35,
            385.77,
            502.84,
            401.41,
            509.05,
            405.51,
            511.18,
            505.77,
            471.3,
            505.84,
            508.31,
            393.86,
            503.45,
            390.34,
            479.19
        ],
        [
            400.9,
            468.9,
            450.22,
            421.59,
            512.16,
            484.84,
            507.09,
            null,
            391.33,
            494.3,
            449.73,
            506.24,
            446.91,
            481.6,
            481.47,
            507.15,
            456.63,
            391.89,
            396.95,
            389.61,
            393.73,
            512.85,
            421.66,
            394.32,
            391.1,
            432.63,
            391.48,
            442.53,
            433.55,
            501.4
        ],
        [
            512.68,
            430.51,
            401.3,
            390.73,
            442.29,
            431.84,
            391.84,
            493.65,
            null,
            465.1,
            450.81,
            462.41,
            437.35,
            470.33,
            406.93,
            425.65,
            393.29,
            422.68,
            412.65,
            469.32,
            414.81,
            477.32,
            405.39,
            441.33,
            429.41,
            510.74,
            446.49,
            402.35,
            493.52,
            511.28
        ],
        [
            509.07,
            471.07,
            457.61,
            509.69,
            482.44,
            436.57,
            442.42,
            461.4,
            484.02,
            null,
            475.85,
            505.69,
            437.89,
            479.0,
            464.57,
            507.62,
            390.14,
            470.06,
            457.11,
            472.92,
            440.61,
            420.41,
            481.59,
            429.01,
            499.58,
            415.56,
            423.53,
            495.06,
            392.25,
            445.19
        ],
        [
            476.35,
            506.04,
            429.85,
            421.25,
            478.17,
            432.26,
            428.05,
            449.58,
            497.04,
            452.98,
            null,
            416.01,
            413.2,
            432.36,
            507.78,
            490.39,
            485.93,
            481.55,
            459.24,
            455.11,
            496.22,
            450.84,
            459.99,
            468.58,
            448.56,
            414.16,
            455.75,
            470.85,
            458.23,
            409.69
        ],
        [
            405.48,
            412.62,
            513.71,
            497.65,
            414.14,
            424.79,
            478.85,
            385.45,
            463.1,
            471.33,
            419.33,
            null,
            500.1,
            438.49,
            487.83,
            417.87,
            495.48,
            487.18,
            480.84,
            416.8,
            509.49,
            439.53,
            395.09,
            420.02,
            467.35,
            394.49,
            447.63,
            408.05,
            445.84,
            491.15
        ],
        [
            497.89,
            415.68,
            475.38,
            431.46,
            509.69,
            437.34,
            458.25,
            403.45,
            386.66,
            415.66,
            403.11,
            432.55,
            null,
            425.1,
            497.76,
            472.49,
            504.21,
            444.66,
            395.1,
            489.17,
            464.97,
            460.24,
            473.09,
            403.72,
            449.68,
            462.51,
            414.8,
            405.86,
            439.19,
            478.07
        ],
        [
            414.8,
            409.71,
            409.87,
            423.94,
            428.52,
            390.31,
            489.24,
            500.66,
            470.74,
            391.8,
            388.03,
            505.32,
            512.14,
            null,
            459.55,
            445.32,
            426.68,
            469.54,
            463.98,
            437.99,
            456.39,
            419.55,
            445.81,
            413.13,
            434.83,
            429.03,
            460.96,
            415.22,
            450.37,
            472.95
        ],
        [
            423.32,
            453.76,
            400.62,
            473.31,
            459.17,
            447.91,
            513.4,
            498.64,
            508.01,
            496.81,
            495.55,
            481.02,
            403.24,
            400.16,
            null,
            434.71,
            512.55,
            421.63,
            491.27,
            424.36,
            488.68,
            419.42,
            420.78,
            412.53,
            464.43,
            432.19,
            503.16,
            431.78,
            506.42,
            390.39
        ],
        [
            513.7,
            461.24,
            490.58,
            468.56,
            484.61,
            451.23,
            411.47,
            410.16,
            411.88,
            431.61,
            449.49,
            445.85,
            436.6,
            391.32,
            412.4,
            null,
            392.76,
            493.12,
            401.5,
            442.93,
            417.86,
            440.74,
            476.62,
            505.56,
            451.63,
            504.64,
            482.11,
            394.73,
            454.92,
            474.94
        ],
        [
            436.86,
            441.91,
            426.61,
            385.82,
            402.41,
            484.37,
            423.15,
            450.08,
            436.86,
            411.19,
            386.75,
            479.0,
            476.81,
            506.69,
            453.28,
            391.97,
            null,
            469.72,
            435.89,
            483.13,
            466.27,
            400.36,
            434.57,
            460.32,
            460.88,
            483.12,
            397.62,
            504.79,
            508.96,
            390.38
        ],
        [
            450.68,
            414.12,
            426.1,
            457.21,
            453.68,
            457.49,
            509.0,
            449.03,
            512.31,
            475.03,
            478.36,
            420.44,
            451.29,
            496.92,
            505.33,
            454.64,
            385.18,
            null,
            420.33,
            513.41,
            409.57,
            492.52,
            497.23,
            441.88,
            444.51,
            428.45,
            439.59,
            422.16,
            424.19,
            424.45
        ],
        [
            407.44,
            476.22,
            447.51,
            485.89,
            492.26,
            403.73,
            443.95,
            433.02,
            454.76,
            473.02,
            480.52,
            499.2,
            477.49,
            419.93,
            512.83,
            400.21,
            455.66,
            444.85,
            null,
            453.12,
            405.31,
            452.13,
            496.93,
            395.78,
            451.74,
            408.52,
            508.42,
            420.38,
            400.16,
            489.82
        ],
        [
            444.42,
            439.72,
            504.76,
            477.3,
            438.3,
            470.26,
            440.19,
            417.09,
            510.09,
            438.97,
            458.47,
            431.71,
            477.9,
            446.03,
            418.85,
            413.4,
            415.43,
            449.28,
            486.43,
            null,
            499.01,
            425.3,
            402.61,
            455.88,
            422.01,
            492.41,
            409.63,
            467.39,
            405.89,
            460.31
        ],
        [
            487.81,
            465.73,
            477.43,
            509.94,
            486.35,
            496.68,
            498.41,
            510.91,
            403.06,
            411.04,
            495.86,
            497.68,
            455.28,
            436.94,
            433.42,
            478.57,
            497.98,
            415.77,
            514.9,
            506.87,
            null,
            425.6,
            424.28,
            421.79,
            512.29,
            396.29,
            440.15,
            427.5,
            403.13,
            391.97
        ],
        [
            471.06,
            428.51,
            472.69,
            490.07,
            444.66,
            510.51,
            444.28,
            402.01,
            428.28,
            403.91,
            405.16,
            436.79,
            500.85,
            436.31,
            427.3,
            405.05,
            390.28,
            476.06,
            473.66,
            470.52,
            506.19,
            null,
            385.13,
            436.26,
            411.32,
            481.94,
            507.47,
            474.25,
            402.43,
            429.59
        ],
        [
            427.03,
            451.26,
            403.03,
            458.77,
            401.87,
            405.23,
            416.09,
            456.16,
            470.44,
            400.79,
            496.66,
            429.3,
            437.04,
            386.08,
            502.36,
            398.49,
            489.55,
            473.31,
            452.07,
            424.57,
            406.35,
            406.43,
            null,
            513.92,
            449.1,
            421.09,
            452.01,
            497.38,
            393.49,
            498.16
        ],
        [
            443.6,
            463.02,
            478.78,
            425.62,
            393.67,
            441.0,
            420.92,
            440.37,
            403.73,
            504.86,
            387.87,
            490.39,
            436.81,
            506.75,
            464.76,
            418.64,
            421.35,
            501.51,
            435.09,
            450.47,
            449.94,
            500.12,
            484.02,
            null,
            481.86,
            465.82,
            480.49,
            427.86,
            413.39,
            501.78
        ],
        [
            481.9,
            424.39,
            389.84,
            387.11,
            437.24,
            401.02,
            437.2,
            431.03,
            399.25,
            438.16,
            469.85,
            427.96,
            460.71,
            448.75,
            461.12,
            428.76,
            395.98,
            446.21,
            394.39,
            448.24,
            401.29,
            472.97,
            431.77,
            398.63,
            null,
            387.05,
            407.38,
            405.26,
            472.64,
            417.6
        ],
        [
            421.63,
            463.98,
            458.68,
            401.82,
            487.86,
            489.91,
            398.44,
            458.57,
            419.48,
            455.37,
            439.66,
            390.21,
            435.3,
            430.62,
            387.14,
            454.39,
            498.11,
            493.3,
            426.6,
            475.13,
            482.56,
            489.52,
            496.4,
            469.32,
            393.42,
            null,
            465.61,
            488.39,
            439.92,
            451.09
        ],
        [
            513.08,
            513.05,
            448.92,
            449.39,
            468.94,
            391.82,
            476.47,
            387.27,
            504.67,
            424.23,
            505.05,
            440.21,
            441.82,
            505.28,
            485.31,
            444.22,
            494.38,
            479.8,
            438.57,
            449.45,
            502.46,
            415.04,
            453.84,
            429.47,
            487.01,
            470.46,
            null,
            429.09,
            423.3,
            437.71
        ],
        [
            428.03,
            455.36,
            399.11,
            430.75,
            468.12,
            441.16,
            439.44,
            401.88,
            471.1,
            483.91,
            421.58,
            467.11,
            478.3,
            506.73,
            479.66,
            387.46,
            463.16,
            446.27,
            399.23,
            410.86,
            461.35,
            505.28,
            450.24,
            391.83,
            480.62,
            438.82,
            407.15,
            null,
            490.59,
            489.67
        ],
        [
            427.17,
            475.91,
            452.79,
            421.95,
            418.75,
            476.04,
            470.5,
            442.91,
            399.98,
            437.36,
            394.6,
            500.19,
            459.48,
            413.21,
            478.01,
            486.7,
            398.94,
            490.3,
            487.46,
            405.89,
            403.24,
            487.21,
            482.39,
            493.71,
            486.92,
            401.83,
            387.64,
            434.33,
            null,
            511.82
        ],
        [
            457.95,
            505.01,
            496.97,
            399.59,
            498.92,
            442.11,
            434.43,
            446.46,
            429.42,
            409.75,
            503.72,
            485.01,
            462.7,
            409.46,
            390.95,
            512.77,
            408.53,
            420.85,
            499.26,
            402.14,
            472.5,
            450.56,
            439.91,
            424.15,
            508.2,
            448.16,
            507.69,
            453.34,
            514.36,
            null
        ]
    ],
    "tempos_processamento": [
        6108.33,
        3519.0,
        4933.49,
        7000.36,
        2248.56,
        6965.11,
        1884.96,
        5013.32,
        2923.83,
        2621.31,
        4169.49,
        5138.94,
        4325.61,
        4977.73,
        3865.37,
        4426.98,
        6091.07,
        5611.89,
        4110.02,
        6846.75,
        6939.68,
        6861.03,
        3944.06,
        3076.09,
        6757.74,
        6698.29,
        6965.28,
        5691.8,
        4733.55,
        2810.3
    ],
    "ready_times": [
        7115.94,
        227.42,
        6763.6,
        752.87,
        0.0,
        4910.87,
        3903.61,
        6845.14,
        1654.51,
        8792.11,
        8090.07,
        2509.72,
        6445.98,
        7433.0,
        5267.27,
        6982.7,
        172.04,
        4947.89,
        4614.37,
        3561.39,
        7597.87,
        719.42,
        8253.5,
        9054.54,
        6851.81,
        8977.79,
        2242.74,
        8855.47,
        8094.82,
        6857.7
    ]
}