{
    "configuracao": {
        "codigo_cenario": "HHHHLHL",
        "nivel_ready_time": "alta",
        "variabilidade_processamento": "alta",
        "media_processamento": "alta",
        "estrutura_setup": "assimetrica",
        "variabilidade_setup": "baixa",
        "n_maquinas": 10,
        "n_medio_jobs_maquina": 3,
        "n_jobs": 30
    },
    "matriz_setup": [
        [
            null,
            487.54,
            421.56,
            504.55,
            463.87,
            468.26,
            483.42,
            499.12,
            497.43,
            425.75,
            426.96,
            409.83,
            468.19,
            441.58,
            482.49,
            440.66,
            432.42,
            404.27,
            391.06,
            413.73,
            483.46,
            438.73,
            468.53,
            410.85,
            418.34,
            490.85,
            495.45,
            395.24,
            403.45,
            385.47
        ],
        [
            514.71,
            null,
            447.01,
            482.14,
            504.39,
            401.74,
            426.92,
            431.82,
            500.11,
            391.87,
            414.83,
            507.3,
            453.55,
            456.26,
            490.24,
            460.33,
            403.94,
            491.2,
            468.87,
            430.33,
            406.24,
            481.77,
            406.17,
            456.84,
            470.29,
            513.65,
            477.76,
            464.26,
            415.58,
            461.63
        ],
        [
            398.61,
            456.46,
            null,
            457.18,
            464.11,
            507.83,
            418.03,
            495.43,
            506.93,
            476.21,
            487.05,
            488.31,
            457.9,
            397.64,
            435.9,
            391.97,
            450.76,
            434.57,
            430.77,
            405.28,
            414.66,
            387.36,
            461.77,
            386.63,
            471.66,
            470.24,
            391.86,
            491.24,
            395.26,
            393.21
        ],
        [
            437.53,
            447.61,
            475.45,
            null,
            496.33,
            493.18,
            449.56,
            400.45,
            473.63,
            397.25,
            479.37,
            432.73,
            385.78,
            495.54,
            454.87,
            440.08,
            399.72,
            426.84,
            494.63,
            433.42,
            454.72,
            467.99,
            422.55,
            482.68,
            422.66,
            504.73,
            438.84,
            475.3,
            392.89,
            393.5
        ],
        [
            503.71,
            485.1,
            430.91,
            408.26,
            null,
            484.87,
            496.69,
            511.02,
            513.99,
            488.61,
            386.94,
            484.16,
            476.65,
            443.68,
            489.86,
            411.4,
            422.85,
            427.02,
            466.8,
            456.42,
            462.58,
            479.33,
            459.08,
            484.57,
            502.73,
            460.61,
            417.47,
            408.85,
            498.78,
            417.85
        ],
        [
            495.73,
            503.47,
            427.22,
            406.35,
            432.04,
            null,
            441.94,
            467.75,
            434.83,
            503.44,
            457.51,
            496.75,
            501.83,
            422.55,
            456.91,
            492.6,
            443.51,
            453.85,
            473.99,
            433.99,
            492.2,
            471.36,
            386.34,
            436.13,
            386.49,
            402.34,
            394.32,
            455.68,
            496.1,
            405.16
        ],
        [
            469.66,
            419.05,
            406.36,
            456.95,
            447.27,
            477.76,
            null,
            438.3,
            442.24,
            451.46,
            454.29,
            482.13,
            509.91,
            411.23,
            426.58,
            461.66,
            399.8,
            408.43,
            472.15,
            482.08,
            438.8,
            440.99,
            419.39,
            480.39,
            422.11,
            508.17,
            492.02,
            462.67,
            416.1,
            456.23
        ],
        [
            479.76,
            496.33,
            428.16,
            482.79,
            402.82,
            459.02,
            462.91,
            null,
            479.05,
            457.13,
            474.03,
            451.39,
            502.67,
            476.63,
            504.43,
            392.7,
            458.0,
            468.68,
            448.51,
            454.75,
            436.18,
            496.5,
            396.05,
            425.53,
            438.58,
            441.58,
            425.62,
            398.32,
            500.13,
            450.72
        ],
        [
            415.47,
            450.0,
            480.84,
            487.73,
            493.69,
            425.07,
            419.49,
            409.06,
            null,
            452.74,
            457.51,
            425.34,
            432.33,
            437.73,
            488.68,
            469.61,
            396.25,
            497.69,
            486.0,
            480.13,
            462.37,
            395.41,
            387.74,
            437.63,
            385.23,
            403.07,
            431.59,
            423.83,
            409.67,
            412.97
        ],
        [
            497.54,
            508.28,
            453.12,
            445.0,
            491.38,
            402.48,
            509.64,
            423.62,
            492.38,
            null,
            388.63,
            503.29,
            398.34,
            514.5,
            498.98,
            460.92,
            503.33,
            396.1,
            423.78,
            426.63,
            503.57,
            422.26,
            500.46,
            391.52,
            390.56,
            426.82,
            412.16,
            431.81,
            476.31,
            447.39
        ],
        [
            402.25,
            402.04,
            422.62,
            485.87,
            393.6,
            479.11,
            480.51,
            398.99,
            487.74,
            498.86,
            null,
            455.15,
            392.97,
            471.64,
            440.54,
            402.04,
            461.97,
            472.18,
            390.04,
            414.41,
            470.1,
            434.98,
            495.24,
            399.72,
            426.55,
            508.69,
            422.71,
            499.0,
            473.48,
            489.85
        ],
        [
            461.53,
            503.14,
            483.31,
            432.65,
            482.75,
            453.52,
            408.59,
            399.59,
            412.38,
            440.7,
            495.67,
            null,
            439.69,
            472.28,
            445.09,
            424.45,
            457.37,
            404.44,
            410.24,
            472.07,
            434.33,
            505.71,
            389.61,
            485.08,
            422.25,
            400.59,
            424.21,
            418.59,
            499.32,
            476.89
        ],
        [
            413.08,
            497.07,
            462.69,
            498.62,
            402.97,
            393.89,
            444.37,
            503.84,
            471.9,
            481.09,
            396.79,
            455.27,
            null,
            446.24,
            388.97,
            500.69,
            386.19,
            487.88,
            512.68,
            412.51,
            502.72,
            468.22,
            469.34,
            396.65,
            429.44,
            512.61,
            482.01,
            412.55,
            390.96,
            448.04
        ],
        [
            459.88,
            463.87,
            411.09,
            391.6,
            497.65,
            495.41,
            454.94,
            436.18,
            419.04,
            468.97,
            463.78,
            452.71,
            445.48,
            null,
            442.43,
            457.71,
            508.8,
            514.06,
            472.82,
            402.92,
            419.6,
            425.7,
            468.69,
            489.68,
            493.25,
            425.19,
            414.13,
            404.43,
            510.11,
            497.48
        ],
        [
            494.41,
            442.66,
            509.07,
            478.9,
            509.19,
            403.2,
            451.07,
            484.29,
            404.82,
            444.22,
            439.45,
            514.82,
            507.27,
            506.71,
            null,
            398.97,
            429.41,
            460.83,
            491.77,
            398.93,
            467.3,
            407.54,
            388.87,
            408.18,
            509.52,
            497.86,
            429.72,
            420.19,
            513.18,
            493.64
        ],
        [
            487.89,
            433.54,
            481.52,
            439.75,
            395.17,
            495.36,
            428.75,
            490.6,
            394.44,
            465.71,
            474.74,
            474.3,
            442.32,
            482.49,
            395.2,
            null,
            449.59,
            405.34,
            418.63,
            455.21,
            406.51,
            461.26,
            410.04,
            513.81,
            489.93,
            462.72,
            475.55,
            459.58,
            440.09,
            441.92
        ],
        [
            473.78,
            420.1,
            497.69,
            385.64,
            408.49,
            400.91,
            402.51,
            459.86,
            490.85,
            411.69,
            492.46,
            409.75,
            480.04,
            471.37,
            388.31,
            451.57,
            null,
            419.64,
            415.87,
            396.44,
            453.9,
            471.09,
            424.54,
            500.72,
            442.79,
            473.12,
            398.14,
            506.8,
            432.63,
            495.65
        ],
        [
            488.33,
            474.43,
            429.97,
            422.54,
            509.19,
            432.57,
            468.45,
            423.33,
            451.65,
            487.11,
            466.78,
            391.15,
            448.93,
            458.1,
            478.25,
            407.91,
            446.83,
            null,
            468.0,
            406.03,
            464.25,
            412.48,
            448.19,
            503.01,
            400.71,
            513.96,
            395.31,
            498.42,
            416.96,
            385.64
        ],
        [
            506.43,
            450.89,
            449.4,
            507.58,
            429.81,
            394.66,
            472.23,
            454.99,
            513.99,
            397.53,
            464.66,
            396.95,
            486.61,
            472.76,
            398.25,
            491.69,
            456.7,
            469.22,
            null,
            406.62,
            493.22,
            496.03,
            463.48,
            409.6,
            474.11,
            482.68,
            407.77,
            448.82,
            481.67,
            426.05
        ],
        [
            481.5,
            422.69,
            513.81,
            441.94,
            406.46,
            408.17,
            463.23,
            413.34,
            429.17,
            403.36,
            410.31,
            427.63,
            407.96,
            398.77,
            400.03,
            454.44,
            390.59,
            428.74,
            395.95,
            null,
            394.77,
            501.76,
            418.76,
            389.92,
            399.03,
            486.92,
            411.59,
            454.26,
            506.98,
            454.37
        ],
        [
            387.7,
            401.99,
            404.61,
            429.8,
            400.86,
            453.87,
            490.72,
            434.27,
            393.58,
            503.54,
            429.59,
            503.54,
            464.13,
            433.28,
            451.48,
            424.3,
            464.19,
            452.08,
            393.21,
            495.88,
            null,
            490.77,
            506.75,
            449.25,
            489.52,
            428.42,
            507.07,
            407.2,
            474.59,
            430.94
        ],
        [
            509.65,
            437.26,
            390.28,
            499.55,
            435.88,
            389.17,
            452.55,
            500.22,
            466.75,
            463.13,
            423.11,
            453.78,
            457.42,
            387.5,
            498.41,
            445.75,
            405.72,
            465.26,
            459.85,
            412.46,
            446.17,
            null,
            400.39,
            509.93,
            500.3,
            486.8,
            456.75,
            386.29,
            399.99,
            431.63
        ],
        [
            450.28,
            464.18,
            415.84,
            483.9,
            394.62,
            440.88,
            488.44,
            387.09,
            490.84,
            411.76,
            464.26,
            400.81,
            436.11,
            478.72,
            511.77,
            514.63,
            432.95,
            391.66,
            431.87,
            418.57,
            497.16,
            393.36,
            null,
            476.3,
            507.71,
            469.99,
            444.61,
            464.41,
            497.47,
            466.91
        ],
        [
            395.55,
            509.9,
            387.13,
            422.76,
            392.49,
            482.92,
            452.16,
            469.52,
            469.65,
            452.53,
            498.68,
            481.97,
            462.02,
            405.95,
            457.38,
            399.88,
            508.24,
            471.71,
            424.26,
            503.88,
            386.16,
            478.4,
            402.54,
            null,
            401.91,
            410.18,
            451.87,
            419.63,
            406.94,
            397.33
        ],
        [
            389.75,
            455.15,
            409.39,
            401.65,
            497.47,
            407.49,
            412.47,
            476.34,
            480.13,
            407.82,
            386.82,
            411.33,
            466.64,
            483.27,
            481.01,
            414.87,
            500.21,
            416.77,
            420.84,
            411.12,
            509.04,
            392.41,
            493.38,
            511.72,
            null,
            450.17,
            393.64,
            437.19,
            421.5,
            432.97
        ],
        [
            473.99,
            390.34,
            393.91,
            399.0,
            423.68,
            425.85,
            470.83,
            444.52,
            476.61,
            393.66,
            440.74,
            462.94,
            477.08,
            431.03,
            467.5,
            480.57,
            396.71,
            449.89,
            427.26,
            478.42,
            454.6,
            448.14,
            470.44,
            457.78,
            493.42,
            null,
            460.45,
            414.61,
            452.33,
            500.28
        ],
        [
            432.56,
            473.12,
            482.44,
            451.41,
            458.45,
            464.7,
            482.89,
            479.57,
            453.78,
            461.72,
            470.77,
            494.64,
            463.22,
            445.17,
            394.27,
            411.11,
            411.94,
            441.01,
            445.66,
            497.09,
            398.42,
            434.17,
            470.67,
            426.88,
            445.31,
            432.29,
            null,
            471.39,
            456.11,
            495.54
        ],
        [
            448.48,
            429.29,
            427.16,
            429.33,
            427.17,
            453.34,
            494.96,
            406.03,
            475.87,
            385.32,
            459.54,
            459.87,
            468.11,
            479.29,
            396.39,
            446.75,
            482.08,
            493.91,
            504.39,
            499.3,
            436.5,
            513.11,
            487.09,
            487.35,
            442.41,
            436.54,
            442.7,
            null,
            433.91,
            409.52
        ],
        [
            414.95,
            429.98,
            454.28,
            424.06,
            438.82,
            399.27,
            414.69,
            491.15,
            460.78,
            421.37,
            464.95,
            418.24,
            399.62,
            387.45,
            487.04,
            387.88,
            462.41,
            422.87,
            394.69,
            456.67,
            388.06,
            456.02,
            499.4,
            507.06,
            485.85,
            398.69,
            477.96,
            479.05,
            null,
            511.08
        ],
        [
            434.42,
            502.5,
            399.99,
            402.82,
            456.83,
            485.02,
            459.88,
            511.02,
            397.12,
            509.06,
            512.0,
            480.57,
            432.14,
            431.97,
            477.01,
            406.95,
            454.84,
            416.34,
            461.31,
            428.28,
            437.91,
            453.37,
            510.01,
            471.46,
            397.52,
            409.93,
            417.32,
            434.67,
            388.19,
            null
        ]
    ],
    "tempos_processamento": [
        3850.51,
        2282.16,
        2759.38,
        7176.0,
        5132.16,
        6740.23,
        3276.42,
        2140.42,
        4276.75,
        2613.92,
        2460.48,
        6778.39,
        4707.18,
        2610.37,
        2081.77,
        3410.29,
        2320.41,
        4278.71,
        6467.86,
        2521.14,
        1936.99,
        5593.2,
        4432.56,
        2109.17,
        3441.23,
        6442.72,
        4043.63,
        2787.3,
        4782.68,
        6129.05
    ],
    "ready_times": [
        5447.28,
        6212.71,
        3715.47,
        3664.24,
        6998.92,
        574.23,
        5971.25,
        5250.56,
        8093.16,
        5196.07,
        2172.0,
        5046.23,
        7278.7,
        8382.76,
        0.0,
        3123.96,
        2739.74,
        8505.21,
        9385.71,
        5378.22,
        2543.24,
        4970.34,
        1672.88,
        9666.82,
        7402.59,
        7773.41,
        6464.87,
        4117.07,
        7259.84,
        5025.19
    ]
}