{
    "configuracao": {
        "codigo_cenario": "HLHLLLH",
        "nivel_ready_time": "alta",
        "variabilidade_processamento": "baixa",
        "media_processamento": "alta",
        "estrutura_setup": "simetrica",
        "variabilidade_setup": "baixa",
        "n_maquinas": 2,
        "n_medio_jobs_maquina": 10,
        "n_jobs": 20
    },
    "matriz_setup": [
        [
            null,
            502.28,
            435.62,
            495.85,
            509.13,
            506.98,
            427.6,
            413.69,
            511.65,
            414.08,
            434.26,
            385.14,
            398.7,
            426.01,
            409.1,
            448.45,
            504.48,
            392.73,
            427.82,
            426.1
        ],
        [
            502.28,
            null,
            481.85,
            468.8,
            501.66,
            466.75,
            494.13,
            471.01,
            470.68,
            439.2,
            418.04,
            492.38,
            386.08,
            386.34,
            482.28,
            489.27,
            396.53,
            396.17,
            410.75,
            431.1
        ],
        [
            435.62,
            481.85,
            null,
            432.09,
            407.0,
            457.83,
            469.02,
            451.09,
            412.13,
            401.19,
            398.5,
            426.72,
            467.37,
            491.67,
            502.17,
            437.52,
            495.64,
            452.94,
            415.92,
            407.59
        ],
        [
            495.85,
            468.8,
            432.09,
            null,
            500.5,
            475.26,
            404.14,
            443.85,
            395.44,
            405.78,
            405.25,
            485.7,
            402.79,
            483.39,
            490.46,
            500.57,
            391.88,
            398.83,
            471.25,
            420.94
        ],
        [
            509.13,
            501.66,
            407.0,
            500.5,
            null,
            414.11,
            390.74,
            414.63,
            437.75,
            420.24,
            392.63,
            425.44,
            432.31,
            412.61,
            405.16,
            407.32,
            493.1,
            508.42,
            453.47,
            467.51
        ],
        [
            506.98,
            466.75,
            457.83,
            475.26,
            414.11,
            null,
            427.96,
            415.74,
            402.2,
            445.9,
            403.47,
            491.42,
            424.4,
            410.32,
            500.16,
            415.51,
            411.29,
            476.22,
            416.62,
            398.81
        ],
        [
            427.6,
            494.13,
            469.02,
            404.14,
            390.74,
            427.96,
            null,
            428.01,
            386.29,
            412.85,
            459.77,
            386.68,
            510.98,
            432.84,
            478.21,
            426.38,
            443.03,
            460.32,
            510.05,
            405.6
        ],
        [
            413.69,
            471.01,
            451.09,
            443.85,
            414.63,
            415.74,
            428.01,
            null,
            424.02,
            431.37,
            511.04,
            488.31,
            498.76,
            493.52,
            453.43,
            431.81,
            507.66,
            425.61,
            405.64,
            476.77
        ],
        [
            511.65,
            470.68,
            412.13,
            395.44,
            437.75,
            402.2,
            386.29,
            424.02,
            null,
            481.86,
            492.73,
            460.72,
            461.6,
            465.12,
            452.9,
            460.45,
            416.86,
            388.26,
            399.68,
            457.07
        ],
        [
            414.08,
            439.2,
            401.19,
            405.78,
            420.24,
            445.9,
            412.85,
            431.37,
            481.86,
            null,
            442.4,
            504.31,
            449.16,
            406.03,
            451.37,
            431.95,
            423.03,
            478.23,
            495.98,
            452.52
        ],
        [
            434.26,
            418.04,
            398.5,
            405.25,
            392.63,
            403.47,
            459.77,
            511.04,
            492.73,
            442.4,
            null,
            409.22,
            385.28,
            438.96,
            435.05,
            433.2,
            398.07,
            391.85,
            492.26,
            408.23
        ],
        [
            385.14,
            492.38,
            426.72,
            485.7,
            425.44,
            491.42,
            386.68,
            488.31,
            460.72,
            504.31,
            409.22,
            null,
            501.81,
            497.97,
            462.46,
            464.02,
            440.18,
            405.56,
            480.43,
            465.57
        ],
        [
            398.7,
            386.08,
            467.37,
            402.79,
            432.31,
            424.4,
            510.98,
            498.76,
            461.6,
            449.16,
            385.28,
            501.81,
            null,
            512.24,
            509.87,
            514.09,
            417.51,
            397.74,
            407.85,
            441.02
        ],
        [
            426.01,
            386.34,
            491.67,
            483.39,
            412.61,
            410.32,
            432.84,
            493.52,
            465.12,
            406.03,
            438.96,
            497.97,
            512.24,
            null,
            470.39,
            462.82,
            403.9,
            497.86,
            472.12,
            420.36
        ],
        [
            409.1,
            482.28,
            502.17,
            490.46,
            405.16,
            500.16,
            478.21,
            453.43,
            452.9,
            451.37,
            435.05,
            462.46,
            509.87,
            470.39,
            null,
            396.76,
            482.09,
            447.74,
            434.94,
            510.82
        ],
        [
            448.45,
            489.27,
            437.52,
            500.57,
            407.32,
            415.51,
            426.38,
            431.81,
            460.45,
            431.95,
            433.2,
            464.02,
            514.09,
            462.82,
            396.76,
            null,
            451.12,
            423.09,
            469.75,
            483.29
        ],
        [
            504.48,
            396.53,
            495.64,
            391.88,
            493.1,
            411.29,
            443.03,
            507.66,
            416.86,
            423.03,
            398.07,
            440.18,
            417.51,
            403.9,
            482.09,
            451.12,
            null,
            482.43,
            396.87,
            429.07
        ],
        [
            392.73,
            396.17,
            452.94,
            398.83,
            508.42,
            476.22,
            460.32,
            425.61,
            388.26,
            478.23,
            391.85,
            405.56,
            397.74,
            497.86,
            447.74,
            423.09,
            482.43,
            null,
            475.83,
            441.39
        ],
        [
            427.82,
            410.75,
            415.92,
            471.25,
            453.47,
            416.62,
            510.05,
            405.64,
            399.68,
            495.98,
            492.26,
            480.43,
            407.85,
            472.12,
            434.94,
            469.75,
            396.87,
            475.83,
            null,
            387.94
        ],
        [
            426.1,
            431.1,
            407.59,
            420.94,
            467.51,
            398.81,
            405.6,
            476.77,
            457.07,
            452.52,
            408.23,
            465.57,
            441.02,
            420.36,
            510.82,
            483.29,
            429.07,
            441.39,
            387.94,
            null
        ]
    ],
    "tempos_processamento": [
        4614.15,
        4371.51,
        4282.91,
        4767.3,
        4509.79,
        4394.41,
        4592.3,
        4737.1,
        4758.04,
        4252.5,
        4713.68,
        4393.54,
        4682.61,
        4576.05,
        4654.19,
        4485.22,
        4578.45,
        4551.16,
        4333.89,
        4709.23
    ],
    "ready_times": [
        10268.03,
        23979.87,
        1972.59,
        24333.27,
        2388.85,
        33284.5,
        14468.62,
        18642.54,
        8679.7,
        36593.21,
        0.0,
        11168.81,
        27304.02,
        32346.65,
        26099.95,
        41808.18,
        36427.85,
        10856.1,
        30920.87,
        34182.42
    ]
}