{
    "configuracao": {
        "codigo_cenario": "HLHLLLH",
        "nivel_ready_time": "alta",
        "variabilidade_processamento": "baixa",
        "media_processamento": "alta",
        "estrutura_setup": "simetrica",
        "variabilidade_setup": "baixa",
        "n_maquinas": 2,
        "n_medio_jobs_maquina": 10,
        "n_jobs": 20
    },
    "matriz_setup": [
        [
            null,
            447.36,
            406.3,
            401.62,
            411.6,
            499.82,
            477.53,
            420.04,
            492.55,
            476.69,
            438.04,
            427.86,
            410.33,
            411.96,
            483.23,
            451.31,
            461.46,
            484.6,
            389.67,
            454.23
        ],
        [
            447.36,
            null,
            456.55,
            462.83,
            406.66,
            496.29,
            453.32,
            496.21,
            415.59,
            501.53,
            453.82,
            455.05,
            497.03,
            448.91,
            482.71,
            391.25,
            426.17,
            479.12,
            456.3,
            419.77
        ],
        [
            406.3,
            456.55,
            null,
            507.84,
            409.24,
            418.92,
            452.41,
            484.03,
            505.08,
            446.14,
            510.1,
            513.35,
            390.25,
            455.7,
            422.93,
            453.23,
            441.72,
            452.84,
            453.45,
            489.86
        ],
        [
            401.62,
            462.83,
            507.84,
            null,
            497.36,
            481.63,
            511.36,
            385.94,
            407.95,
            497.96,
            393.34,
            443.43,
            504.93,
            387.4,
            502.61,
            500.71,
            433.35,
            473.72,
            441.38,
            471.9
        ],
        [
            411.6,
            406.66,
            409.24,
            497.36,
            null,
            408.79,
            503.72,
            438.72,
            394.71,
            451.13,
            413.32,
            513.37,
            386.32,
            500.61,
            461.54,
            501.0,
            423.4,
            391.14,
            489.35,
            471.72
        ],
        [
            499.82,
            496.29,
            418.92,
            481.63,
            408.79,
            null,
            404.22,
            436.48,
            424.02,
            387.29,
            506.4,
            439.6,
            417.51,
            420.95,
            414.0,
            394.77,
            501.31,
            476.82,
            419.23,
            418.73
        ],
        [
            477.53,
            453.32,
            452.41,
            511.36,
            503.72,
            404.22,
            null,
            386.61,
            440.59,
            452.97,
            432.93,
            444.66,
            469.32,
            434.56,
            390.28,
            405.29,
            476.29,
            457.05,
            444.61,
            457.9
        ],
        [
            420.04,
            496.21,
            484.03,
            385.94,
            438.72,
            436.48,
            386.61,
            null,
            502.93,
            421.49,
            449.35,
            500.66,
            450.26,
            487.08,
            439.51,
            468.64,
            423.69,
            459.52,
            465.33,
            472.83
        ],
        [
            492.55,
            415.59,
            505.08,
            407.95,
            394.71,
            424.02,
            440.59,
            502.93,
            null,
            419.83,
            470.61,
            408.18,
            454.97,
            490.53,
            415.84,
            436.03,
            400.44,
            412.37,
            400.4,
            396.41
        ],
        [
            476.69,
            501.53,
            446.14,
            497.96,
            451.13,
            387.29,
            452.97,
            421.49,
            419.83,
            null,
            428.52,
            480.93,
            476.32,
            434.24,
            406.69,
            408.94,
            499.91,
            386.08,
            471.4,
            453.19
        ],
        [
            438.04,
            453.82,
            510.1,
            393.34,
            413.32,
            506.4,
            432.93,
            449.35,
            470.61,
            428.52,
            null,
            479.49,
            393.74,
            442.92,
            416.36,
            417.6,
            440.98,
            444.72,
            411.88,
            512.95
        ],
        [
            427.86,
            455.05,
            513.35,
            443.43,
            513.37,
            439.6,
            444.66,
            500.66,
            408.18,
            480.93,
            479.49,
            null,
            471.57,
            441.12,
            511.03,
            504.53,
            497.22,
            482.13,
            472.4,
            401.19
        ],
        [
            410.33,
            497.03,
            390.25,
            504.93,
            386.32,
            417.51,
            469.32,
            450.26,
            454.97,
            476.32,
            393.74,
            471.57,
            null,
            469.07,
            470.53,
            501.64,
            421.55,
            455.58,
            445.34,
            397.01
        ],
        [
            411.96,
            448.91,
            455.7,
            387.4,
            500.61,
            420.95,
            434.56,
            487.08,
            490.53,
            434.24,
            442.92,
            441.12,
            469.07,
            null,
            413.62,
            483.24,
            486.11,
            436.49,
            512.1,
            439.99
        ],
        [
            483.23,
            482.71,
            422.93,
            502.61,
            461.54,
            414.0,
            390.28,
            439.51,
            415.84,
            406.69,
            416.36,
            511.03,
            470.53,
            413.62,
            null,
            480.24,
            482.94,
            499.04,
            490.02,
            513.99
        ],
        [
            451.31,
            391.25,
            453.23,
            500.71,
            501.0,
            394.77,
            405.29,
            468.64,
            436.03,
            408.94,
            417.6,
            504.53,
            501.64,
            483.24,
            480.24,
            null,
            513.32,
            443.77,
            421.5,
            434.59
        ],
        [
            461.46,
            426.17,
            441.72,
            433.35,
            423.4,
            501.31,
            476.29,
            423.69,
            400.44,
            499.91,
            440.98,
            497.22,
            421.55,
            486.11,
            482.94,
            513.32,
            null,
            406.32,
            480.19,
            429.76
        ],
        [
            484.6,
            479.12,
            452.84,
            473.72,
            391.14,
            476.82,
            457.05,
            459.52,
            412.37,
            386.08,
            444.72,
            482.13,
            455.58,
            436.49,
            499.04,
            443.77,
            406.32,
            null,
            506.24,
            462.07
        ],
        [
            389.67,
            456.3,
            453.45,
            441.38,
            489.35,
            419.23,
            444.61,
            465.33,
            400.4,
            471.4,
            411.88,
            472.4,
            445.34,
            512.1,
            490.02,
            421.5,
            480.19,
            506.24,
            null,
            404.14
        ],
        [
            454.23,
            419.77,
            489.86,
            471.9,
            471.72,
            418.73,
            457.9,
            472.83,
            396.41,
            453.19,
            512.95,
            401.19,
            397.01,
            439.99,
            513.99,
            434.59,
            429.76,
            462.07,
            404.14,
            null
        ]
    ],
    "tempos_processamento": [
        4755.75,
        4546.44,
        4645.33,
        4634.6,
        4462.81,
        4497.74,
        4632.89,
        4394.19,
        4485.13,
        4410.4,
        4546.73,
        4395.01,
        4383.63,
        4473.99,
        4716.51,
        4518.33,
        4271.11,
        4634.44,
        4525.08,
        4270.46
    ],
    "ready_times": [
        1094.08,
        21258.95,
        36069.51,
        35791.05,
        41100.43,
        32556.55,
        26367.92,
        3205.07,
        35757.59,
        29886.04,
        0.0,
        39989.36,
        7005.77,
        4595.86,
        24415.33,
        20953.13,
        7638.25,
        36424.76,
        33595.53,
        32004.82
    ]
}