{
    "configuracao": {
        "codigo_cenario": "HLHLLLH",
        "nivel_ready_time": "alta",
        "variabilidade_processamento": "baixa",
        "media_processamento": "alta",
        "estrutura_setup": "simetrica",
        "variabilidade_setup": "baixa",
        "n_maquinas": 2,
        "n_medio_jobs_maquina": 10,
        "n_jobs": 20
    },
    "matriz_setup": [
        [
            null,
            387.31,
            477.59,
            404.4,
            431.81,
            476.38,
            402.08,
            471.46,
            402.21,
            486.04,
            469.91,
            445.19,
            484.86,
            424.41,
            414.17,
            415.03,
            438.97,
            417.19,
            472.2,
            481.87
        ],
        [
            387.31,
            null,
            409.62,
            399.22,
            507.23,
            475.68,
            487.85,
            431.01,
            386.5,
            465.37,
            441.82,
            486.51,
            435.51,
            415.21,
            448.52,
            505.69,
            478.77,
            512.47,
            480.23,
            417.38
        ],
        [
            477.59,
            409.62,
            null,
            466.94,
            487.41,
            505.86,
            390.71,
            409.16,
            434.46,
            414.57,
            458.2,
            506.37,
            387.89,
            452.07,
            441.33,
            449.55,
            436.29,
            467.45,
            460.55,
            458.15
        ],
        [
            404.4,
            399.22,
            466.94,
            null,
            464.34,
            513.31,
            497.18,
            394.01,
            454.91,
            473.53,
            408.95,
            398.67,
            483.16,
            398.99,
            501.91,
            413.77,
            475.72,
            497.75,
            443.54,
            440.64
        ],
        [
            431.81,
            507.23,
            487.41,
            464.34,
            null,
            394.72,
            492.24,
            500.1,
            470.6,
            514.16,
            461.22,
            413.37,
            421.94,
            454.49,
            462.82,
            430.77,
            405.35,
            438.44,
            443.76,
            470.52
        ],
        [
            476.38,
            475.68,
            505.86,
            513.31,
            394.72,
            null,
            442.51,
            430.25,
            455.87,
            485.3,
            431.05,
            391.13,
            501.66,
            459.61,
            488.54,
            514.58,
            507.04,
            499.87,
            435.8,
            399.66
        ],
        [
            402.08,
            487.85,
            390.71,
            497.18,
            492.24,
            442.51,
            null,
            410.24,
            499.64,
            514.8,
            428.21,
            430.67,
            464.26,
            488.28,
            442.31,
            429.99,
            424.16,
            402.82,
            475.34,
            496.34
        ],
        [
            471.46,
            431.01,
            409.16,
            394.01,
            500.1,
            430.25,
            410.24,
            null,
            394.14,
            482.27,
            412.23,
            471.0,
            481.58,
            430.78,
            392.86,
            505.77,
            514.65,
            449.19,
            499.19,
            461.55
        ],
        [
            402.21,
            386.5,
            434.46,
            454.91,
            470.6,
            455.87,
            499.64,
            394.14,
            null,
            513.12,
            410.56,
            438.89,
            423.13,
            476.36,
            501.54,
            496.27,
            428.27,
            435.46,
            453.55,
            405.14
        ],
        [
            486.04,
            465.37,
            414.57,
            473.53,
            514.16,
            485.3,
            514.8,
            482.27,
            513.12,
            null,
            456.01,
            402.95,
            454.0,
            446.76,
            455.71,
            433.58,
            507.02,
            463.9,
            439.43,
            503.55
        ],
        [
            469.91,
            441.82,
            458.2,
            408.95,
            461.22,
            431.05,
            428.21,
            412.23,
            410.56,
            456.01,
            null,
            393.44,
            390.5,
            427.92,
            448.86,
            482.05,
            450.96,
            512.76,
            470.32,
            421.13
        ],
        [
            445.19,
            486.51,
            506.37,
            398.67,
            413.37,
            391.13,
            430.67,
            471.0,
            438.89,
            402.95,
            393.44,
            null,
            454.4,
            467.97,
            413.84,
            425.26,
            411.42,
            510.48,
            393.12,
            386.62
        ],
        [
            484.86,
            435.51,
            387.89,
            483.16,
            421.94,
            501.66,
            464.26,
            481.58,
            423.13,
            454.0,
            390.5,
            454.4,
            null,
            471.71,
            421.04,
            416.3,
            391.85,
            451.15,
            411.6,
            450.05
        ],
        [
            424.41,
            415.21,
            452.07,
            398.99,
            454.49,
            459.61,
            488.28,
            430.78,
            476.36,
            446.76,
            427.92,
            467.97,
            471.71,
            null,
            484.34,
            433.22,
            493.16,
            442.36,
            495.33,
            389.26
        ],
        [
            414.17,
            448.52,
            441.33,
            501.91,
            462.82,
            488.54,
            442.31,
            392.86,
            501.54,
            455.71,
            448.86,
            413.84,
            421.04,
            484.34,
            null,
            447.86,
            447.23,
            451.03,
            441.87,
            389.13
        ],
        [
            415.03,
            505.69,
            449.55,
            413.77,
            430.77,
            514.58,
            429.99,
            505.77,
            496.27,
            433.58,
            482.05,
            425.26,
            416.3,
            433.22,
            447.86,
            null,
            505.85,
            434.92,
            465.62,
            481.4
        ],
        [
            438.97,
            478.77,
            436.29,
            475.72,
            405.35,
            507.04,
            424.16,
            514.65,
            428.27,
            507.02,
            450.96,
            411.42,
            391.85,
            493.16,
            447.23,
            505.85,
            null,
            415.03,
            451.63,
            432.24
        ],
        [
            417.19,
            512.47,
            467.45,
            497.75,
            438.44,
            499.87,
            402.82,
            449.19,
            435.46,
            463.9,
            512.76,
            510.48,
            451.15,
            442.36,
            451.03,
            434.92,
            415.03,
            null,
            511.96,
            452.21
        ],
        [
            472.2,
            480.23,
            460.55,
            443.54,
            443.76,
            435.8,
            475.34,
            499.19,
            453.55,
            439.43,
            470.32,
            393.12,
            411.6,
            495.33,
            441.87,
            465.62,
            451.63,
            511.96,
            null,
            443.99
        ],
        [
            481.87,
            417.38,
            458.15,
            440.64,
            470.52,
            399.66,
            496.34,
            461.55,
            405.14,
            503.55,
            421.13,
            386.62,
            450.05,
            389.26,
            389.13,
            481.4,
            432.24,
            452.21,
            443.99,
            null
        ]
    ],
    "tempos_processamento": [
        4241.99,
        4384.09,
        4413.31,
        4506.32,
        4760.8,
        4255.86,
        4724.34,
        4484.78,
        4598.03,
        4376.97,
        4569.78,
        4679.13,
        4529.21,
        4435.83,
        4733.73,
        4685.74,
        4532.5,
        4483.98,
        4756.39,
        4730.12
    ],
    "ready_times": [
        19844.09,
        36259.07,
        32055.02,
        1756.31,
        24658.36,
        25677.06,
        4525.86,
        27710.17,
        17877.18,
        262.87,
        27619.3,
        0.0,
        13708.54,
        9336.92,
        6138.04,
        24046.94,
        40677.66,
        20759.24,
        35730.56,
        20835.71
    ]
}