{
    "configuracao": {
        "codigo_cenario": "HLHLLLH",
        "nivel_ready_time": "alta",
        "variabilidade_processamento": "baixa",
        "media_processamento": "alta",
        "estrutura_setup": "simetrica",
        "variabilidade_setup": "baixa",
        "n_maquinas": 2,
        "n_medio_jobs_maquina": 10,
        "n_jobs": 20
    },
    "matriz_setup": [
        [
            null,
            475.09,
            440.13,
            514.86,
            450.47,
            464.5,
            439.16,
            486.62,
            427.53,
            410.37,
            428.75,
            475.15,
            393.52,
            409.65,
            499.67,
            443.12,
            433.34,
            453.91,
            482.37,
            474.33
        ],
        [
            475.09,
            null,
            400.47,
            454.86,
            447.39,
            390.15,
            470.53,
            506.5,
            420.2,
            498.04,
            393.18,
            468.96,
            452.42,
            473.69,
            427.86,
            399.02,
            437.9,
            441.59,
            495.54,
            443.82
        ],
        [
            440.13,
            400.47,
            null,
            409.48,
            506.72,
            388.77,
            444.81,
            421.87,
            508.24,
            427.14,
            489.82,
            442.44,
            484.45,
            412.84,
            510.61,
            498.16,
            411.68,
            488.93,
            456.43,
            455.74
        ],
        [
            514.86,
            454.86,
            409.48,
            null,
            437.74,
            460.67,
            393.95,
            447.14,
            452.92,
            514.55,
            418.04,
            500.94,
            490.1,
            397.32,
            404.79,
            393.45,
            403.16,
            470.0,
            471.18,
            502.01
        ],
        [
            450.47,
            447.39,
            506.72,
            437.74,
            null,
            399.69,
            434.26,
            400.06,
            494.82,
            457.95,
            391.38,
            493.09,
            496.13,
            454.23,
            491.81,
            495.27,
            468.5,
            485.83,
            391.71,
            397.0
        ],
        [
            464.5,
            390.15,
            388.77,
            460.67,
            399.69,
            null,
            399.0,
            437.09,
            454.19,
            394.43,
            480.51,
            457.9,
            499.79,
            453.49,
            473.41,
            424.84,
            441.28,
            472.2,
            407.48,
            444.63
        ],
        [
            439.16,
            470.53,
            444.81,
            393.95,
            434.26,
            399.0,
            null,
            406.36,
            414.53,
            417.81,
            411.93,
            490.82,
            480.24,
            476.95,
            458.05,
            392.14,
            437.65,
            428.59,
            393.93,
            437.61
        ],
        [
            486.62,
            506.5,
            421.87,
            447.14,
            400.06,
            437.09,
            406.36,
            null,
            460.23,
            418.87,
            477.99,
            469.08,
            394.79,
            514.49,
            476.4,
            500.82,
            486.69,
            441.81,
            419.49,
            511.57
        ],
        [
            427.53,
            420.2,
            508.24,
            452.92,
            494.82,
            454.19,
            414.53,
            460.23,
            null,
            480.71,
            465.01,
            469.89,
            453.92,
            421.61,
            457.53,
            457.14,
            434.17,
            510.61,
            470.92,
            393.41
        ],
        [
            410.37,
            498.04,
            427.14,
            514.55,
            457.95,
            394.43,
            417.81,
            418.87,
            480.71,
            null,
            494.55,
            396.37,
            441.7,
            453.26,
            466.47,
            499.5,
            498.45,
            495.25,
            412.84,
            401.99
        ],
        [
            428.75,
            393.18,
            489.82,
            418.04,
            391.38,
            480.51,
            411.93,
            477.99,
            465.01,
            494.55,
            null,
            499.06,
            422.47,
            481.09,
            494.11,
            511.16,
            496.07,
            395.88,
            503.11,
            510.74
        ],
        [
            475.15,
            468.96,
            442.44,
            500.94,
            493.09,
            457.9,
            490.82,
            469.08,
            469.89,
            396.37,
            499.06,
            null,
            392.42,
            416.5,
            428.09,
            470.82,
            491.99,
            452.24,
            475.05,
            386.39
        ],
        [
            393.52,
            452.42,
            484.45,
            490.1,
            496.13,
            499.79,
            480.24,
            394.79,
            453.92,
            441.7,
            422.47,
            392.42,
            null,
            469.42,
            455.6,
            478.91,
            500.33,
            484.43,
            492.0,
            456.2
        ],
        [
            409.65,
            473.69,
            412.84,
            397.32,
            454.23,
            453.49,
            476.95,
            514.49,
            421.61,
            453.26,
            481.09,
            416.5,
            469.42,
            null,
            462.75,
            476.39,
            501.58,
            409.76,
            432.55,
            483.8
        ],
        [
            499.67,
            427.86,
            510.61,
            404.79,
            491.81,
            473.41,
            458.05,
            476.4,
            457.53,
            466.47,
            494.11,
            428.09,
            455.6,
            462.75,
            null,
            471.09,
            387.48,
            386.48,
            413.89,
            447.91
        ],
        [
            443.12,
            399.02,
            498.16,
            393.45,
            495.27,
            424.84,
            392.14,
            500.82,
            457.14,
            499.5,
            511.16,
            470.82,
            478.91,
            476.39,
            471.09,
            null,
            454.28,
            507.02,
            479.63,
            410.0
        ],
        [
            433.34,
            437.9,
            411.68,
            403.16,
            468.5,
            441.28,
            437.65,
            486.69,
            434.17,
            498.45,
            496.07,
            491.99,
            500.33,
            501.58,
            387.48,
            454.28,
            null,
            432.59,
            460.44,
            456.69
        ],
        [
            453.91,
            441.59,
            488.93,
            470.0,
            485.83,
            472.2,
            428.59,
            441.81,
            510.61,
            495.25,
            395.88,
            452.24,
            484.43,
            409.76,
            386.48,
            507.02,
            432.59,
            null,
            446.33,
            474.54
        ],
        [
            482.37,
            495.54,
            456.43,
            471.18,
            391.71,
            407.48,
            393.93,
            419.49,
            470.92,
            412.84,
            503.11,
            475.05,
            492.0,
            432.55,
            413.89,
            479.63,
            460.44,
            446.33,
            null,
            455.49
        ],
        [
            474.33,
            443.82,
            455.74,
            502.01,
            397.0,
            444.63,
            437.61,
            511.57,
            393.41,
            401.99,
            510.74,
            386.39,
            456.2,
            483.8,
            447.91,
            410.0,
            456.69,
            474.54,
            455.49,
            null
        ]
    ],
    "tempos_processamento": [
        4442.53,
        4515.01,
        4441.04,
        4574.61,
        4464.33,
        4408.66,
        4362.6,
        4291.0,
        4701.02,
        4496.39,
        4769.85,
        4368.59,
        4399.98,
        4320.54,
        4323.59,
        4584.53,
        4608.16,
        4260.97,
        4432.5,
        4370.56
    ],
    "ready_times": [
        18926.93,
        24003.28,
        21115.87,
        0.0,
        40873.87,
        20802.17,
        31101.08,
        38152.05,
        40871.56,
        18574.6,
        29988.58,
        4728.28,
        23667.86,
        4629.02,
        34717.92,
        22796.47,
        38628.79,
        8566.71,
        14291.41,
        26160.11
    ]
}