{
    "configuracao": {
        "codigo_cenario": "HLHLLLH",
        "nivel_ready_time": "alta",
        "variabilidade_processamento": "baixa",
        "media_processamento": "alta",
        "estrutura_setup": "simetrica",
        "variabilidade_setup": "baixa",
        "n_maquinas": 2,
        "n_medio_jobs_maquina": 10,
        "n_jobs": 20
    },
    "matriz_setup": [
        [
            null,
            497.36,
            415.17,
            403.54,
            435.41,
            510.71,
            480.64,
            494.4,
            412.6,
            426.65,
            482.09,
            390.17,
            499.04,
            475.99,
            500.51,
            498.02,
            430.45,
            483.65,
            391.82,
            450.09
        ],
        [
            497.36,
            null,
            424.8,
            446.35,
            498.0,
            396.43,
            478.77,
            387.81,
            505.8,
            454.76,
            447.13,
            479.38,
            451.29,
            399.78,
            473.44,
            500.5,
            503.07,
            417.84,
            390.41,
            412.39
        ],
        [
            415.17,
            424.8,
            null,
            514.46,
            459.12,
            417.77,
            434.24,
            476.88,
            467.38,
            444.75,
            424.62,
            508.14,
            427.37,
            418.74,
            464.33,
            458.61,
            457.9,
            511.42,
            474.64,
            469.02
        ],
        [
            403.54,
            446.35,
            514.46,
            null,
            432.2,
            390.9,
            454.27,
            411.96,
            465.09,
            505.07,
            487.85,
            415.72,
            462.53,
            445.28,
            504.24,
            506.99,
            416.47,
            512.18,
            480.52,
            408.77
        ],
        [
            435.41,
            498.0,
            459.12,
            432.2,
            null,
            431.3,
            453.0,
            387.77,
            397.83,
            507.91,
            452.34,
            425.33,
            422.26,
            407.32,
            452.33,
            455.28,
            411.43,
            500.65,
            453.58,
            462.09
        ],
        [
            510.71,
            396.43,
            417.77,
            390.9,
            431.3,
            null,
            394.85,
            506.25,
            389.96,
            401.32,
            402.79,
            399.16,
            492.71,
            505.18,
            498.45,
            428.48,
            395.98,
            423.05,
            465.96,
            506.26
        ],
        [
            480.64,
            478.77,
            434.24,
            454.27,
            453.0,
            394.85,
            null,
            393.53,
            411.74,
            480.78,
            423.49,
            434.46,
            484.71,
            500.6,
            456.22,
            493.63,
            402.85,
            491.02,
            452.16,
            512.51
        ],
        [
            494.4,
            387.81,
            476.88,
            411.96,
            387.77,
            506.25,
            393.53,
            null,
            394.75,
            431.03,
            485.9,
            502.59,
            401.52,
            479.95,
            512.19,
            458.83,
            438.86,
            480.89,
            415.69,
            511.48
        ],
        [
            412.6,
            505.8,
            467.38,
            465.09,
            397.83,
            389.96,
            411.74,
            394.75,
            null,
            418.01,
            485.32,
            427.46,
            472.9,
            426.19,
            406.38,
            386.17,
            480.19,
            427.6,
            400.33,
            446.75
        ],
        [
            426.65,
            454.76,
            444.75,
            505.07,
            507.91,
            401.32,
            480.78,
            431.03,
            418.01,
            null,
            439.72,
            459.29,
            488.97,
            412.4,
            399.27,
            487.21,
            424.78,
            452.38,
            474.17,
            504.03
        ],
        [
            482.09,
            447.13,
            424.62,
            487.85,
            452.34,
            402.79,
            423.49,
            485.9,
            485.32,
            439.72,
            null,
            419.99,
            413.01,
            416.2,
            394.83,
            502.99,
            441.61,
            412.91,
            385.9,
            414.5
        ],
        [
            390.17,
            479.38,
            508.14,
            415.72,
            425.33,
            399.16,
            434.46,
            502.59,
            427.46,
            459.29,
            419.99,
            null,
            425.96,
            401.51,
            506.92,
            442.61,
            436.47,
            478.83,
            409.85,
            486.3
        ],
        [
            499.04,
            451.29,
            427.37,
            462.53,
            422.26,
            492.71,
            484.71,
            401.52,
            472.9,
            488.97,
            413.01,
            425.96,
            null,
            471.09,
            442.91,
            430.12,
            441.37,
            413.71,
            507.03,
            450.95
        ],
        [
            475.99,
            399.78,
            418.74,
            445.28,
            407.32,
            505.18,
            500.6,
            479.95,
            426.19,
            412.4,
            416.2,
            401.51,
            471.09,
            null,
            397.85,
            387.78,
            489.72,
            510.13,
            488.46,
            503.36
        ],
        [
            500.51,
            473.44,
            464.33,
            504.24,
            452.33,
            498.45,
            456.22,
            512.19,
            406.38,
            399.27,
            394.83,
            506.92,
            442.91,
            397.85,
            null,
            491.28,
            459.41,
            430.47,
            446.39,
            448.2
        ],
        [
            498.02,
            500.5,
            458.61,
            506.99,
            455.28,
            428.48,
            493.63,
            458.83,
            386.17,
            487.21,
            502.99,
            442.61,
            430.12,
            387.78,
            491.28,
            null,
            442.48,
            488.76,
            440.53,
            468.9
        ],
        [
            430.45,
            503.07,
            457.9,
            416.47,
            411.43,
            395.98,
            402.85,
            438.86,
            480.19,
            424.78,
            441.61,
            436.47,
            441.37,
            489.72,
            459.41,
            442.48,
            null,
            432.16,
            508.36,
            409.36
        ],
        [
            483.65,
            417.84,
            511.42,
            512.18,
            500.65,
            423.05,
            491.02,
            480.89,
            427.6,
            452.38,
            412.91,
            478.83,
            413.71,
            510.13,
            430.47,
            488.76,
            432.16,
            null,
            473.93,
            417.07
        ],
        [
            391.82,
            390.41,
            474.64,
            480.52,
            453.58,
            465.96,
            452.16,
            415.69,
            400.33,
            474.17,
            385.9,
            409.85,
            507.03,
            488.46,
            446.39,
            440.53,
            508.36,
            473.93,
            null,
            478.23
        ],
        [
            450.09,
            412.39,
            469.02,
            408.77,
            462.09,
            506.26,
            512.51,
            511.48,
            446.75,
            504.03,
            414.5,
            486.3,
            450.95,
            503.36,
            448.2,
            468.9,
            409.36,
            417.07,
            478.23,
            null
        ]
    ],
    "tempos_processamento": [
        4347.72,
        4445.31,
        4338.73,
        4606.57,
        4505.93,
        4589.47,
        4708.74,
        4593.66,
        4630.18,
        4494.36,
        4281.89,
        4562.52,
        4370.6,
        4447.16,
        4701.56,
        4583.99,
        4738.56,
        4699.64,
        4256.84,
        4311.46
    ],
    "ready_times": [
        35966.37,
        8490.87,
        0.0,
        4912.77,
        28689.78,
        38446.65,
        2582.01,
        41676.63,
        24113.89,
        9673.13,
        15638.68,
        11977.08,
        27750.55,
        11938.56,
        37014.54,
        40050.49,
        41375.6,
        23196.02,
        19868.01,
        19382.06
    ]
}