{
    "configuracao": {
        "codigo_cenario": "HLHHHLL",
        "nivel_ready_time": "alta",
        "variabilidade_processamento": "baixa",
        "media_processamento": "alta",
        "estrutura_setup": "assimetrica",
        "variabilidade_setup": "alta",
        "n_maquinas": 2,
        "n_medio_jobs_maquina": 3,
        "n_jobs": 6
    },
    "matriz_setup": [
        [
            null,
            481.05,
            370.61,
            484.2,
            432.9,
            491.02
        ],
        [
            336.97,
            null,
            490.85,
            411.98,
            372.96,
            525.67
        ],
        [
            505.09,
            447.78,
            null,
            380.78,
            563.14,
            456.27
        ],
        [
            511.5,
            451.81,
            355.61,
            null,
            421.66,
            492.64
        ],
        [
            565.85,
            335.04,
            548.08,
            438.44,
            null,
            560.99
        ],
        [
            383.79,
            418.64,
            323.4,
            388.48,
            554.04,
            null
        ]
    ],
    "tempos_processamento": [
        4730.8,
        4309.63,
        4767.01,
        4690.28,
        4539.03,
        4293.15
    ],
    "ready_times": [
        1215.13,
        0.0,
        4185.15,
        5227.75,
        3351.14,
        4222.29
    ]
}