{
    "configuracao": {
        "codigo_cenario": "HLHHHLL",
        "nivel_ready_time": "alta",
        "variabilidade_processamento": "baixa",
        "media_processamento": "alta",
        "estrutura_setup": "assimetrica",
        "variabilidade_setup": "alta",
        "n_maquinas": 2,
        "n_medio_jobs_maquina": 3,
        "n_jobs": 6
    },
    "matriz_setup": [
        [
            null,
            364.29,
            418.91,
            538.11,
            447.04,
            428.38
        ],
        [
            361.36,
            null,
            449.41,
            483.75,
            525.79,
            371.24
        ],
        [
            418.24,
            495.37,
            null,
            514.96,
            463.05,
            414.51
        ],
        [
            481.43,
            399.41,
            359.11,
            null,
            445.06,
            424.46
        ],
        [
            465.85,
            535.33,
            451.0,
            370.98,
            null,
            419.8
        ],
        [
            447.99,
            374.06,
            344.94,
            514.37,
            425.86,
            null
        ]
    ],
    "tempos_processamento": [
        4529.9,
        4300.33,
        4256.09,
        4511.12,
        4309.58,
        4530.01
    ],
    "ready_times": [
        2934.95,
        6632.04,
        1854.57,
        7846.86,
        208.26,
        0.0
    ]
}