{
    "configuracao": {
        "codigo_cenario": "HLHHHLL",
        "nivel_ready_time": "alta",
        "variabilidade_processamento": "baixa",
        "media_processamento": "alta",
        "estrutura_setup": "assimetrica",
        "variabilidade_setup": "alta",
        "n_maquinas": 2,
        "n_medio_jobs_maquina": 3,
        "n_jobs": 6
    },
    "matriz_setup": [
        [
            null,
            570.87,
            320.82,
            374.38,
            430.1,
            447.73
        ],
        [
            541.64,
            null,
            411.71,
            367.46,
            528.68,
            445.49
        ],
        [
            510.61,
            420.57,
            null,
            551.02,
            493.04,
            423.19
        ],
        [
            421.32,
            556.03,
            354.13,
            null,
            537.4,
            498.77
        ],
        [
            350.67,
            412.77,
            534.02,
            337.73,
            null,
            500.57
        ],
        [
            433.51,
            397.53,
            425.87,
            533.26,
            497.14,
            null
        ]
    ],
    "tempos_processamento": [
        4278.74,
        4459.55,
        4470.82,
        4444.28,
        4337.38,
        4305.0
    ],
    "ready_times": [
        7554.79,
        3000.32,
        2365.47,
        0.0,
        7429.66,
        1850.71
    ]
}