{
    "configuracao": {
        "codigo_cenario": "HLHHHLL",
        "nivel_ready_time": "alta",
        "variabilidade_processamento": "baixa",
        "media_processamento": "alta",
        "estrutura_setup": "assimetrica",
        "variabilidade_setup": "alta",
        "n_maquinas": 2,
        "n_medio_jobs_maquina": 3,
        "n_jobs": 6
    },
    "matriz_setup": [
        [
            null,
            540.59,
            497.8,
            409.92,
            345.99,
            347.67
        ],
        [
            490.99,
            null,
            421.84,
            574.39,
            458.66,
            542.63
        ],
        [
            367.52,
            430.11,
            null,
            576.83,
            388.28,
            554.21
        ],
        [
            537.89,
            491.56,
            473.25,
            null,
            351.39,
            514.1
        ],
        [
            424.44,
            412.28,
            410.06,
            404.43,
            null,
            489.57
        ],
        [
            577.29,
            353.65,
            320.66,
            399.77,
            329.23,
            null
        ]
    ],
    "tempos_processamento": [
        4496.63,
        4424.98,
        4370.38,
        4513.42,
        4391.15,
        4534.76
    ],
    "ready_times": [
        0.0,
        8136.88,
        3522.53,
        2988.58,
        4949.95,
        8308.42
    ]
}