{
    "configuracao": {
        "codigo_cenario": "HLHHHLL",
        "nivel_ready_time": "alta",
        "variabilidade_processamento": "baixa",
        "media_processamento": "alta",
        "estrutura_setup": "assimetrica",
        "variabilidade_setup": "alta",
        "n_maquinas": 2,
        "n_medio_jobs_maquina": 3,
        "n_jobs": 6
    },
    "matriz_setup": [
        [
            null,
            542.23,
            447.25,
            485.07,
            486.64,
            395.17
        ],
        [
            458.5,
            null,
            507.43,
            531.29,
            428.89,
            578.76
        ],
        [
            486.05,
            549.93,
            null,
            463.22,
            469.48,
            414.08
        ],
        [
            551.97,
            338.72,
            328.45,
            null,
            326.72,
            450.44
        ],
        [
            503.43,
            463.65,
            344.95,
            480.6,
            null,
            543.77
        ],
        [
            422.36,
            552.06,
            533.87,
            327.6,
            404.97,
            null
        ]
    ],
    "tempos_processamento": [
        4498.93,
        4733.29,
        4530.46,
        4547.0,
        4402.78,
        4402.4
    ],
    "ready_times": [
        2550.49,
        0.0,
        6101.22,
        5105.03,
        5147.73,
        7612.23
    ]
}