{
    "configuracao": {
        "codigo_cenario": "HHHHHLH",
        "nivel_ready_time": "alta",
        "variabilidade_processamento": "alta",
        "media_processamento": "alta",
        "estrutura_setup": "assimetrica",
        "variabilidade_setup": "alta",
        "n_maquinas": 2,
        "n_medio_jobs_maquina": 10,
        "n_jobs": 20
    },
    "matriz_setup": [
        [
            null,
            547.43,
            353.77,
            549.8,
            478.9,
            563.19,
            365.25,
            458.15,
            357.64,
            446.9,
            529.52,
            549.99,
            353.4,
            477.84,
            435.75,
            348.98,
            393.4,
            372.01,
            393.01,
            554.41
        ],
        [
            347.34,
            null,
            573.3,
            332.85,
            452.91,
            434.77,
            429.83,
            351.55,
            424.24,
            499.77,
            554.69,
            360.18,
            423.42,
            576.31,
            323.62,
            356.22,
            428.65,
            416.89,
            321.52,
            386.88
        ],
        [
            571.52,
            488.0,
            null,
            463.48,
            476.63,
            550.14,
            358.59,
            499.47,
            522.13,
            335.35,
            493.49,
            552.07,
            454.99,
            393.47,
            570.68,
            381.36,
            423.86,
            558.47,
            456.48,
            322.29
        ],
        [
            372.49,
            570.02,
            378.46,
            null,
            398.75,
            449.99,
            490.43,
            372.75,
            371.4,
            417.08,
            421.0,
            545.44,
            525.56,
            357.17,
            382.49,
            552.73,
            425.94,
            565.16,
            537.68,
            438.27
        ],
        [
            487.85,
            528.89,
            555.34,
            528.83,
            null,
            539.86,
            334.72,
            376.83,
            374.5,
            371.57,
            490.86,
            553.4,
            390.16,
            498.6,
            554.07,
            403.61,
            364.64,
            472.27,
            338.63,
            357.76
        ],
        [
            436.31,
            379.18,
            506.85,
            528.13,
            479.85,
            null,
            465.23,
            495.31,
            482.97,
            571.04,
            503.29,
            476.59,
            576.03,
            497.34,
            355.81,
            368.18,
            485.51,
            379.1,
            500.4,
            463.92
        ],
        [
            363.47,
            557.77,
            363.72,
            469.9,
            531.78,
            486.03,
            null,
            578.82,
            479.51,
            386.26,
            377.9,
            355.33,
            328.9,
            495.6,
            462.54,
            438.73,
            427.95,
            487.58,
            528.15,
            452.88
        ],
        [
            522.45,
            385.92,
            376.38,
            357.04,
            350.34,
            402.71,
            391.2,
            null,
            405.73,
            442.72,
            461.26,
            380.57,
            340.35,
            339.85,
            439.35,
            542.35,
            362.69,
            448.87,
            565.92,
            327.37
        ],
        [
            530.63,
            345.74,
            528.21,
            363.95,
            433.73,
            448.78,
            427.0,
            339.45,
            null,
            437.94,
            536.51,
            499.76,
            379.77,
            325.34,
            505.82,
            398.75,
            355.21,
            412.85,
            505.49,
            445.62
        ],
        [
            483.19,
            460.86,
            369.14,
            488.4,
            438.7,
            434.6,
            331.65,
            561.34,
            364.8,
            null,
            365.36,
            572.7,
            482.72,
            531.66,
            370.77,
            403.21,
            353.52,
            321.49,
            477.52,
            345.8
        ],
        [
            361.56,
            340.16,
            422.22,
            360.04,
            331.5,
            467.44,
            399.27,
            344.22,
            371.85,
            502.24,
            null,
            531.92,
            508.89,
            527.3,
            440.93,
            481.46,
            462.66,
            377.84,
            572.65,
            333.38
        ],
        [
            577.64,
            349.47,
            459.26,
            404.6,
            533.1,
            364.34,
            365.66,
            421.36,
            354.58,
            358.9,
            419.55,
            null,
            449.76,
            433.22,
            487.51,
            461.49,
            367.28,
            540.23,
            423.57,
            551.48
        ],
        [
            542.49,
            412.25,
            320.14,
            389.68,
            521.98,
            472.57,
            404.52,
            340.1,
            446.35,
            365.51,
            364.65,
            518.2,
            null,
            467.69,
            410.06,
            343.91,
            500.02,
            439.04,
            540.42,
            513.67
        ],
        [
            332.12,
            449.66,
            366.04,
            354.35,
            559.24,
            452.66,
            554.13,
            338.84,
            446.94,
            444.86,
            354.9,
            460.93,
            566.06,
            null,
            548.52,
            536.44,
            538.89,
            341.35,
            410.38,
            548.17
        ],
        [
            442.33,
            394.63,
            545.21,
            410.18,
            464.55,
            539.7,
            544.97,
            406.09,
            365.53,
            405.43,
            368.91,
            463.68,
            569.26,
            353.21,
            null,
            451.17,
            578.73,
            430.86,
            442.88,
            371.25
        ],
        [
            432.99,
            449.89,
            324.81,
            483.36,
            403.84,
            433.5,
            343.5,
            418.38,
            405.72,
            414.84,
            547.98,
            562.94,
            447.38,
            563.59,
            467.93,
            null,
            554.61,
            487.44,
            482.08,
            493.11
        ],
        [
            410.73,
            398.92,
            447.9,
            428.51,
            460.92,
            503.36,
            429.9,
            519.67,
            330.34,
            578.99,
            521.07,
            500.88,
            328.08,
            333.91,
            364.57,
            578.73,
            null,
            336.59,
            526.85,
            478.91
        ],
        [
            335.28,
            366.5,
            494.68,
            406.2,
            475.25,
            518.42,
            532.39,
            502.41,
            548.08,
            550.99,
            549.29,
            408.33,
            559.58,
            449.3,
            542.1,
            398.31,
            558.59,
            null,
            455.16,
            492.8
        ],
        [
            395.52,
            475.08,
            323.22,
            530.37,
            514.2,
            359.85,
            556.16,
            560.27,
            550.3,
            451.56,
            408.51,
            376.28,
            324.44,
            540.81,
            410.55,
            544.76,
            558.5,
            385.33,
            null,
            356.06
        ],
        [
            398.81,
            534.95,
            433.1,
            557.81,
            544.32,
            534.55,
            381.91,
            406.87,
            435.38,
            326.87,
            324.33,
            437.29,
            552.08,
            559.82,
            512.44,
            474.61,
            351.96,
            391.43,
            388.75,
            null
        ]
    ],
    "tempos_processamento": [
        6776.38,
        4455.58,
        5772.58,
        2679.16,
        6201.73,
        3838.62,
        2022.18,
        3457.42,
        6867.96,
        2920.64,
        3862.58,
        6168.12,
        5953.22,
        2831.89,
        5359.23,
        5593.89,
        4705.65,
        3507.51,
        4225.8,
        3852.9
    ],
    "ready_times": [
        34813.25,
        6742.47,
        26726.09,
        10748.56,
        14694.59,
        29062.36,
        16117.61,
        3436.62,
        0.0,
        1117.87,
        3989.4,
        12427.42,
        29803.84,
        30482.03,
        18793.52,
        9191.05,
        2602.81,
        24777.5,
        31068.02,
        34298.09
    ]
}