{
    "configuracao": {
        "codigo_cenario": "HHHHHLH",
        "nivel_ready_time": "alta",
        "variabilidade_processamento": "alta",
        "media_processamento": "alta",
        "estrutura_setup": "assimetrica",
        "variabilidade_setup": "alta",
        "n_maquinas": 2,
        "n_medio_jobs_maquina": 10,
        "n_jobs": 20
    },
    "matriz_setup": [
        [
            null,
            479.76,
            502.08,
            349.61,
            369.24,
            424.68,
            477.97,
            524.04,
            360.55,
            327.19,
            359.13,
            473.58,
            557.16,
            475.88,
            546.67,
            537.63,
            370.43,
            330.88,
            547.07,
            344.79
        ],
        [
            549.47,
            null,
            554.01,
            502.51,
            548.94,
            390.63,
            364.38,
            329.3,
            457.47,
            505.62,
            494.37,
            353.62,
            407.27,
            408.99,
            372.11,
            510.36,
            416.9,
            541.26,
            441.15,
            527.75
        ],
        [
            361.08,
            565.46,
            null,
            489.43,
            526.47,
            493.41,
            453.14,
            445.58,
            455.21,
            578.47,
            341.38,
            576.37,
            391.16,
            550.66,
            331.16,
            499.09,
            522.86,
            559.22,
            562.83,
            434.59
        ],
        [
            497.23,
            544.04,
            494.35,
            null,
            486.0,
            447.88,
            566.87,
            480.19,
            466.51,
            376.05,
            409.32,
            333.1,
            413.13,
            336.49,
            520.5,
            536.81,
            484.51,
            376.3,
            514.69,
            323.89
        ],
        [
            357.61,
            350.83,
            559.16,
            387.39,
            null,
            476.04,
            411.96,
            347.69,
            352.3,
            390.43,
            464.21,
            497.64,
            536.4,
            370.9,
            551.6,
            347.77,
            377.76,
            483.23,
            477.44,
            521.07
        ],
        [
            343.36,
            457.13,
            436.3,
            489.7,
            464.37,
            null,
            362.35,
            456.22,
            532.23,
            509.36,
            391.94,
            393.41,
            535.07,
            413.99,
            461.26,
            369.49,
            413.9,
            376.0,
            398.23,
            454.4
        ],
        [
            368.23,
            371.84,
            518.26,
            558.04,
            499.9,
            480.93,
            null,
            366.21,
            370.9,
            526.93,
            419.27,
            547.9,
            399.49,
            346.14,
            547.27,
            362.5,
            504.69,
            577.71,
            564.96,
            378.18
        ],
        [
            379.35,
            455.0,
            553.83,
            339.23,
            558.85,
            495.85,
            532.63,
            null,
            566.63,
            330.78,
            520.35,
            495.1,
            353.96,
            511.4,
            330.22,
            340.9,
            336.19,
            379.88,
            336.78,
            327.56
        ],
        [
            503.94,
            454.48,
            361.73,
            439.9,
            432.79,
            373.61,
            514.52,
            499.9,
            null,
            561.64,
            366.47,
            373.84,
            320.24,
            558.98,
            335.68,
            532.69,
            447.23,
            507.33,
            487.04,
            340.97
        ],
        [
            559.88,
            542.25,
            516.65,
            367.08,
            346.25,
            423.29,
            373.3,
            532.53,
            428.59,
            null,
            496.54,
            427.22,
            374.64,
            530.31,
            517.64,
            439.68,
            550.72,
            338.03,
            426.6,
            433.36
        ],
        [
            521.53,
            552.13,
            400.46,
            552.66,
            548.65,
            558.0,
            512.05,
            429.82,
            491.76,
            407.54,
            null,
            502.33,
            338.58,
            337.31,
            458.38,
            568.97,
            579.46,
            542.47,
            488.77,
            321.97
        ],
        [
            430.55,
            450.03,
            491.2,
            374.33,
            411.9,
            434.12,
            373.27,
            520.57,
            439.42,
            383.5,
            533.76,
            null,
            386.39,
            484.67,
            330.88,
            524.78,
            427.11,
            325.75,
            468.35,
            555.66
        ],
        [
            324.33,
            402.0,
            519.91,
            524.4,
            537.74,
            395.53,
            523.11,
            475.66,
            344.93,
            520.37,
            511.64,
            426.91,
            null,
            479.25,
            499.74,
            490.19,
            501.79,
            542.07,
            338.35,
            466.1
        ],
        [
            435.78,
            573.09,
            491.17,
            484.07,
            525.72,
            342.75,
            571.91,
            408.04,
            482.26,
            444.62,
            577.91,
            518.01,
            377.76,
            null,
            439.53,
            546.4,
            510.13,
            562.06,
            496.78,
            506.08
        ],
        [
            324.95,
            434.48,
            519.95,
            374.01,
            322.69,
            489.01,
            346.05,
            542.68,
            531.73,
            334.41,
            502.15,
            567.84,
            463.57,
            414.98,
            null,
            403.27,
            370.58,
            405.09,
            507.6,
            545.6
        ],
        [
            567.6,
            351.75,
            494.36,
            355.67,
            477.4,
            411.78,
            435.35,
            393.17,
            554.43,
            518.35,
            578.82,
            324.75,
            544.72,
            467.33,
            340.61,
            null,
            535.93,
            465.55,
            383.71,
            339.98
        ],
        [
            504.44,
            576.99,
            547.35,
            344.04,
            509.34,
            506.31,
            347.12,
            440.14,
            369.07,
            485.32,
            469.4,
            435.58,
            447.22,
            473.15,
            340.89,
            373.81,
            null,
            356.5,
            497.8,
            329.49
        ],
        [
            514.68,
            405.81,
            350.97,
            360.98,
            470.34,
            435.99,
            404.79,
            569.24,
            513.17,
            564.91,
            570.38,
            567.33,
            418.21,
            477.35,
            510.95,
            553.44,
            364.5,
            null,
            322.15,
            347.64
        ],
        [
            470.2,
            449.27,
            364.84,
            325.1,
            377.55,
            438.57,
            408.27,
            528.63,
            519.58,
            558.97,
            568.66,
            355.93,
            353.68,
            407.66,
            440.73,
            486.43,
            335.29,
            381.36,
            null,
            553.01
        ],
        [
            434.91,
            372.64,
            383.16,
            465.28,
            480.17,
            349.29,
            331.91,
            481.51,
            385.81,
            443.03,
            574.04,
            346.22,
            367.45,
            454.59,
            431.0,
            462.28,
            451.2,
            481.17,
            362.41,
            null
        ]
    ],
    "tempos_processamento": [
        3787.68,
        5472.01,
        5210.5,
        5137.59,
        3861.15,
        4190.87,
        5850.05,
        3125.92,
        5747.29,
        6479.62,
        5168.43,
        6354.13,
        4037.34,
        5403.0,
        3478.0,
        4770.13,
        5031.22,
        2786.18,
        5875.14,
        4656.7
    ],
    "ready_times": [
        21490.61,
        25146.87,
        40554.72,
        5780.53,
        10804.61,
        31926.77,
        0.0,
        36359.18,
        27135.36,
        44048.21,
        37257.6,
        13034.35,
        10021.08,
        35223.56,
        40259.64,
        10888.05,
        13778.7,
        707.39,
        8440.21,
        3040.36
    ]
}