{
    "configuracao": {
        "codigo_cenario": "HHHHHLH",
        "nivel_ready_time": "alta",
        "variabilidade_processamento": "alta",
        "media_processamento": "alta",
        "estrutura_setup": "assimetrica",
        "variabilidade_setup": "alta",
        "n_maquinas": 2,
        "n_medio_jobs_maquina": 10,
        "n_jobs": 20
    },
    "matriz_setup": [
        [
            null,
            357.32,
            381.2,
            560.18,
            500.75,
            565.69,
            330.93,
            332.07,
            410.91,
            464.44,
            453.92,
            520.44,
            428.56,
            331.38,
            502.63,
            550.01,
            508.54,
            378.43,
            419.04,
            399.25
        ],
        [
            379.79,
            null,
            425.59,
            579.12,
            425.12,
            419.03,
            488.25,
            568.75,
            339.58,
            340.5,
            437.19,
            542.61,
            521.57,
            566.36,
            556.52,
            565.79,
            405.13,
            453.07,
            323.2,
            561.41
        ],
        [
            425.01,
            425.63,
            null,
            477.13,
            523.48,
            343.51,
            343.48,
            412.74,
            423.39,
            388.07,
            437.24,
            367.71,
            431.35,
            534.42,
            503.1,
            465.96,
            473.91,
            466.29,
            558.47,
            472.74
        ],
        [
            539.7,
            534.12,
            523.6,
            null,
            362.27,
            456.67,
            404.89,
            508.19,
            570.84,
            396.45,
            547.54,
            528.02,
            534.25,
            485.2,
            347.6,
            500.14,
            453.95,
            506.58,
            484.3,
            535.58
        ],
        [
            345.5,
            552.52,
            420.76,
            494.23,
            null,
            466.35,
            487.95,
            390.72,
            536.82,
            559.46,
            513.61,
            558.48,
            341.68,
            427.35,
            367.61,
            448.45,
            497.38,
            339.95,
            381.87,
            425.45
        ],
        [
            350.0,
            358.56,
            349.92,
            532.15,
            494.09,
            null,
            524.45,
            353.51,
            357.1,
            391.21,
            379.97,
            323.66,
            556.49,
            571.16,
            490.34,
            379.74,
            547.28,
            342.55,
            419.69,
            507.91
        ],
        [
            482.38,
            570.74,
            503.14,
            528.12,
            370.24,
            467.39,
            null,
            525.8,
            504.1,
            572.88,
            340.52,
            481.71,
            574.84,
            418.73,
            413.87,
            397.52,
            459.5,
            397.55,
            545.11,
            579.53
        ],
        [
            380.57,
            358.34,
            512.86,
            516.75,
            372.68,
            382.5,
            540.11,
            null,
            407.34,
            453.5,
            555.81,
            440.44,
            357.17,
            340.62,
            459.63,
            483.61,
            353.81,
            527.45,
            475.95,
            343.16
        ],
        [
            481.78,
            453.12,
            527.16,
            496.29,
            383.09,
            490.11,
            388.62,
            546.67,
            null,
            415.51,
            379.18,
            502.41,
            366.96,
            328.24,
            347.88,
            494.68,
            413.46,
            556.89,
            546.35,
            371.81
        ],
        [
            357.27,
            368.06,
            456.54,
            477.16,
            530.48,
            469.6,
            333.73,
            537.52,
            331.76,
            null,
            426.04,
            507.76,
            546.57,
            349.71,
            435.72,
            441.81,
            473.84,
            382.82,
            338.06,
            577.44
        ],
        [
            444.63,
            365.7,
            342.94,
            329.62,
            540.43,
            359.15,
            371.76,
            403.31,
            485.85,
            563.75,
            null,
            573.48,
            339.88,
            356.29,
            377.41,
            512.0,
            456.26,
            402.62,
            533.34,
            550.44
        ],
        [
            354.83,
            335.59,
            420.09,
            568.37,
            425.83,
            528.72,
            456.45,
            434.3,
            486.09,
            327.17,
            506.63,
            null,
            466.24,
            381.01,
            445.58,
            514.61,
            513.14,
            420.27,
            459.64,
            486.64
        ],
        [
            512.14,
            502.09,
            447.61,
            368.79,
            417.37,
            385.91,
            330.65,
            450.12,
            515.04,
            391.63,
            576.41,
            367.84,
            null,
            388.18,
            536.27,
            517.54,
            454.56,
            522.31,
            558.15,
            482.36
        ],
        [
            494.45,
            521.29,
            565.79,
            505.5,
            352.61,
            429.4,
            392.08,
            488.35,
            522.24,
            566.87,
            490.28,
            492.09,
            523.65,
            null,
            423.22,
            484.57,
            373.28,
            412.79,
            420.78,
            385.85
        ],
        [
            349.05,
            375.87,
            410.89,
            429.22,
            338.18,
            414.73,
            410.85,
            461.09,
            488.61,
            513.99,
            424.82,
            520.77,
            331.89,
            554.42,
            null,
            553.91,
            573.72,
            330.67,
            530.42,
            368.67
        ],
        [
            523.17,
            383.36,
            514.59,
            418.58,
            388.35,
            518.07,
            517.57,
            557.11,
            459.93,
            440.64,
            575.25,
            470.82,
            416.28,
            531.61,
            360.63,
            null,
            420.74,
            523.79,
            565.41,
            539.0
        ],
        [
            477.04,
            514.19,
            523.51,
            419.2,
            337.45,
            437.49,
            326.39,
            421.32,
            460.07,
            515.24,
            476.16,
            495.67,
            376.29,
            337.82,
            458.96,
            551.11,
            null,
            567.86,
            489.7,
            367.84
        ],
        [
            357.04,
            541.42,
            559.57,
            330.07,
            324.35,
            532.78,
            529.68,
            354.54,
            409.84,
            558.03,
            415.06,
            579.54,
            551.89,
            475.15,
            516.9,
            496.19,
            424.31,
            null,
            511.19,
            390.41
        ],
        [
            373.51,
            336.22,
            338.3,
            416.56,
            514.49,
            327.67,
            389.35,
            525.88,
            406.52,
            426.47,
            447.69,
            355.57,
            425.4,
            396.53,
            442.29,
            399.54,
            550.67,
            361.64,
            null,
            466.86
        ],
        [
            380.28,
            456.37,
            320.64,
            570.06,
            431.26,
            398.61,
            355.38,
            378.41,
            349.07,
            330.41,
            410.09,
            483.58,
            382.74,
            519.8,
            413.9,
            523.07,
            386.24,
            493.37,
            518.16,
            null
        ]
    ],
    "tempos_processamento": [
        4309.14,
        3978.53,
        6884.48,
        5024.47,
        5413.83,
        2684.48,
        4959.48,
        4950.49,
        3479.72,
        4038.69,
        1861.22,
        2466.44,
        2197.26,
        3657.85,
        6411.35,
        6133.14,
        2124.73,
        5904.15,
        6624.66,
        2656.66
    ],
    "ready_times": [
        33158.87,
        12519.37,
        26078.63,
        0.0,
        34256.92,
        21775.81,
        10858.07,
        24591.83,
        12202.95,
        38207.18,
        14351.25,
        7019.75,
        7332.83,
        37017.07,
        9166.83,
        31989.42,
        7564.61,
        25912.32,
        14429.65,
        22461.11
    ]
}