{
    "configuracao": {
        "codigo_cenario": "HHHHHLH",
        "nivel_ready_time": "alta",
        "variabilidade_processamento": "alta",
        "media_processamento": "alta",
        "estrutura_setup": "assimetrica",
        "variabilidade_setup": "alta",
        "n_maquinas": 2,
        "n_medio_jobs_maquina": 10,
        "n_jobs": 20
    },
    "matriz_setup": [
        [
            null,
            502.3,
            452.22,
            332.62,
            381.18,
            361.66,
            557.61,
            326.94,
            334.85,
            558.66,
            413.32,
            382.9,
            552.23,
            559.49,
            572.16,
            378.2,
            397.88,
            344.2,
            437.88,
            358.37
        ],
        [
            496.53,
            null,
            408.62,
            389.28,
            337.5,
            544.04,
            420.74,
            362.67,
            438.3,
            530.99,
            392.75,
            381.92,
            405.86,
            380.65,
            398.26,
            359.08,
            352.97,
            473.1,
            420.26,
            470.58
        ],
        [
            321.63,
            354.18,
            null,
            528.83,
            406.89,
            546.61,
            484.85,
            370.77,
            323.61,
            320.68,
            483.33,
            521.87,
            368.26,
            361.11,
            559.53,
            372.68,
            541.01,
            501.94,
            574.35,
            449.44
        ],
        [
            464.8,
            556.28,
            513.93,
            null,
            474.63,
            417.5,
            364.46,
            555.09,
            454.93,
            563.55,
            448.22,
            445.28,
            420.15,
            528.06,
            543.56,
            383.56,
            557.7,
            451.28,
            323.25,
            471.69
        ],
        [
            325.45,
            464.19,
            527.19,
            410.19,
            null,
            555.58,
            574.13,
            446.87,
            394.58,
            557.87,
            497.33,
            506.8,
            394.17,
            391.66,
            503.85,
            572.99,
            525.67,
            569.77,
            460.54,
            473.97
        ],
        [
            472.34,
            366.31,
            445.72,
            371.48,
            578.38,
            null,
            415.0,
            448.42,
            458.26,
            373.2,
            565.28,
            429.06,
            445.5,
            508.37,
            469.53,
            498.38,
            444.09,
            371.32,
            509.1,
            383.3
        ],
        [
            370.32,
            546.3,
            470.6,
            395.03,
            561.52,
            495.85,
            null,
            556.29,
            505.87,
            569.3,
            334.49,
            503.44,
            414.93,
            375.53,
            479.04,
            363.92,
            567.63,
            377.02,
            403.36,
            451.83
        ],
        [
            366.08,
            411.77,
            343.93,
            493.43,
            562.2,
            345.79,
            461.14,
            null,
            398.39,
            462.96,
            470.87,
            472.19,
            330.26,
            365.86,
            424.23,
            557.92,
            413.29,
            330.02,
            567.78,
            530.18
        ],
        [
            562.51,
            344.74,
            414.65,
            369.33,
            352.69,
            410.15,
            516.97,
            365.17,
            null,
            519.44,
            487.99,
            464.02,
            516.87,
            497.23,
            376.97,
            522.23,
            399.27,
            543.23,
            355.99,
            523.53
        ],
        [
            500.87,
            368.43,
            523.69,
            513.03,
            394.1,
            344.73,
            330.97,
            483.79,
            434.3,
            null,
            553.56,
            530.85,
            469.53,
            322.52,
            571.05,
            395.37,
            456.67,
            470.49,
            412.39,
            473.96
        ],
        [
            558.94,
            432.46,
            576.23,
            336.54,
            383.05,
            493.09,
            338.53,
            348.64,
            324.4,
            357.66,
            null,
            576.97,
            542.72,
            410.96,
            577.65,
            539.81,
            516.29,
            541.47,
            330.33,
            484.15
        ],
        [
            513.34,
            514.69,
            563.11,
            442.2,
            484.34,
            338.3,
            556.55,
            413.83,
            510.38,
            333.51,
            529.19,
            null,
            349.78,
            480.96,
            478.67,
            367.3,
            340.93,
            566.53,
            446.17,
            461.48
        ],
        [
            394.06,
            526.53,
            469.29,
            413.22,
            323.41,
            440.78,
            567.88,
            560.9,
            464.77,
            371.21,
            554.27,
            422.11,
            null,
            474.67,
            562.97,
            545.77,
            395.74,
            491.74,
            422.73,
            419.21
        ],
        [
            508.42,
            494.97,
            487.71,
            428.62,
            460.12,
            341.49,
            538.33,
            554.73,
            442.1,
            377.26,
            340.49,
            506.95,
            499.23,
            null,
            326.15,
            341.08,
            348.3,
            493.11,
            452.28,
            365.72
        ],
        [
            532.05,
            512.23,
            537.01,
            430.83,
            501.29,
            564.48,
            518.21,
            346.84,
            359.31,
            422.31,
            345.43,
            463.23,
            398.37,
            539.62,
            null,
            431.31,
            424.18,
            322.44,
            399.83,
            466.19
        ],
        [
            475.45,
            556.38,
            459.8,
            400.97,
            496.33,
            498.89,
            363.7,
            399.98,
            537.02,
            362.92,
            549.24,
            568.29,
            396.14,
            345.71,
            468.48,
            null,
            427.42,
            575.46,
            570.19,
            338.67
        ],
        [
            386.07,
            484.9,
            405.22,
            546.0,
            448.93,
            513.25,
            420.6,
            372.95,
            403.8,
            342.97,
            364.54,
            495.14,
            434.22,
            361.07,
            406.74,
            464.92,
            null,
            426.31,
            391.92,
            370.07
        ],
        [
            359.69,
            347.04,
            324.45,
            340.77,
            324.06,
            440.8,
            352.72,
            546.83,
            443.06,
            501.31,
            541.82,
            574.97,
            381.08,
            390.13,
            374.78,
            357.56,
            433.9,
            null,
            539.02,
            469.69
        ],
        [
            488.47,
            412.54,
            426.14,
            544.69,
            504.25,
            372.27,
            388.54,
            343.64,
            483.25,
            489.89,
            444.16,
            503.04,
            325.92,
            460.83,
            560.28,
            552.65,
            409.31,
            456.11,
            null,
            459.97
        ],
        [
            412.3,
            414.19,
            562.65,
            355.41,
            472.63,
            417.99,
            525.22,
            408.13,
            320.1,
            442.72,
            529.36,
            378.74,
            530.56,
            521.44,
            368.27,
            533.09,
            346.38,
            344.13,
            329.76,
            null
        ]
    ],
    "tempos_processamento": [
        4263.82,
        2271.29,
        6378.24,
        5800.1,
        3070.12,
        6404.56,
        5908.13,
        2258.13,
        3428.71,
        4458.26,
        5170.27,
        6709.05,
        3869.58,
        7053.66,
        4727.92,
        6845.37,
        2456.28,
        2023.2,
        1972.65,
        5856.75
    ],
    "ready_times": [
        6245.41,
        3231.02,
        13335.76,
        30631.79,
        20477.13,
        17581.52,
        36505.36,
        33197.68,
        562.28,
        42475.03,
        16115.21,
        4481.82,
        37.39,
        0.0,
        24654.5,
        18184.7,
        41968.22,
        40518.79,
        4444.43,
        23204.88
    ]
}