{
    "configuracao": {
        "codigo_cenario": "HLHHLLH",
        "nivel_ready_time": "alta",
        "variabilidade_processamento": "baixa",
        "media_processamento": "alta",
        "estrutura_setup": "assimetrica",
        "variabilidade_setup": "baixa",
        "n_maquinas": 2,
        "n_medio_jobs_maquina": 10,
        "n_jobs": 20
    },
    "matriz_setup": [
        [
            null,
            493.15,
            411.83,
            435.2,
            461.23,
            509.99,
            454.71,
            432.01,
            441.67,
            456.71,
            447.88,
            399.97,
            508.46,
            512.75,
            448.66,
            496.48,
            488.2,
            417.16,
            469.06,
            509.99
        ],
        [
            386.25,
            null,
            437.15,
            501.05,
            512.59,
            473.45,
            473.63,
            478.82,
            459.05,
            412.55,
            495.28,
            493.72,
            388.22,
            465.83,
            443.51,
            458.63,
            398.11,
            493.98,
            466.75,
            492.49
        ],
        [
            456.41,
            394.08,
            null,
            512.47,
            448.84,
            418.53,
            392.74,
            428.55,
            473.38,
            487.89,
            414.8,
            457.66,
            411.22,
            490.81,
            471.17,
            413.62,
            464.29,
            465.56,
            514.08,
            439.14
        ],
        [
            427.08,
            482.76,
            421.53,
            null,
            451.75,
            486.32,
            464.49,
            421.96,
            398.66,
            476.02,
            506.59,
            398.67,
            404.65,
            413.98,
            500.25,
            495.69,
            434.76,
            470.96,
            480.75,
            461.48
        ],
        [
            448.1,
            484.52,
            488.27,
            418.09,
            null,
            481.53,
            401.54,
            474.05,
            503.88,
            428.85,
            427.81,
            416.28,
            484.71,
            493.82,
            390.69,
            393.04,
            493.26,
            423.72,
            440.3,
            457.59
        ],
        [
            410.98,
            385.86,
            402.6,
            494.51,
            396.68,
            null,
            436.02,
            490.74,
            506.87,
            504.09,
            464.72,
            479.24,
            479.9,
            440.18,
            394.48,
            414.42,
            438.02,
            489.7,
            420.47,
            477.02
        ],
        [
            402.43,
            507.4,
            431.8,
            460.56,
            388.48,
            463.72,
            null,
            428.81,
            426.56,
            514.54,
            502.1,
            513.64,
            514.2,
            412.25,
            423.32,
            471.27,
            442.77,
            511.89,
            387.82,
            476.41
        ],
        [
            482.2,
            479.75,
            395.85,
            396.97,
            430.39,
            488.25,
            471.03,
            null,
            478.48,
            399.57,
            433.74,
            394.19,
            492.59,
            436.44,
            480.56,
            492.64,
            445.17,
            436.51,
            514.3,
            455.65
        ],
        [
            466.96,
            437.34,
            398.95,
            436.97,
            484.92,
            446.6,
            403.95,
            473.13,
            null,
            436.81,
            430.09,
            421.41,
            469.88,
            512.95,
            483.39,
            478.51,
            415.95,
            494.42,
            407.87,
            501.88
        ],
        [
            413.92,
            461.05,
            448.75,
            449.66,
            397.26,
            492.25,
            473.74,
            436.34,
            429.31,
            null,
            441.86,
            439.87,
            502.27,
            459.93,
            458.81,
            503.57,
            463.45,
            454.18,
            492.15,
            442.8
        ],
        [
            415.49,
            500.91,
            473.72,
            468.77,
            505.41,
            388.17,
            477.71,
            419.73,
            466.88,
            451.16,
            null,
            395.55,
            408.18,
            427.42,
            472.87,
            423.31,
            484.44,
            395.99,
            405.11,
            403.93
        ],
        [
            468.27,
            400.48,
            460.77,
            412.23,
            426.35,
            402.98,
            501.87,
            434.82,
            436.01,
            487.07,
            511.69,
            null,
            390.38,
            513.06,
            411.11,
            491.94,
            393.96,
            505.2,
            415.69,
            448.41
        ],
        [
            491.38,
            387.3,
            476.01,
            452.87,
            386.13,
            412.12,
            507.97,
            471.35,
            392.98,
            485.97,
            387.47,
            389.9,
            null,
            513.96,
            413.95,
            418.22,
            429.33,
            457.51,
            496.62,
            425.14
        ],
        [
            475.92,
            408.89,
            499.51,
            509.74,
            462.32,
            458.04,
            419.73,
            483.48,
            471.18,
            446.07,
            500.12,
            509.4,
            510.04,
            null,
            457.71,
            400.39,
            498.01,
            387.98,
            475.01,
            414.64
        ],
        [
            465.78,
            482.58,
            406.95,
            450.52,
            422.21,
            385.57,
            413.14,
            447.52,
            387.61,
            449.55,
            483.57,
            465.4,
            479.5,
            411.49,
            null,
            431.54,
            483.31,
            438.97,
            448.57,
            418.93
        ],
        [
            471.26,
            461.27,
            475.36,
            448.52,
            498.86,
            451.87,
            400.73,
            448.28,
            500.58,
            466.54,
            416.09,
            493.83,
            395.26,
            503.09,
            444.08,
            null,
            514.54,
            470.51,
            469.17,
            391.03
        ],
        [
            458.45,
            418.64,
            426.11,
            470.46,
            511.0,
            389.06,
            511.59,
            471.4,
            475.65,
            462.04,
            412.51,
            510.73,
            432.45,
            503.22,
            497.08,
            414.39,
            null,
            502.6,
            435.28,
            420.14
        ],
        [
            507.42,
            513.21,
            395.66,
            485.86,
            386.64,
            390.66,
            451.94,
            385.81,
            406.55,
            466.97,
            427.72,
            514.11,
            389.94,
            412.24,
            398.61,
            507.15,
            426.8,
            null,
            510.73,
            412.18
        ],
        [
            505.34,
            467.05,
            508.98,
            435.89,
            427.2,
            505.92,
            478.66,
            461.73,
            445.84,
            392.62,
            495.95,
            421.5,
            411.34,
            503.0,
            463.96,
            439.18,
            508.78,
            512.9,
            null,
            505.78
        ],
        [
            430.5,
            477.94,
            427.17,
            409.55,
            457.36,
            430.3,
            399.55,
            455.31,
            431.81,
            412.21,
            448.47,
            439.71,
            493.56,
            511.64,
            419.4,
            487.7,
            387.98,
            467.23,
            469.63,
            null
        ]
    ],
    "tempos_processamento": [
        4550.43,
        4619.0,
        4472.65,
        4769.65,
        4555.43,
        4289.28,
        4735.76,
        4267.04,
        4316.22,
        4458.48,
        4555.04,
        4580.48,
        4418.19,
        4734.02,
        4555.07,
        4302.95,
        4759.76,
        4372.3,
        4305.96,
        4568.97
    ],
    "ready_times": [
        25545.16,
        35328.36,
        35226.07,
        0.0,
        21365.25,
        42491.16,
        4387.8,
        25027.11,
        6850.65,
        36082.89,
        26361.39,
        41035.11,
        20413.0,
        629.82,
        10066.73,
        32310.08,
        30697.96,
        37656.71,
        9172.09,
        17800.33
    ]
}