{
    "configuracao": {
        "codigo_cenario": "HLHHLLH",
        "nivel_ready_time": "alta",
        "variabilidade_processamento": "baixa",
        "media_processamento": "alta",
        "estrutura_setup": "assimetrica",
        "variabilidade_setup": "baixa",
        "n_maquinas": 2,
        "n_medio_jobs_maquina": 10,
        "n_jobs": 20
    },
    "matriz_setup": [
        [
            null,
            447.07,
            481.37,
            512.62,
            412.12,
            505.36,
            426.38,
            445.58,
            446.84,
            469.87,
            454.04,
            466.78,
            445.61,
            396.68,
            389.01,
            388.65,
            484.63,
            498.84,
            418.48,
            477.23
        ],
        [
            488.72,
            null,
            463.65,
            514.25,
            456.69,
            468.09,
            405.83,
            451.45,
            430.79,
            493.16,
            452.46,
            449.3,
            450.02,
            469.81,
            504.38,
            470.02,
            429.25,
            404.21,
            393.86,
            461.03
        ],
        [
            485.33,
            438.35,
            null,
            421.03,
            455.64,
            453.33,
            413.79,
            498.22,
            485.77,
            401.63,
            430.12,
            461.97,
            425.79,
            476.52,
            494.28,
            483.27,
            397.21,
            462.54,
            505.94,
            409.38
        ],
        [
            442.07,
            512.74,
            473.09,
            null,
            504.63,
            512.22,
            465.54,
            465.28,
            496.0,
            428.02,
            450.49,
            430.04,
            489.0,
            502.93,
            425.13,
            445.39,
            434.21,
            501.5,
            395.23,
            478.47
        ],
        [
            468.96,
            488.97,
            453.59,
            468.24,
            null,
            427.5,
            491.91,
            487.51,
            392.67,
            425.46,
            444.23,
            510.97,
            459.41,
            406.29,
            456.45,
            448.72,
            405.74,
            420.22,
            443.21,
            462.83
        ],
        [
            418.9,
            482.34,
            481.53,
            490.76,
            402.35,
            null,
            472.97,
            405.88,
            474.45,
            405.5,
            467.26,
            401.75,
            446.53,
            449.11,
            471.85,
            420.87,
            481.78,
            391.02,
            493.68,
            483.31
        ],
        [
            419.32,
            495.24,
            390.17,
            395.1,
            387.45,
            435.97,
            null,
            467.42,
            417.77,
            431.79,
            510.94,
            513.59,
            411.08,
            476.47,
            485.11,
            400.46,
            426.19,
            420.28,
            437.97,
            491.07
        ],
        [
            504.97,
            418.77,
            395.76,
            387.3,
            426.67,
            508.64,
            472.69,
            null,
            393.75,
            425.42,
            498.21,
            494.1,
            413.95,
            418.32,
            465.45,
            437.65,
            497.54,
            434.9,
            417.47,
            393.13
        ],
        [
            440.25,
            497.42,
            457.52,
            500.21,
            425.55,
            430.67,
            509.14,
            473.48,
            null,
            408.03,
            463.65,
            432.65,
            444.3,
            453.26,
            435.3,
            514.36,
            480.68,
            468.11,
            457.04,
            493.6
        ],
        [
            474.8,
            397.75,
            474.84,
            425.53,
            421.07,
            479.98,
            421.94,
            396.01,
            513.19,
            null,
            502.79,
            392.6,
            421.13,
            397.58,
            439.8,
            391.09,
            489.13,
            511.94,
            402.93,
            492.8
        ],
        [
            448.88,
            399.92,
            480.0,
            501.19,
            467.88,
            491.49,
            443.69,
            473.81,
            461.06,
            394.47,
            null,
            500.79,
            439.95,
            424.57,
            391.6,
            400.23,
            448.46,
            471.19,
            464.71,
            470.23
        ],
        [
            440.67,
            457.44,
            410.54,
            473.29,
            514.9,
            460.83,
            467.57,
            428.87,
            502.21,
            439.28,
            486.92,
            null,
            436.3,
            430.47,
            508.02,
            398.84,
            452.36,
            512.16,
            425.48,
            507.64
        ],
        [
            474.14,
            443.48,
            419.24,
            409.24,
            500.42,
            430.85,
            440.5,
            489.15,
            440.55,
            392.58,
            453.43,
            480.85,
            null,
            411.36,
            492.04,
            507.13,
            397.63,
            479.43,
            420.63,
            413.6
        ],
        [
            504.31,
            427.12,
            456.31,
            450.25,
            507.44,
            472.75,
            456.22,
            442.12,
            388.96,
            465.82,
            480.13,
            463.23,
            464.65,
            null,
            400.51,
            479.6,
            427.13,
            487.7,
            409.6,
            482.08
        ],
        [
            453.31,
            397.25,
            502.07,
            460.4,
            512.49,
            425.24,
            483.45,
            475.82,
            479.13,
            481.83,
            418.77,
            397.28,
            417.83,
            452.14,
            null,
            419.32,
            438.68,
            479.49,
            421.94,
            410.13
        ],
        [
            469.66,
            471.13,
            395.22,
            497.24,
            490.1,
            417.0,
            435.63,
            486.93,
            386.53,
            405.95,
            484.15,
            434.6,
            497.45,
            484.91,
            490.5,
            null,
            428.42,
            453.16,
            407.14,
            395.47
        ],
        [
            510.99,
            433.76,
            447.26,
            470.84,
            400.31,
            455.47,
            397.05,
            441.22,
            429.88,
            432.85,
            512.93,
            416.49,
            486.42,
            444.49,
            462.85,
            416.06,
            null,
            503.5,
            391.54,
            495.49
        ],
        [
            505.29,
            491.19,
            406.84,
            469.15,
            397.19,
            415.62,
            419.25,
            424.21,
            436.42,
            419.67,
            413.68,
            487.51,
            498.26,
            392.31,
            423.15,
            510.59,
            484.29,
            null,
            426.31,
            390.37
        ],
        [
            512.01,
            406.47,
            464.59,
            466.47,
            386.84,
            398.8,
            391.14,
            500.19,
            482.71,
            492.49,
            492.23,
            445.6,
            447.76,
            480.82,
            487.27,
            506.37,
            416.06,
            505.21,
            null,
            464.87
        ],
        [
            431.62,
            468.9,
            410.17,
            464.21,
            487.82,
            472.61,
            498.01,
            448.57,
            492.07,
            423.21,
            443.52,
            415.23,
            405.08,
            499.7,
            427.84,
            489.13,
            478.87,
            403.42,
            448.44,
            null
        ]
    ],
    "tempos_processamento": [
        4494.01,
        4266.87,
        4546.12,
        4519.62,
        4688.47,
        4632.51,
        4691.61,
        4550.7,
        4541.66,
        4750.09,
        4584.75,
        4299.82,
        4309.05,
        4453.66,
        4304.93,
        4266.34,
        4392.13,
        4691.32,
        4240.14,
        4722.47
    ],
    "ready_times": [
        7570.6,
        13199.17,
        1734.28,
        40890.06,
        32755.12,
        19214.02,
        22416.0,
        13126.09,
        28825.97,
        29105.92,
        2914.69,
        21636.36,
        0.0,
        14640.92,
        5026.94,
        17004.31,
        38216.69,
        15187.05,
        31822.45,
        14172.17
    ]
}