{
    "configuracao": {
        "codigo_cenario": "HLHHLLH",
        "nivel_ready_time": "alta",
        "variabilidade_processamento": "baixa",
        "media_processamento": "alta",
        "estrutura_setup": "assimetrica",
        "variabilidade_setup": "baixa",
        "n_maquinas": 2,
        "n_medio_jobs_maquina": 10,
        "n_jobs": 20
    },
    "matriz_setup": [
        [
            null,
            396.25,
            388.56,
            446.6,
            458.48,
            401.23,
            477.71,
            418.65,
            480.54,
            501.7,
            421.58,
            408.58,
            503.02,
            499.01,
            473.75,
            505.4,
            483.53,
            497.55,
            508.72,
            462.12
        ],
        [
            446.63,
            null,
            453.05,
            453.72,
            473.01,
            419.73,
            471.99,
            439.61,
            449.75,
            503.07,
            492.29,
            478.99,
            501.03,
            467.79,
            468.99,
            455.45,
            503.95,
            414.43,
            507.88,
            506.7
        ],
        [
            458.2,
            436.88,
            null,
            437.43,
            487.34,
            457.6,
            485.52,
            459.81,
            463.01,
            508.42,
            486.87,
            449.79,
            457.99,
            474.58,
            448.09,
            479.55,
            418.32,
            399.63,
            401.33,
            440.97
        ],
        [
            418.05,
            443.89,
            509.95,
            null,
            465.86,
            475.27,
            481.04,
            439.82,
            412.98,
            494.58,
            414.37,
            451.75,
            454.75,
            441.44,
            502.24,
            446.55,
            418.87,
            449.16,
            455.23,
            472.36
        ],
        [
            460.35,
            411.64,
            401.12,
            425.85,
            null,
            458.5,
            444.38,
            445.12,
            495.96,
            412.61,
            398.35,
            435.52,
            448.04,
            471.79,
            403.44,
            387.79,
            408.16,
            503.36,
            468.86,
            385.91
        ],
        [
            497.63,
            390.12,
            505.62,
            404.26,
            490.42,
            null,
            505.51,
            412.77,
            427.46,
            402.97,
            428.76,
            387.54,
            466.0,
            456.63,
            451.23,
            480.2,
            389.84,
            440.37,
            508.98,
            471.54
        ],
        [
            483.08,
            422.52,
            466.93,
            399.25,
            474.94,
            506.08,
            null,
            432.36,
            496.74,
            501.08,
            480.16,
            449.41,
            445.09,
            453.08,
            454.56,
            483.85,
            389.57,
            482.53,
            509.37,
            427.53
        ],
        [
            450.75,
            496.79,
            443.79,
            463.58,
            454.97,
            481.06,
            393.68,
            null,
            403.59,
            413.58,
            437.38,
            477.11,
            463.36,
            399.86,
            428.21,
            413.46,
            440.79,
            507.62,
            443.16,
            424.17
        ],
        [
            439.88,
            503.09,
            457.1,
            468.59,
            394.89,
            404.29,
            422.72,
            473.8,
            null,
            434.95,
            499.31,
            462.05,
            410.5,
            457.7,
            386.45,
            467.99,
            483.65,
            513.65,
            424.69,
            411.61
        ],
        [
            409.85,
            498.61,
            492.8,
            475.16,
            410.36,
            468.17,
            471.51,
            425.94,
            463.68,
            null,
            469.47,
            500.08,
            503.53,
            400.73,
            464.72,
            499.19,
            429.34,
            497.45,
            498.24,
            510.65
        ],
        [
            461.2,
            456.43,
            449.73,
            398.17,
            512.75,
            448.73,
            474.54,
            509.89,
            481.19,
            493.87,
            null,
            445.9,
            418.74,
            444.56,
            391.32,
            486.24,
            436.01,
            491.96,
            443.46,
            504.23
        ],
        [
            512.1,
            393.2,
            447.51,
            511.0,
            488.64,
            426.9,
            512.96,
            425.56,
            469.94,
            456.12,
            464.4,
            null,
            411.1,
            456.68,
            467.09,
            458.42,
            504.93,
            412.38,
            411.02,
            438.13
        ],
        [
            506.81,
            490.63,
            509.79,
            438.04,
            505.43,
            457.77,
            415.04,
            450.45,
            482.48,
            398.25,
            465.7,
            428.33,
            null,
            470.48,
            479.56,
            423.62,
            461.65,
            466.34,
            490.05,
            403.14
        ],
        [
            416.5,
            460.32,
            430.31,
            400.82,
            389.48,
            385.3,
            499.88,
            505.13,
            482.68,
            416.49,
            413.25,
            469.62,
            417.46,
            null,
            500.34,
            469.54,
            430.7,
            458.42,
            462.02,
            386.61
        ],
        [
            462.42,
            411.45,
            505.99,
            432.03,
            453.26,
            486.68,
            447.72,
            391.71,
            507.54,
            486.08,
            421.42,
            430.74,
            509.53,
            462.29,
            null,
            410.15,
            468.93,
            386.14,
            494.88,
            429.91
        ],
        [
            423.11,
            447.22,
            513.25,
            412.34,
            399.72,
            474.32,
            412.19,
            458.27,
            471.93,
            474.74,
            512.49,
            479.43,
            478.78,
            475.05,
            427.67,
            null,
            415.36,
            498.15,
            450.6,
            433.84
        ],
        [
            398.28,
            389.49,
            486.37,
            447.89,
            512.25,
            424.75,
            474.93,
            458.96,
            412.92,
            433.67,
            428.26,
            470.27,
            424.9,
            466.54,
            452.42,
            426.23,
            null,
            482.33,
            470.37,
            491.56
        ],
        [
            501.28,
            414.75,
            419.32,
            490.92,
            503.29,
            456.5,
            494.1,
            491.75,
            451.51,
            386.94,
            420.8,
            394.49,
            457.67,
            396.8,
            397.62,
            502.34,
            498.42,
            null,
            510.63,
            456.44
        ],
        [
            416.12,
            452.43,
            442.88,
            465.44,
            396.31,
            398.44,
            440.21,
            481.68,
            500.81,
            460.3,
            428.5,
            392.23,
            390.72,
            441.64,
            433.76,
            404.97,
            421.76,
            464.39,
            null,
            446.39
        ],
        [
            493.58,
            445.87,
            501.75,
            458.27,
            441.51,
            510.5,
            401.07,
            483.2,
            510.77,
            512.99,
            449.58,
            418.04,
            449.1,
            507.31,
            485.75,
            421.53,
            397.52,
            503.99,
            445.68,
            null
        ]
    ],
    "tempos_processamento": [
        4389.26,
        4487.65,
        4241.64,
        4327.99,
        4285.28,
        4380.92,
        4538.77,
        4249.43,
        4565.65,
        4405.89,
        4423.53,
        4640.55,
        4709.67,
        4565.34,
        4326.33,
        4545.17,
        4757.49,
        4395.58,
        4747.74,
        4637.65
    ],
    "ready_times": [
        30939.65,
        30921.01,
        19715.5,
        40844.45,
        39923.57,
        15843.73,
        40632.84,
        14739.97,
        16101.33,
        8664.31,
        36980.78,
        0.0,
        25334.56,
        41196.07,
        29124.58,
        37689.63,
        21276.04,
        30309.52,
        19366.48,
        41176.52
    ]
}