{
    "configuracao": {
        "codigo_cenario": "HLHHLLH",
        "nivel_ready_time": "alta",
        "variabilidade_processamento": "baixa",
        "media_processamento": "alta",
        "estrutura_setup": "assimetrica",
        "variabilidade_setup": "baixa",
        "n_maquinas": 2,
        "n_medio_jobs_maquina": 10,
        "n_jobs": 20
    },
    "matriz_setup": [
        [
            null,
            494.85,
            447.92,
            409.64,
            442.27,
            392.48,
            409.27,
            450.01,
            433.35,
            479.47,
            416.89,
            512.45,
            488.28,
            472.67,
            493.5,
            497.86,
            503.18,
            403.12,
            422.56,
            416.59
        ],
        [
            406.09,
            null,
            444.47,
            424.59,
            413.93,
            442.73,
            428.75,
            422.97,
            441.51,
            440.79,
            407.87,
            437.61,
            438.11,
            482.44,
            390.06,
            496.56,
            480.75,
            397.32,
            409.04,
            430.11
        ],
        [
            480.12,
            477.66,
            null,
            482.24,
            388.79,
            473.65,
            412.06,
            438.19,
            490.78,
            438.81,
            484.52,
            471.96,
            387.49,
            505.54,
            419.58,
            434.63,
            412.19,
            512.59,
            510.25,
            478.95
        ],
        [
            426.81,
            408.85,
            472.06,
            null,
            401.19,
            392.18,
            487.35,
            431.23,
            390.05,
            454.27,
            468.29,
            463.47,
            460.53,
            501.34,
            446.2,
            425.58,
            440.55,
            409.92,
            489.84,
            466.3
        ],
        [
            412.56,
            441.45,
            511.96,
            461.8,
            null,
            403.36,
            481.61,
            484.1,
            410.28,
            455.16,
            448.67,
            424.08,
            449.15,
            405.52,
            465.65,
            442.86,
            502.11,
            508.11,
            512.98,
            439.97
        ],
        [
            440.35,
            426.87,
            386.26,
            423.66,
            423.97,
            null,
            409.6,
            442.46,
            457.38,
            494.58,
            474.57,
            429.8,
            450.42,
            497.87,
            424.51,
            507.08,
            443.31,
            388.58,
            396.35,
            469.39
        ],
        [
            486.86,
            459.53,
            434.69,
            437.22,
            473.61,
            489.9,
            null,
            420.15,
            471.48,
            473.62,
            442.84,
            489.84,
            441.26,
            399.76,
            386.48,
            440.65,
            392.21,
            420.41,
            390.21,
            407.21
        ],
        [
            482.58,
            469.51,
            509.12,
            506.52,
            479.3,
            499.49,
            424.88,
            null,
            499.21,
            423.05,
            408.35,
            466.61,
            449.01,
            471.23,
            405.58,
            452.99,
            397.4,
            418.74,
            389.05,
            455.52
        ],
        [
            413.06,
            474.06,
            453.55,
            479.84,
            402.87,
            485.74,
            478.2,
            437.81,
            null,
            492.58,
            505.44,
            477.05,
            453.22,
            412.93,
            462.43,
            510.21,
            417.02,
            449.41,
            475.28,
            436.77
        ],
        [
            460.92,
            447.26,
            452.51,
            481.8,
            489.6,
            418.76,
            486.22,
            513.15,
            408.33,
            null,
            402.3,
            452.67,
            403.77,
            419.24,
            475.92,
            424.07,
            490.43,
            430.26,
            425.69,
            504.99
        ],
        [
            474.36,
            468.58,
            501.99,
            436.3,
            430.74,
            395.62,
            474.86,
            391.48,
            411.86,
            441.86,
            null,
            500.58,
            441.74,
            409.45,
            498.78,
            394.59,
            420.25,
            395.72,
            451.65,
            487.7
        ],
        [
            493.97,
            488.49,
            424.27,
            447.92,
            414.35,
            465.44,
            391.35,
            504.25,
            418.68,
            392.7,
            511.05,
            null,
            395.18,
            398.39,
            441.98,
            461.26,
            385.27,
            385.84,
            437.53,
            497.76
        ],
        [
            476.47,
            394.06,
            386.44,
            468.68,
            455.6,
            464.02,
            441.22,
            436.97,
            502.93,
            471.59,
            501.14,
            501.08,
            null,
            424.81,
            444.04,
            487.21,
            450.02,
            437.49,
            513.95,
            508.56
        ],
        [
            500.67,
            423.52,
            458.7,
            482.09,
            473.08,
            467.26,
            475.44,
            462.39,
            435.97,
            461.22,
            501.65,
            497.06,
            404.57,
            null,
            509.09,
            441.27,
            454.31,
            474.85,
            468.04,
            477.46
        ],
        [
            435.84,
            405.98,
            402.74,
            443.96,
            471.59,
            417.99,
            444.56,
            388.71,
            430.92,
            441.93,
            499.62,
            388.61,
            399.08,
            445.36,
            null,
            408.0,
            508.39,
            454.58,
            465.37,
            512.04
        ],
        [
            474.16,
            406.61,
            504.46,
            418.96,
            501.6,
            480.49,
            482.77,
            508.24,
            425.04,
            477.37,
            417.21,
            422.19,
            466.99,
            513.16,
            485.07,
            null,
            450.99,
            496.99,
            442.03,
            476.91
        ],
        [
            414.13,
            464.88,
            428.98,
            467.11,
            472.73,
            470.16,
            424.65,
            407.58,
            496.8,
            407.27,
            393.84,
            510.75,
            409.44,
            472.43,
            415.2,
            458.41,
            null,
            404.97,
            437.16,
            426.56
        ],
        [
            464.71,
            493.33,
            461.67,
            490.91,
            484.16,
            454.97,
            496.63,
            502.13,
            437.57,
            501.93,
            405.76,
            418.39,
            505.71,
            443.75,
            455.71,
            499.76,
            399.86,
            null,
            462.27,
            470.78
        ],
        [
            457.97,
            409.99,
            462.13,
            476.59,
            437.83,
            505.03,
            398.49,
            503.75,
            445.74,
            491.57,
            428.84,
            406.06,
            459.75,
            406.24,
            389.5,
            453.13,
            485.55,
            433.66,
            null,
            391.7
        ],
        [
            484.36,
            390.47,
            413.71,
            489.97,
            509.83,
            458.29,
            480.76,
            400.53,
            440.1,
            473.99,
            386.4,
            432.68,
            476.24,
            510.75,
            454.17,
            404.36,
            496.32,
            389.79,
            461.51,
            null
        ]
    ],
    "tempos_processamento": [
        4387.08,
        4504.3,
        4524.81,
        4748.97,
        4539.12,
        4487.33,
        4748.05,
        4571.0,
        4650.22,
        4720.13,
        4276.07,
        4520.12,
        4667.63,
        4692.68,
        4740.72,
        4318.63,
        4309.83,
        4352.74,
        4505.74,
        4481.27
    ],
    "ready_times": [
        39065.56,
        12358.22,
        40737.89,
        30132.2,
        29440.7,
        16970.06,
        0.0,
        35163.62,
        11676.45,
        4912.33,
        39515.41,
        29919.74,
        15254.19,
        12201.38,
        14936.78,
        9962.5,
        40682.94,
        21920.02,
        41959.0,
        16277.87
    ]
}