{
    "configuracao": {
        "codigo_cenario": "HLHHLLH",
        "nivel_ready_time": "alta",
        "variabilidade_processamento": "baixa",
        "media_processamento": "alta",
        "estrutura_setup": "assimetrica",
        "variabilidade_setup": "baixa",
        "n_maquinas": 2,
        "n_medio_jobs_maquina": 10,
        "n_jobs": 20
    },
    "matriz_setup": [
        [
            null,
            450.1,
            425.54,
            503.6,
            453.62,
            398.52,
            434.91,
            469.06,
            413.73,
            396.99,
            412.3,
            454.0,
            498.57,
            404.55,
            463.47,
            427.06,
            409.42,
            430.06,
            419.6,
            410.23
        ],
        [
            483.26,
            null,
            436.31,
            462.5,
            396.24,
            492.05,
            462.87,
            484.07,
            499.77,
            476.01,
            506.89,
            468.43,
            421.29,
            449.95,
            462.64,
            509.13,
            411.83,
            505.97,
            420.27,
            498.99
        ],
        [
            422.34,
            433.57,
            null,
            438.48,
            439.45,
            421.14,
            479.38,
            437.62,
            449.58,
            440.9,
            502.62,
            438.91,
            481.14,
            489.38,
            490.33,
            425.18,
            437.87,
            425.7,
            486.76,
            488.24
        ],
        [
            421.0,
            390.94,
            483.62,
            null,
            422.84,
            439.48,
            510.01,
            464.53,
            504.55,
            481.62,
            511.47,
            468.83,
            411.36,
            503.99,
            510.69,
            402.81,
            399.75,
            513.72,
            459.54,
            507.68
        ],
        [
            487.56,
            399.8,
            415.42,
            453.96,
            null,
            410.77,
            502.6,
            427.01,
            410.66,
            465.28,
            403.61,
            506.69,
            488.76,
            479.72,
            387.04,
            446.75,
            447.18,
            435.04,
            500.05,
            395.58
        ],
        [
            414.5,
            493.16,
            406.78,
            434.94,
            397.78,
            null,
            431.84,
            419.54,
            492.01,
            440.11,
            467.25,
            461.68,
            412.51,
            426.28,
            392.73,
            460.17,
            390.62,
            479.08,
            437.43,
            505.09
        ],
        [
            394.98,
            505.26,
            423.36,
            407.64,
            410.12,
            472.16,
            null,
            509.11,
            472.92,
            479.82,
            453.01,
            408.19,
            485.03,
            491.13,
            467.06,
            471.22,
            402.99,
            426.14,
            481.84,
            422.53
        ],
        [
            461.47,
            481.36,
            490.57,
            451.15,
            416.39,
            458.7,
            399.02,
            null,
            463.95,
            491.82,
            415.18,
            465.42,
            412.06,
            467.09,
            440.2,
            418.72,
            456.72,
            452.12,
            490.49,
            396.81
        ],
        [
            441.6,
            470.84,
            438.46,
            421.51,
            459.41,
            415.52,
            442.81,
            460.65,
            null,
            415.65,
            418.33,
            419.58,
            513.32,
            482.33,
            495.24,
            404.04,
            495.09,
            494.56,
            432.77,
            499.93
        ],
        [
            457.82,
            428.8,
            501.96,
            451.74,
            458.81,
            509.64,
            385.3,
            430.31,
            411.82,
            null,
            408.93,
            417.87,
            401.3,
            445.09,
            416.02,
            437.62,
            450.21,
            483.91,
            449.34,
            422.67
        ],
        [
            502.03,
            436.67,
            468.63,
            473.59,
            486.74,
            434.51,
            498.96,
            513.16,
            457.81,
            413.93,
            null,
            486.07,
            397.01,
            447.84,
            513.74,
            507.84,
            458.84,
            390.43,
            413.9,
            450.65
        ],
        [
            484.8,
            489.34,
            463.52,
            472.92,
            438.42,
            393.62,
            492.98,
            405.99,
            389.35,
            443.93,
            479.09,
            null,
            399.09,
            470.81,
            396.3,
            407.41,
            432.02,
            503.6,
            496.92,
            420.96
        ],
        [
            404.83,
            452.4,
            459.65,
            468.9,
            503.82,
            415.67,
            426.94,
            419.67,
            455.28,
            447.03,
            461.31,
            447.92,
            null,
            494.84,
            480.54,
            501.37,
            411.01,
            496.56,
            466.18,
            500.34
        ],
        [
            415.33,
            503.11,
            495.25,
            386.55,
            492.66,
            387.27,
            441.4,
            393.42,
            507.71,
            466.7,
            418.01,
            463.61,
            472.92,
            null,
            473.41,
            450.8,
            424.09,
            446.17,
            495.65,
            444.4
        ],
        [
            399.29,
            460.31,
            439.4,
            439.27,
            499.7,
            496.81,
            419.48,
            509.7,
            479.83,
            501.74,
            502.92,
            453.0,
            429.37,
            390.88,
            null,
            423.24,
            405.28,
            485.94,
            511.64,
            413.1
        ],
        [
            485.03,
            426.2,
            488.95,
            438.65,
            504.83,
            419.5,
            425.94,
            389.06,
            511.69,
            391.0,
            440.8,
            429.01,
            501.26,
            508.1,
            468.24,
            null,
            431.6,
            463.22,
            461.06,
            410.19
        ],
        [
            513.34,
            463.08,
            454.27,
            422.72,
            397.65,
            447.08,
            443.1,
            449.07,
            412.52,
            436.12,
            390.16,
            463.18,
            468.01,
            459.66,
            445.41,
            471.07,
            null,
            394.58,
            456.32,
            485.17
        ],
        [
            468.45,
            386.13,
            394.18,
            423.03,
            466.66,
            431.7,
            438.48,
            411.23,
            471.55,
            431.47,
            443.72,
            403.87,
            479.48,
            476.71,
            423.16,
            513.09,
            480.3,
            null,
            405.34,
            497.4
        ],
        [
            472.46,
            402.02,
            489.27,
            402.35,
            494.78,
            502.59,
            445.57,
            470.92,
            399.04,
            426.76,
            439.27,
            421.3,
            496.97,
            406.25,
            435.89,
            446.19,
            412.9,
            404.67,
            null,
            493.82
        ],
        [
            436.61,
            404.57,
            487.22,
            501.33,
            414.48,
            406.54,
            404.13,
            496.69,
            450.17,
            436.9,
            447.59,
            428.37,
            465.96,
            395.19,
            465.33,
            386.49,
            467.73,
            398.15,
            440.71,
            null
        ]
    ],
    "tempos_processamento": [
        4438.29,
        4761.35,
        4295.79,
        4674.03,
        4246.6,
        4380.55,
        4463.02,
        4338.75,
        4337.25,
        4697.72,
        4291.12,
        4678.29,
        4359.54,
        4423.52,
        4461.5,
        4705.5,
        4752.88,
        4303.83,
        4713.38,
        4701.77
    ],
    "ready_times": [
        29088.5,
        13875.51,
        32140.14,
        26492.66,
        8777.85,
        15218.81,
        14559.06,
        30561.25,
        43426.28,
        4834.56,
        3182.62,
        0.0,
        4692.06,
        1279.07,
        19677.45,
        18924.01,
        687.84,
        36173.56,
        16839.88,
        43277.06
    ]
}