{
    "configuracao": {
        "codigo_cenario": "HLLHHHL",
        "nivel_ready_time": "alta",
        "variabilidade_processamento": "baixa",
        "media_processamento": "baixa",
        "estrutura_setup": "assimetrica",
        "variabilidade_setup": "alta",
        "n_maquinas": 10,
        "n_medio_jobs_maquina": 3,
        "n_jobs": 30
    },
    "matriz_setup": [
        [
            null,
            366.81,
            458.92,
            527.21,
            558.03,
            437.17,
            357.13,
            338.42,
            323.9,
            360.48,
            402.73,
            439.02,
            518.88,
            382.83,
            547.31,
            561.43,
            413.56,
            369.14,
            420.29,
            515.98,
            531.49,
            418.36,
            434.28,
            383.57,
            416.89,
            413.78,
            536.78,
            431.42,
            523.34,
            563.27
        ],
        [
            323.97,
            null,
            446.45,
            515.74,
            329.47,
            325.46,
            517.46,
            555.86,
            421.86,
            436.03,
            380.62,
            542.77,
            532.04,
            485.46,
            575.01,
            520.65,
            336.69,
            490.27,
            457.18,
            409.95,
            537.64,
            465.93,
            353.92,
            560.49,
            347.11,
            336.03,
            365.18,
            549.8,
            374.15,
            372.89
        ],
        [
            484.21,
            463.38,
            null,
            364.5,
            494.23,
            334.56,
            456.24,
            468.04,
            378.89,
            565.61,
            534.37,
            489.45,
            412.21,
            571.83,
            469.12,
            376.95,
            498.84,
            366.68,
            433.54,
            440.35,
            482.1,
            464.7,
            367.57,
            519.88,
            555.25,
            358.79,
            417.44,
            569.08,
            537.46,
            511.15
        ],
        [
            533.27,
            371.17,
            493.7,
            null,
            439.02,
            394.34,
            473.13,
            500.34,
            342.7,
            343.64,
            331.03,
            332.22,
            335.3,
            506.04,
            323.27,
            385.73,
            377.25,
            366.77,
            343.16,
            368.95,
            558.51,
            472.12,
            537.83,
            438.61,
            320.93,
            349.88,
            382.37,
            321.62,
            531.99,
            333.06
        ],
        [
            344.06,
            441.86,
            486.44,
            429.34,
            null,
            576.09,
            512.51,
            371.43,
            352.32,
            383.8,
            573.14,
            324.02,
            407.56,
            383.19,
            483.68,
            525.92,
            566.48,
            499.85,
            395.65,
            353.09,
            344.98,
            508.23,
            404.21,
            325.73,
            443.48,
            553.96,
            403.15,
            380.5,
            430.74,
            454.79
        ],
        [
            509.85,
            357.48,
            325.22,
            352.94,
            448.18,
            null,
            578.99,
            500.55,
            379.04,
            334.54,
            505.98,
            534.36,
            525.19,
            459.01,
            479.75,
            515.72,
            555.84,
            466.24,
            527.89,
            474.91,
            337.71,
            546.75,
            366.87,
            494.9,
            482.43,
            524.35,
            504.37,
            341.38,
            509.55,
            412.03
        ],
        [
            443.24,
            367.13,
            372.9,
            328.37,
            480.91,
            401.75,
            null,
            441.76,
            409.12,
            454.12,
            482.14,
            335.36,
            322.13,
            365.33,
            423.9,
            507.47,
            495.96,
            473.94,
            498.14,
            531.53,
            536.47,
            553.81,
            359.21,
            321.14,
            578.16,
            468.75,
            328.72,
            415.89,
            468.77,
            575.31
        ],
        [
            521.5,
            385.9,
            575.89,
            562.89,
            472.51,
            392.48,
            455.94,
            null,
            397.12,
            578.36,
            421.18,
            537.71,
            394.03,
            453.08,
            505.32,
            353.52,
            574.13,
            332.28,
            417.92,
            535.25,
            576.25,
            371.47,
            337.36,
            573.76,
            536.65,
            481.0,
            526.29,
            569.44,
            540.5,
            406.96
        ],
        [
            557.94,
            370.99,
            383.28,
            568.14,
            327.41,
            324.93,
            386.26,
            358.06,
            null,
            340.92,
            515.91,
            419.39,
            336.97,
            503.79,
            549.85,
            394.38,
            496.27,
            411.85,
            433.59,
            358.87,
            534.68,
            421.03,
            515.82,
            507.04,
            545.55,
            398.6,
            520.46,
            351.71,
            381.57,
            577.92
        ],
        [
            438.24,
            439.74,
            487.57,
            335.13,
            391.73,
            488.17,
            514.98,
            495.48,
            355.34,
            null,
            387.65,
            489.41,
            559.29,
            489.74,
            496.04,
            448.01,
            528.01,
            446.81,
            376.33,
            556.11,
            570.26,
            538.91,
            458.89,
            453.28,
            341.36,
            384.74,
            360.37,
            467.15,
            377.02,
            573.88
        ],
        [
            569.24,
            569.57,
            568.73,
            457.89,
            393.59,
            329.45,
            437.54,
            372.16,
            375.56,
            504.35,
            null,
            445.79,
            470.07,
            426.38,
            571.05,
            494.94,
            552.63,
            382.8,
            535.92,
            340.97,
            332.2,
            359.67,
            493.02,
            323.16,
            372.41,
            376.23,
            383.78,
            355.02,
            447.1,
            502.44
        ],
        [
            578.29,
            567.45,
            405.29,
            334.04,
            388.48,
            339.15,
            402.87,
            456.86,
            360.23,
            448.76,
            367.22,
            null,
            575.84,
            324.36,
            549.09,
            471.48,
            575.17,
            455.62,
            471.51,
            537.79,
            544.97,
            571.12,
            474.63,
            532.66,
            410.23,
            446.32,
            564.61,
            412.8,
            425.49,
            418.68
        ],
        [
            325.79,
            430.0,
            535.82,
            359.87,
            554.8,
            479.7,
            472.28,
            539.6,
            407.67,
            353.68,
            439.74,
            447.55,
            null,
            400.45,
            449.9,
            544.58,
            387.21,
            437.23,
            554.59,
            458.37,
            421.77,
            547.44,
            549.91,
            362.94,
            360.45,
            330.0,
            336.97,
            540.59,
            578.43,
            503.62
        ],
        [
            337.83,
            404.49,
            389.92,
            443.67,
            409.95,
            529.84,
            468.09,
            473.19,
            403.96,
            490.52,
            452.16,
            357.66,
            471.65,
            null,
            528.41,
            373.33,
            385.58,
            347.4,
            424.09,
            438.42,
            329.98,
            504.89,
            390.98,
            441.25,
            555.6,
            553.54,
            502.35,
            521.26,
            338.15,
            463.48
        ],
        [
            365.62,
            557.4,
            533.76,
            329.58,
            510.81,
            407.7,
            406.05,
            386.16,
            532.54,
            346.95,
            359.72,
            522.17,
            456.95,
            473.18,
            null,
            466.08,
            569.57,
            407.25,
            533.32,
            521.41,
            413.66,
            458.71,
            324.84,
            320.79,
            552.8,
            498.72,
            551.41,
            489.01,
            338.25,
            462.64
        ],
        [
            330.57,
            490.59,
            371.81,
            548.58,
            457.58,
            553.59,
            374.78,
            573.87,
            474.08,
            533.77,
            463.63,
            497.04,
            538.22,
            463.49,
            465.54,
            null,
            504.74,
            513.16,
            518.27,
            550.89,
            345.47,
            335.51,
            442.21,
            472.84,
            393.52,
            477.47,
            471.8,
            505.05,
            464.6,
            407.07
        ],
        [
            328.47,
            521.46,
            472.28,
            385.23,
            418.21,
            525.35,
            368.0,
            352.0,
            386.29,
            413.1,
            471.17,
            355.7,
            360.77,
            441.22,
            402.58,
            444.71,
            null,
            389.2,
            461.94,
            491.25,
            366.8,
            454.72,
            397.8,
            450.02,
            328.72,
            390.18,
            330.98,
            388.82,
            565.94,
            542.16
        ],
        [
            333.24,
            481.12,
            527.57,
            339.27,
            408.89,
            491.99,
            339.43,
            345.57,
            518.8,
            498.57,
            469.63,
            548.32,
            328.86,
            545.61,
            532.72,
            439.17,
            538.23,
            null,
            523.22,
            348.57,
            323.0,
            403.11,
            404.51,
            459.19,
            377.12,
            442.23,
            371.12,
            478.56,
            428.93,
            551.5
        ],
        [
            571.03,
            340.78,
            528.82,
            435.34,
            502.79,
            469.74,
            432.29,
            487.15,
            462.17,
            578.82,
            498.43,
            424.03,
            427.67,
            446.19,
            529.35,
            536.52,
            517.32,
            499.11,
            null,
            476.61,
            384.46,
            374.9,
            460.5,
            415.22,
            527.43,
            404.94,
            446.05,
            414.06,
            532.58,
            482.14
        ],
        [
            378.83,
            416.52,
            460.7,
            513.26,
            405.97,
            380.88,
            432.74,
            459.3,
            377.63,
            395.06,
            413.82,
            516.64,
            454.08,
            385.18,
            340.98,
            351.96,
            464.42,
            515.3,
            545.14,
            null,
            419.48,
            521.63,
            375.38,
            480.32,
            399.56,
            481.36,
            330.83,
            551.83,
            393.66,
            559.03
        ],
        [
            473.34,
            552.76,
            518.28,
            480.59,
            395.4,
            381.36,
            386.65,
            375.4,
            416.21,
            377.56,
            325.88,
            574.08,
            555.31,
            344.78,
            558.18,
            529.83,
            407.26,
            389.49,
            488.77,
            377.28,
            null,
            431.52,
            389.6,
            509.42,
            402.86,
            443.87,
            456.48,
            372.17,
            473.32,
            391.57
        ],
        [
            349.99,
            470.51,
            397.25,
            549.71,
            498.27,
            485.8,
            476.37,
            499.03,
            492.96,
            539.64,
            467.29,
            395.55,
            529.56,
            541.34,
            368.57,
            571.34,
            389.73,
            382.65,
            566.34,
            410.99,
            368.32,
            null,
            335.1,
            348.14,
            469.73,
            524.47,
            346.81,
            570.24,
            522.33,
            558.92
        ],
        [
            338.86,
            551.77,
            568.78,
            400.03,
            419.45,
            525.66,
            390.43,
            561.84,
            490.78,
            393.89,
            495.7,
            563.11,
            479.85,
            486.57,
            395.3,
            578.28,
            577.99,
            365.99,
            480.03,
            441.01,
            436.25,
            452.72,
            null,
            543.04,
            532.96,
            500.4,
            463.33,
            350.03,
            359.92,
            574.72
        ],
        [
            454.38,
            510.4,
            359.88,
            438.32,
            418.42,
            450.87,
            417.07,
            566.29,
            471.38,
            389.05,
            338.52,
            393.31,
            461.55,
            547.68,
            527.2,
            330.38,
            397.15,
            546.04,
            566.11,
            394.92,
            556.57,
            463.43,
            530.67,
            null,
            388.54,
            541.82,
            411.55,
            364.06,
            379.97,
            504.55
        ],
        [
            414.65,
            383.43,
            320.82,
            519.18,
            391.88,
            400.55,
            406.03,
            400.39,
            574.77,
            556.57,
            547.51,
            416.96,
            475.13,
            336.03,
            324.62,
            538.13,
            515.53,
            395.07,
            417.68,
            572.64,
            503.36,
            508.49,
            547.07,
            480.96,
            null,
            488.31,
            367.57,
            387.62,
            335.57,
            339.23
        ],
        [
            338.83,
            555.82,
            416.12,
            560.55,
            356.97,
            555.13,
            431.57,
            362.7,
            435.32,
            491.1,
            413.53,
            493.39,
            451.97,
            392.74,
            523.61,
            572.56,
            408.62,
            335.26,
            458.84,
            363.8,
            568.08,
            329.67,
            357.35,
            397.99,
            562.49,
            null,
            518.53,
            336.49,
            516.85,
            533.41
        ],
        [
            395.03,
            374.91,
            389.33,
            574.22,
            323.34,
            469.41,
            402.43,
            325.1,
            466.7,
            376.26,
            323.19,
            511.23,
            513.45,
            565.35,
            554.44,
            324.34,
            432.08,
            559.62,
            554.32,
            384.37,
            473.69,
            466.35,
            430.62,
            458.48,
            382.26,
            535.87,
            null,
            535.57,
            325.11,
            339.6
        ],
        [
            382.61,
            338.64,
            397.77,
            342.17,
            506.12,
            531.16,
            438.14,
            558.86,
            576.19,
            516.95,
            519.68,
            484.38,
            545.64,
            505.57,
            424.2,
            424.43,
            554.41,
            548.34,
            350.83,
            538.01,
            391.75,
            472.39,
            535.52,
            351.87,
            401.17,
            337.76,
            526.28,
            null,
            330.46,
            452.63
        ],
        [
            578.91,
            509.8,
            414.3,
            453.2,
            399.19,
            533.52,
            406.17,
            523.52,
            548.76,
            456.36,
            483.95,
            428.67,
            453.3,
            527.63,
            454.45,
            537.87,
            518.53,
            431.06,
            464.71,
            429.95,
            569.14,
            480.2,
            494.09,
            559.11,
            520.07,
            389.1,
            337.56,
            383.67,
            null,
            444.5
        ],
        [
            501.36,
            554.58,
            522.67,
            389.04,
            479.23,
            407.11,
            532.77,
            454.1,
            333.44,
            504.74,
            451.86,
            371.75,
            401.65,
            383.78,
            493.88,
            417.56,
            471.61,
            409.33,
            372.87,
            458.43,
            327.85,
            479.3,
            386.36,
            363.22,
            345.79,
            460.36,
            326.56,
            423.38,
            416.72,
            null
        ]
    ],
    "tempos_processamento": [
        448.72,
        449.17,
        448.77,
        474.29,
        432.48,
        453.69,
        433.19,
        434.26,
        440.7,
        445.54,
        434.72,
        429.09,
        427.38,
        431.3,
        463.72,
        474.67,
        450.2,
        428.54,
        445.24,
        434.7,
        436.24,
        455.94,
        463.69,
        473.59,
        476.25,
        459.17,
        455.3,
        453.47,
        447.89,
        468.13
    ],
    "ready_times": [
        848.76,
        1466.99,
        1483.53,
        819.66,
        788.65,
        538.29,
        840.38,
        338.92,
        622.47,
        1497.53,
        470.1,
        83.46,
        864.8,
        1047.65,
        1695.75,
        1197.98,
        0.0,
        1327.69,
        714.18,
        583.51,
        972.96,
        1584.38,
        990.66,
        996.72,
        1373.57,
        1127.94,
        66.17,
        1019.68,
        291.35,
        1102.64
    ]
}