{
    "configuracao": {
        "codigo_cenario": "HLLHHHL",
        "nivel_ready_time": "alta",
        "variabilidade_processamento": "baixa",
        "media_processamento": "baixa",
        "estrutura_setup": "assimetrica",
        "variabilidade_setup": "alta",
        "n_maquinas": 10,
        "n_medio_jobs_maquina": 3,
        "n_jobs": 30
    },
    "matriz_setup": [
        [
            null,
            570.41,
            409.46,
            440.45,
            441.54,
            480.3,
            388.06,
            508.39,
            504.77,
            441.91,
            410.53,
            449.68,
            463.96,
            416.7,
            323.43,
            411.1,
            377.61,
            557.26,
            451.0,
            567.33,
            491.26,
            500.13,
            357.85,
            546.8,
            543.23,
            514.79,
            353.57,
            539.86,
            519.99,
            367.17
        ],
        [
            335.93,
            null,
            556.29,
            379.55,
            414.31,
            490.82,
            492.65,
            578.81,
            373.16,
            472.75,
            464.01,
            437.96,
            414.29,
            446.1,
            366.42,
            431.87,
            335.54,
            388.8,
            542.97,
            443.51,
            463.14,
            507.35,
            394.71,
            397.31,
            404.86,
            528.46,
            377.32,
            541.53,
            484.95,
            475.24
        ],
        [
            502.84,
            563.81,
            null,
            440.44,
            512.36,
            560.81,
            527.18,
            383.62,
            551.59,
            340.67,
            512.3,
            531.16,
            465.65,
            462.06,
            413.09,
            395.21,
            566.03,
            470.52,
            364.9,
            557.84,
            456.81,
            331.73,
            539.22,
            568.7,
            324.74,
            330.09,
            363.66,
            457.25,
            383.4,
            367.82
        ],
        [
            326.6,
            550.44,
            488.6,
            null,
            525.41,
            478.88,
            518.24,
            564.8,
            502.07,
            523.99,
            398.83,
            417.32,
            495.36,
            362.36,
            398.71,
            493.28,
            333.09,
            482.47,
            456.49,
            496.18,
            336.16,
            530.56,
            386.55,
            510.42,
            444.85,
            523.45,
            457.73,
            437.68,
            476.99,
            555.59
        ],
        [
            530.69,
            511.43,
            349.87,
            403.76,
            null,
            486.01,
            410.41,
            398.81,
            460.78,
            506.63,
            565.32,
            497.43,
            489.32,
            334.14,
            496.11,
            572.95,
            442.19,
            549.36,
            371.6,
            426.17,
            524.66,
            474.69,
            360.04,
            509.51,
            563.34,
            545.68,
            447.47,
            519.41,
            456.45,
            562.97
        ],
        [
            505.99,
            360.67,
            569.91,
            365.46,
            513.3,
            null,
            379.32,
            556.36,
            498.29,
            414.62,
            512.35,
            577.25,
            331.2,
            529.79,
            331.3,
            574.1,
            509.58,
            443.82,
            374.33,
            390.88,
            373.96,
            554.59,
            554.3,
            389.24,
            421.3,
            510.55,
            563.03,
            423.79,
            459.53,
            438.65
        ],
        [
            522.31,
            442.68,
            352.41,
            398.82,
            402.73,
            399.74,
            null,
            506.68,
            322.05,
            421.23,
            329.62,
            427.9,
            348.61,
            350.1,
            467.46,
            576.57,
            437.86,
            324.48,
            369.38,
            468.9,
            502.6,
            488.57,
            546.78,
            446.35,
            541.48,
            443.97,
            391.78,
            565.12,
            367.72,
            515.62
        ],
        [
            336.57,
            490.59,
            394.94,
            539.4,
            375.21,
            427.54,
            467.04,
            null,
            406.72,
            357.61,
            459.16,
            397.01,
            396.53,
            374.39,
            441.07,
            382.37,
            423.28,
            526.11,
            405.89,
            371.99,
            546.27,
            514.62,
            480.47,
            433.98,
            479.24,
            500.81,
            531.33,
            478.2,
            431.86,
            336.75
        ],
        [
            488.92,
            511.8,
            488.91,
            514.43,
            377.59,
            531.59,
            427.16,
            496.9,
            null,
            481.55,
            513.2,
            531.18,
            381.01,
            344.05,
            548.39,
            479.94,
            547.53,
            423.95,
            552.07,
            359.7,
            343.8,
            377.27,
            547.87,
            578.02,
            554.03,
            431.2,
            571.52,
            482.58,
            566.67,
            484.78
        ],
        [
            568.09,
            441.91,
            338.07,
            400.04,
            477.18,
            540.6,
            564.86,
            509.98,
            380.39,
            null,
            455.13,
            445.31,
            322.98,
            542.09,
            454.7,
            500.13,
            352.68,
            406.93,
            470.7,
            403.89,
            321.72,
            345.42,
            329.14,
            555.2,
            488.51,
            351.31,
            320.73,
            560.95,
            361.43,
            399.32
        ],
        [
            437.45,
            370.8,
            428.07,
            423.96,
            443.29,
            388.9,
            409.53,
            374.63,
            426.44,
            377.05,
            null,
            527.48,
            401.77,
            572.84,
            346.6,
            453.1,
            374.24,
            518.82,
            372.96,
            336.25,
            491.28,
            363.06,
            577.55,
            566.7,
            433.44,
            340.56,
            409.15,
            499.83,
            436.62,
            481.12
        ],
        [
            321.55,
            336.96,
            574.51,
            464.54,
            404.09,
            451.28,
            527.34,
            563.9,
            388.38,
            476.27,
            480.58,
            null,
            453.11,
            422.81,
            572.62,
            473.18,
            369.99,
            564.66,
            335.63,
            324.64,
            537.6,
            388.07,
            506.11,
            467.88,
            333.88,
            571.19,
            461.34,
            330.75,
            352.77,
            463.34
        ],
        [
            535.34,
            446.81,
            345.07,
            432.02,
            414.98,
            390.9,
            520.97,
            510.14,
            338.71,
            382.27,
            480.46,
            477.98,
            null,
            403.85,
            498.58,
            343.34,
            404.84,
            351.87,
            391.32,
            441.18,
            481.61,
            419.8,
            374.22,
            529.88,
            513.24,
            539.85,
            467.86,
            519.76,
            327.49,
            543.02
        ],
        [
            326.81,
            342.58,
            463.18,
            433.68,
            460.57,
            325.4,
            464.07,
            324.05,
            461.64,
            396.94,
            362.51,
            365.67,
            337.7,
            null,
            498.18,
            549.38,
            429.38,
            434.46,
            481.87,
            441.61,
            327.88,
            532.95,
            327.54,
            538.58,
            458.34,
            502.13,
            507.18,
            377.1,
            559.45,
            337.26
        ],
        [
            385.04,
            344.47,
            376.37,
            355.0,
            466.15,
            397.85,
            493.52,
            357.83,
            455.49,
            413.85,
            390.82,
            527.18,
            379.96,
            540.6,
            null,
            512.79,
            416.6,
            334.75,
            454.34,
            443.62,
            510.94,
            488.71,
            397.97,
            540.14,
            567.14,
            410.35,
            486.88,
            524.9,
            431.0,
            357.29
        ],
        [
            338.54,
            475.17,
            510.46,
            573.28,
            375.11,
            440.41,
            433.16,
            538.87,
            398.17,
            579.34,
            362.07,
            334.9,
            321.09,
            530.51,
            530.05,
            null,
            440.81,
            420.94,
            512.38,
            543.24,
            551.08,
            476.98,
            574.36,
            433.63,
            477.41,
            528.68,
            526.09,
            332.13,
            357.78,
            328.84
        ],
        [
            447.19,
            562.52,
            419.24,
            449.48,
            389.84,
            424.44,
            470.91,
            540.87,
            412.04,
            448.96,
            477.66,
            399.11,
            344.46,
            367.02,
            341.26,
            429.26,
            null,
            383.05,
            398.58,
            342.69,
            544.1,
            402.71,
            554.33,
            441.92,
            337.45,
            380.47,
            549.06,
            455.27,
            334.09,
            409.17
        ],
        [
            406.96,
            410.8,
            563.55,
            402.94,
            566.42,
            579.41,
            412.83,
            534.31,
            440.92,
            375.74,
            532.71,
            576.3,
            448.71,
            341.32,
            367.45,
            400.08,
            536.23,
            null,
            530.59,
            495.58,
            514.76,
            528.29,
            551.53,
            420.31,
            571.98,
            344.4,
            463.28,
            407.28,
            358.95,
            320.56
        ],
        [
            515.75,
            400.5,
            464.76,
            438.09,
            479.97,
            385.89,
            348.06,
            552.69,
            342.19,
            534.46,
            431.59,
            483.55,
            374.29,
            355.02,
            540.67,
            456.32,
            465.7,
            489.45,
            null,
            553.88,
            566.67,
            429.84,
            483.5,
            499.39,
            432.41,
            498.59,
            350.37,
            374.3,
            445.17,
            534.97
        ],
        [
            330.87,
            377.7,
            559.81,
            359.28,
            500.02,
            423.33,
            489.5,
            561.23,
            322.85,
            415.9,
            421.69,
            494.44,
            525.34,
            501.39,
            401.51,
            410.11,
            426.8,
            554.38,
            323.62,
            null,
            522.8,
            438.79,
            579.46,
            348.85,
            353.64,
            379.82,
            542.37,
            463.87,
            465.34,
            534.31
        ],
        [
            497.55,
            566.24,
            447.25,
            554.9,
            575.16,
            360.58,
            387.46,
            437.3,
            364.99,
            578.28,
            424.9,
            430.11,
            463.23,
            435.93,
            342.52,
            558.74,
            435.97,
            562.45,
            478.64,
            504.3,
            null,
            378.95,
            369.86,
            350.55,
            461.22,
            480.4,
            326.39,
            468.08,
            507.15,
            380.36
        ],
        [
            403.57,
            511.71,
            495.15,
            336.3,
            525.62,
            422.19,
            336.58,
            449.35,
            572.73,
            356.48,
            415.05,
            562.59,
            496.25,
            383.23,
            333.7,
            490.58,
            422.24,
            366.06,
            552.63,
            487.88,
            437.05,
            null,
            478.01,
            325.78,
            489.73,
            490.42,
            354.72,
            440.71,
            406.15,
            382.43
        ],
        [
            565.66,
            565.98,
            432.85,
            556.07,
            465.35,
            441.78,
            531.63,
            523.53,
            456.29,
            488.94,
            342.9,
            572.34,
            389.55,
            510.17,
            446.11,
            523.99,
            547.21,
            393.64,
            439.95,
            345.84,
            382.85,
            387.35,
            null,
            376.63,
            462.27,
            409.7,
            423.59,
            375.38,
            432.78,
            389.12
        ],
        [
            473.64,
            472.93,
            520.1,
            562.72,
            397.22,
            418.6,
            452.32,
            398.5,
            354.25,
            456.37,
            554.57,
            517.06,
            422.46,
            395.79,
            443.62,
            437.51,
            498.17,
            375.37,
            345.46,
            525.1,
            520.34,
            565.77,
            328.1,
            null,
            544.04,
            477.0,
            327.72,
            539.15,
            522.84,
            414.4
        ],
        [
            564.52,
            406.73,
            407.89,
            573.7,
            579.62,
            354.93,
            569.92,
            384.48,
            322.78,
            573.74,
            427.82,
            408.98,
            340.12,
            443.92,
            415.72,
            351.22,
            475.52,
            463.25,
            351.95,
            470.81,
            413.57,
            530.78,
            548.17,
            365.83,
            null,
            514.74,
            465.8,
            379.71,
            527.2,
            530.88
        ],
        [
            364.17,
            336.48,
            343.3,
            522.02,
            555.84,
            571.97,
            514.81,
            477.69,
            445.45,
            571.82,
            475.98,
            338.63,
            365.19,
            354.5,
            478.22,
            399.34,
            510.25,
            539.02,
            503.14,
            426.8,
            551.54,
            566.1,
            352.67,
            566.97,
            475.31,
            null,
            387.4,
            564.53,
            386.64,
            454.36
        ],
        [
            538.69,
            524.05,
            362.99,
            348.28,
            425.12,
            528.74,
            499.57,
            544.67,
            435.03,
            521.81,
            394.15,
            383.36,
            467.24,
            385.74,
            445.89,
            429.55,
            482.11,
            542.78,
            476.34,
            387.51,
            360.0,
            520.23,
            568.63,
            492.62,
            568.83,
            451.21,
            null,
            577.73,
            352.11,
            478.35
        ],
        [
            437.59,
            439.28,
            369.9,
            477.28,
            428.13,
            405.86,
            426.22,
            567.01,
            517.84,
            377.31,
            532.16,
            558.79,
            434.13,
            377.91,
            360.52,
            442.59,
            399.71,
            394.15,
            560.47,
            399.85,
            351.5,
            398.16,
            377.35,
            377.82,
            435.98,
            510.07,
            390.49,
            null,
            405.16,
            322.57
        ],
        [
            479.86,
            375.11,
            424.42,
            564.72,
            549.37,
            361.46,
            415.29,
            355.42,
            385.96,
            526.44,
            520.24,
            464.51,
            382.2,
            475.47,
            506.09,
            503.24,
            386.48,
            326.38,
            503.07,
            506.44,
            546.17,
            499.84,
            375.46,
            349.82,
            439.25,
            441.31,
            398.17,
            529.68,
            null,
            363.71
        ],
        [
            528.6,
            560.01,
            449.85,
            450.27,
            404.17,
            567.95,
            375.58,
            447.74,
            353.1,
            540.06,
            503.99,
            545.87,
            552.27,
            517.27,
            569.64,
            395.44,
            525.5,
            355.63,
            389.32,
            368.91,
            329.43,
            519.31,
            427.63,
            383.08,
            558.91,
            349.94,
            348.08,
            418.98,
            430.17,
            null
        ]
    ],
    "tempos_processamento": [
        436.37,
        473.48,
        455.25,
        447.61,
        444.54,
        464.51,
        436.25,
        450.87,
        458.9,
        467.14,
        454.81,
        456.4,
        446.03,
        440.22,
        423.13,
        425.85,
        452.55,
        434.01,
        451.48,
        434.38,
        441.51,
        472.98,
        442.35,
        466.53,
        457.64,
        438.33,
        455.09,
        447.6,
        468.47,
        476.12
    ],
    "ready_times": [
        897.43,
        1586.35,
        39.28,
        1189.12,
        1295.73,
        35.99,
        1518.82,
        802.56,
        1671.57,
        1761.98,
        896.31,
        1125.73,
        1741.46,
        1586.18,
        305.11,
        1223.52,
        556.86,
        91.58,
        1388.16,
        894.1,
        338.75,
        731.09,
        1499.94,
        1208.2,
        1021.27,
        1120.16,
        0.0,
        1606.17,
        833.5,
        1527.45
    ]
}