{
    "configuracao": {
        "codigo_cenario": "HLLHHHL",
        "nivel_ready_time": "alta",
        "variabilidade_processamento": "baixa",
        "media_processamento": "baixa",
        "estrutura_setup": "assimetrica",
        "variabilidade_setup": "alta",
        "n_maquinas": 10,
        "n_medio_jobs_maquina": 3,
        "n_jobs": 30
    },
    "matriz_setup": [
        [
            null,
            480.44,
            437.47,
            449.94,
            485.91,
            425.25,
            369.07,
            353.74,
            360.13,
            490.08,
            533.75,
            387.79,
            394.74,
            571.64,
            567.21,
            445.13,
            449.11,
            350.52,
            556.19,
            532.48,
            431.99,
            500.42,
            492.4,
            473.55,
            394.15,
            481.12,
            553.01,
            379.53,
            523.06,
            438.78
        ],
        [
            348.06,
            null,
            328.97,
            562.74,
            323.82,
            388.6,
            440.6,
            456.71,
            332.51,
            500.47,
            465.17,
            415.42,
            333.32,
            554.39,
            479.93,
            503.48,
            366.28,
            430.58,
            379.4,
            524.99,
            369.23,
            477.67,
            493.65,
            461.2,
            507.88,
            431.12,
            394.28,
            475.14,
            568.7,
            537.42
        ],
        [
            374.9,
            542.9,
            null,
            379.42,
            504.67,
            458.69,
            434.44,
            320.11,
            520.69,
            570.1,
            564.06,
            476.34,
            467.45,
            575.94,
            494.18,
            480.29,
            540.15,
            368.96,
            381.75,
            573.69,
            411.06,
            425.05,
            432.78,
            486.66,
            427.78,
            498.65,
            349.18,
            422.13,
            473.25,
            367.46
        ],
        [
            407.6,
            518.15,
            494.7,
            null,
            393.75,
            541.81,
            555.56,
            402.58,
            470.14,
            344.45,
            384.86,
            320.93,
            577.05,
            394.36,
            323.76,
            521.03,
            418.71,
            420.2,
            517.88,
            559.58,
            331.02,
            380.35,
            375.3,
            500.06,
            541.38,
            403.16,
            403.79,
            408.69,
            383.44,
            445.48
        ],
        [
            542.19,
            328.99,
            503.97,
            474.36,
            null,
            553.08,
            403.85,
            452.0,
            376.28,
            329.36,
            496.43,
            375.5,
            328.49,
            500.56,
            435.21,
            361.25,
            543.29,
            435.92,
            362.8,
            520.34,
            555.51,
            515.23,
            376.15,
            382.67,
            363.85,
            330.24,
            390.42,
            335.22,
            578.59,
            418.7
        ],
        [
            348.91,
            556.16,
            347.94,
            461.95,
            366.44,
            null,
            399.84,
            557.05,
            477.6,
            467.58,
            432.05,
            334.49,
            390.98,
            440.31,
            373.01,
            527.28,
            324.32,
            540.1,
            473.85,
            472.28,
            331.09,
            390.44,
            357.71,
            396.91,
            539.25,
            462.5,
            399.87,
            409.28,
            443.13,
            487.43
        ],
        [
            453.55,
            363.76,
            536.04,
            446.02,
            576.76,
            530.02,
            null,
            410.01,
            428.24,
            539.2,
            377.44,
            321.66,
            573.56,
            498.74,
            409.84,
            555.85,
            489.75,
            503.04,
            349.54,
            395.86,
            344.33,
            322.32,
            449.54,
            447.15,
            368.84,
            411.51,
            569.0,
            464.28,
            510.33,
            355.42
        ],
        [
            358.71,
            502.96,
            528.59,
            557.61,
            477.78,
            332.75,
            453.36,
            null,
            517.5,
            359.53,
            377.2,
            411.43,
            421.2,
            416.92,
            575.36,
            448.23,
            462.05,
            366.71,
            558.28,
            543.76,
            473.41,
            484.22,
            376.21,
            453.67,
            492.09,
            510.86,
            507.9,
            349.59,
            450.03,
            380.14
        ],
        [
            347.26,
            499.35,
            330.06,
            362.67,
            474.73,
            563.64,
            579.66,
            332.45,
            null,
            488.4,
            456.03,
            420.54,
            390.4,
            553.34,
            501.99,
            447.83,
            395.32,
            515.5,
            520.18,
            532.27,
            500.98,
            501.77,
            456.39,
            532.67,
            440.55,
            547.98,
            508.03,
            381.65,
            561.28,
            501.87
        ],
        [
            571.66,
            461.91,
            363.44,
            501.57,
            470.09,
            472.67,
            469.77,
            439.06,
            443.07,
            null,
            517.34,
            407.08,
            397.68,
            511.12,
            547.84,
            570.56,
            560.0,
            569.9,
            357.34,
            441.0,
            339.04,
            546.9,
            479.85,
            479.5,
            405.47,
            468.34,
            502.2,
            541.13,
            474.21,
            461.87
        ],
        [
            364.57,
            439.66,
            437.91,
            368.5,
            425.28,
            414.61,
            341.23,
            558.61,
            364.68,
            401.54,
            null,
            374.72,
            424.28,
            405.49,
            515.02,
            578.49,
            478.11,
            395.77,
            410.73,
            415.31,
            430.09,
            500.51,
            498.96,
            385.65,
            334.71,
            528.02,
            542.14,
            537.97,
            574.95,
            373.13
        ],
        [
            338.15,
            350.18,
            392.68,
            323.75,
            422.09,
            566.84,
            564.09,
            554.36,
            459.67,
            369.98,
            352.74,
            null,
            545.95,
            457.96,
            544.46,
            413.15,
            540.17,
            535.4,
            475.66,
            358.97,
            377.03,
            469.72,
            434.88,
            461.94,
            517.87,
            475.72,
            371.75,
            567.99,
            476.88,
            330.53
        ],
        [
            511.49,
            500.97,
            387.85,
            483.78,
            544.0,
            386.4,
            433.14,
            472.99,
            431.94,
            570.49,
            471.31,
            500.49,
            null,
            380.77,
            496.86,
            348.77,
            387.98,
            568.8,
            392.49,
            443.68,
            462.76,
            555.2,
            480.19,
            421.13,
            482.4,
            450.39,
            473.19,
            377.95,
            328.5,
            418.6
        ],
        [
            541.96,
            445.84,
            369.27,
            465.0,
            379.04,
            332.3,
            528.4,
            430.12,
            350.17,
            323.02,
            340.25,
            500.33,
            433.22,
            null,
            320.26,
            437.8,
            571.84,
            444.75,
            544.0,
            424.73,
            528.74,
            546.46,
            429.4,
            485.45,
            557.56,
            452.71,
            386.81,
            513.32,
            447.91,
            332.05
        ],
        [
            434.27,
            426.35,
            556.26,
            418.37,
            341.42,
            566.48,
            575.23,
            484.34,
            553.13,
            371.99,
            551.43,
            400.08,
            470.2,
            550.16,
            null,
            381.71,
            419.51,
            489.67,
            345.42,
            537.93,
            334.05,
            517.47,
            452.04,
            429.88,
            484.89,
            479.95,
            340.32,
            487.64,
            554.12,
            413.76
        ],
        [
            383.56,
            545.95,
            365.14,
            511.3,
            481.5,
            377.53,
            498.68,
            572.92,
            328.59,
            439.22,
            384.03,
            397.61,
            521.05,
            346.67,
            443.95,
            null,
            358.81,
            577.89,
            384.03,
            548.45,
            450.05,
            513.85,
            542.79,
            569.03,
            357.29,
            575.16,
            367.96,
            535.3,
            510.6,
            409.84
        ],
        [
            333.54,
            323.22,
            549.21,
            403.47,
            428.74,
            434.22,
            354.09,
            499.15,
            320.59,
            330.03,
            498.12,
            395.53,
            545.62,
            399.71,
            549.63,
            376.62,
            null,
            385.43,
            370.89,
            362.9,
            374.77,
            366.14,
            564.29,
            360.66,
            321.16,
            513.96,
            425.81,
            323.41,
            493.07,
            331.64
        ],
        [
            504.86,
            424.32,
            519.23,
            390.9,
            579.27,
            422.13,
            413.93,
            462.27,
            552.32,
            484.27,
            426.5,
            524.59,
            413.79,
            523.5,
            443.75,
            477.17,
            320.42,
            null,
            480.95,
            357.96,
            444.11,
            369.91,
            453.98,
            463.22,
            422.88,
            441.2,
            489.5,
            385.03,
            506.84,
            459.38
        ],
        [
            439.51,
            451.24,
            532.6,
            400.99,
            428.66,
            523.84,
            374.34,
            549.75,
            346.07,
            531.95,
            322.53,
            505.77,
            438.56,
            387.85,
            503.76,
            490.96,
            393.5,
            538.99,
            null,
            359.02,
            561.68,
            567.19,
            378.69,
            453.0,
            551.32,
            350.44,
            471.93,
            363.83,
            509.6,
            437.57
        ],
        [
            468.09,
            503.2,
            389.56,
            452.46,
            439.27,
            479.45,
            434.56,
            401.48,
            549.75,
            522.52,
            571.14,
            487.29,
            435.27,
            430.27,
            342.54,
            407.96,
            349.79,
            326.36,
            337.78,
            null,
            330.41,
            371.61,
            559.39,
            419.76,
            573.15,
            556.97,
            494.34,
            490.34,
            417.22,
            413.45
        ],
        [
            408.44,
            477.5,
            437.39,
            355.6,
            447.97,
            483.86,
            458.8,
            335.0,
            483.58,
            399.25,
            446.39,
            403.78,
            533.45,
            371.96,
            508.24,
            441.31,
            558.38,
            345.2,
            549.21,
            414.21,
            null,
            329.94,
            384.58,
            513.45,
            475.1,
            507.9,
            337.47,
            342.67,
            539.25,
            474.33
        ],
        [
            411.84,
            567.95,
            408.82,
            463.08,
            500.04,
            470.78,
            370.9,
            493.24,
            360.9,
            522.64,
            320.34,
            558.2,
            522.42,
            532.19,
            488.23,
            402.23,
            370.2,
            385.4,
            437.55,
            368.58,
            540.93,
            null,
            470.57,
            374.96,
            334.87,
            451.35,
            518.78,
            458.28,
            442.99,
            459.44
        ],
        [
            340.88,
            473.94,
            351.03,
            443.03,
            416.29,
            401.24,
            400.17,
            516.61,
            434.86,
            478.03,
            505.63,
            442.01,
            482.91,
            493.7,
            440.81,
            535.83,
            402.63,
            326.64,
            343.07,
            560.34,
            379.79,
            460.05,
            null,
            434.7,
            533.8,
            407.35,
            496.71,
            556.9,
            543.37,
            376.59
        ],
        [
            431.63,
            519.25,
            380.77,
            463.16,
            399.81,
            488.23,
            342.15,
            368.63,
            381.7,
            549.61,
            370.13,
            386.64,
            566.46,
            473.6,
            400.15,
            484.47,
            548.88,
            572.07,
            467.01,
            522.92,
            567.07,
            361.7,
            331.01,
            null,
            510.63,
            379.96,
            350.45,
            342.53,
            556.74,
            325.16
        ],
        [
            394.95,
            473.86,
            440.61,
            545.52,
            365.93,
            329.85,
            464.51,
            561.93,
            474.75,
            398.0,
            397.67,
            513.63,
            444.15,
            397.23,
            453.15,
            450.8,
            332.61,
            450.33,
            453.96,
            559.45,
            370.17,
            537.03,
            482.96,
            489.58,
            null,
            483.38,
            449.09,
            522.27,
            576.48,
            409.81
        ],
        [
            563.78,
            384.46,
            508.09,
            330.09,
            491.7,
            488.53,
            398.51,
            546.44,
            515.18,
            456.76,
            546.7,
            502.1,
            344.42,
            431.41,
            553.04,
            336.27,
            357.48,
            453.25,
            554.6,
            323.34,
            381.49,
            500.05,
            339.87,
            368.73,
            433.44,
            null,
            423.71,
            466.95,
            372.94,
            359.04
        ],
        [
            334.95,
            422.36,
            507.12,
            513.92,
            501.73,
            549.47,
            528.85,
            374.66,
            441.57,
            564.64,
            358.81,
            398.87,
            573.82,
            501.26,
            389.46,
            538.44,
            443.24,
            369.18,
            487.17,
            540.63,
            500.41,
            545.21,
            401.97,
            491.37,
            579.8,
            410.74,
            null,
            569.9,
            470.67,
            500.0
        ],
        [
            538.63,
            532.11,
            508.5,
            517.88,
            545.67,
            419.63,
            381.96,
            432.0,
            361.38,
            427.04,
            487.9,
            330.77,
            413.1,
            438.32,
            477.84,
            487.77,
            519.84,
            495.15,
            559.9,
            372.11,
            341.16,
            331.05,
            415.33,
            461.19,
            510.49,
            378.12,
            554.46,
            null,
            439.21,
            357.49
        ],
        [
            371.54,
            418.16,
            525.41,
            577.25,
            559.56,
            554.21,
            574.57,
            554.58,
            546.61,
            522.81,
            455.8,
            488.55,
            435.91,
            456.33,
            520.36,
            519.36,
            335.47,
            465.57,
            321.04,
            561.18,
            517.58,
            507.37,
            480.01,
            443.14,
            537.88,
            502.56,
            452.16,
            477.89,
            null,
            354.68
        ],
        [
            506.19,
            454.69,
            427.09,
            440.37,
            373.36,
            419.85,
            514.12,
            533.79,
            434.19,
            436.02,
            375.28,
            505.0,
            413.48,
            541.93,
            479.09,
            561.9,
            516.25,
            470.1,
            353.8,
            323.79,
            321.23,
            387.84,
            401.5,
            373.34,
            334.75,
            412.38,
            514.59,
            476.1,
            375.72,
            null
        ]
    ],
    "tempos_processamento": [
        423.53,
        430.85,
        426.16,
        449.74,
        433.35,
        453.66,
        474.05,
        457.47,
        430.15,
        425.58,
        454.49,
        451.66,
        439.02,
        428.91,
        459.45,
        439.87,
        440.83,
        471.35,
        469.17,
        472.33,
        468.57,
        448.34,
        432.83,
        442.55,
        467.95,
        452.04,
        444.57,
        441.32,
        443.0,
        455.29
    ],
    "ready_times": [
        449.31,
        640.72,
        971.27,
        1250.07,
        473.96,
        225.47,
        459.68,
        53.3,
        1199.7,
        659.19,
        174.49,
        1055.76,
        659.16,
        38.32,
        1359.93,
        1439.79,
        0.0,
        996.34,
        1675.45,
        1059.41,
        1311.96,
        154.19,
        1218.62,
        1698.06,
        1532.02,
        1468.24,
        574.21,
        1007.21,
        1372.99,
        357.4
    ]
}