{
    "configuracao": {
        "codigo_cenario": "HHLLLLH",
        "nivel_ready_time": "alta",
        "variabilidade_processamento": "alta",
        "media_processamento": "baixa",
        "estrutura_setup": "simetrica",
        "variabilidade_setup": "baixa",
        "n_maquinas": 2,
        "n_medio_jobs_maquina": 10,
        "n_jobs": 20
    },
    "matriz_setup": [
        [
            null,
            430.08,
            486.2,
            456.41,
            401.05,
            467.46,
            404.79,
            442.58,
            421.56,
            481.4,
            423.5,
            445.11,
            479.89,
            468.96,
            440.69,
            394.94,
            410.61,
            478.66,
            513.26,
            408.89
        ],
        [
            430.08,
            null,
            413.86,
            446.06,
            440.38,
            466.32,
            427.16,
            476.34,
            500.9,
            476.89,
            491.88,
            471.47,
            410.42,
            472.55,
            491.2,
            457.91,
            477.27,
            416.21,
            445.76,
            400.29
        ],
        [
            486.2,
            413.86,
            null,
            458.11,
            452.79,
            483.87,
            497.02,
            485.45,
            448.81,
            428.47,
            494.93,
            495.23,
            454.2,
            389.37,
            494.16,
            512.75,
            402.43,
            493.07,
            398.41,
            447.28
        ],
        [
            456.41,
            446.06,
            458.11,
            null,
            433.98,
            429.83,
            403.47,
            429.73,
            450.71,
            513.86,
            484.47,
            476.99,
            452.09,
            425.51,
            432.54,
            453.83,
            439.25,
            421.89,
            449.21,
            431.44
        ],
        [
            401.05,
            440.38,
            452.79,
            433.98,
            null,
            399.43,
            470.93,
            436.57,
            453.28,
            491.44,
            495.6,
            449.98,
            432.77,
            441.16,
            433.22,
            502.78,
            512.33,
            468.96,
            488.34,
            438.01
        ],
        [
            467.46,
            466.32,
            483.87,
            429.83,
            399.43,
            null,
            399.66,
            406.2,
            440.66,
            448.11,
            479.44,
            462.11,
            413.13,
            435.22,
            486.22,
            400.48,
            432.12,
            461.83,
            394.65,
            412.0
        ],
        [
            404.79,
            427.16,
            497.02,
            403.47,
            470.93,
            399.66,
            null,
            433.42,
            441.68,
            472.43,
            414.81,
            409.25,
            487.93,
            456.6,
            408.85,
            400.69,
            388.04,
            494.76,
            477.76,
            433.96
        ],
        [
            442.58,
            476.34,
            485.45,
            429.73,
            436.57,
            406.2,
            433.42,
            null,
            388.87,
            504.27,
            388.25,
            504.83,
            395.92,
            436.59,
            450.27,
            457.75,
            485.47,
            510.62,
            448.01,
            425.21
        ],
        [
            421.56,
            500.9,
            448.81,
            450.71,
            453.28,
            440.66,
            441.68,
            388.87,
            null,
            397.69,
            391.23,
            452.39,
            421.62,
            443.85,
            391.58,
            496.4,
            455.92,
            398.56,
            500.87,
            461.0
        ],
        [
            481.4,
            476.89,
            428.47,
            513.86,
            491.44,
            448.11,
            472.43,
            504.27,
            397.69,
            null,
            506.19,
            458.56,
            485.48,
            407.38,
            454.77,
            421.4,
            433.5,
            504.08,
            398.89,
            471.55
        ],
        [
            423.5,
            491.88,
            494.93,
            484.47,
            495.6,
            479.44,
            414.81,
            388.25,
            391.23,
            506.19,
            null,
            485.92,
            398.91,
            395.84,
            505.45,
            386.19,
            397.63,
            468.69,
            476.68,
            407.49
        ],
        [
            445.11,
            471.47,
            495.23,
            476.99,
            449.98,
            462.11,
            409.25,
            504.83,
            452.39,
            458.56,
            485.92,
            null,
            453.73,
            453.87,
            410.97,
            395.41,
            466.9,
            489.88,
            450.06,
            513.0
        ],
        [
            479.89,
            410.42,
            454.2,
            452.09,
            432.77,
            413.13,
            487.93,
            395.92,
            421.62,
            485.48,
            398.91,
            453.73,
            null,
            493.5,
            463.28,
            485.84,
            507.86,
            504.07,
            473.35,
            402.69
        ],
        [
            468.96,
            472.55,
            389.37,
            425.51,
            441.16,
            435.22,
            456.6,
            436.59,
            443.85,
            407.38,
            395.84,
            453.87,
            493.5,
            null,
            493.65,
            495.63,
            404.58,
            404.92,
            496.76,
            388.19
        ],
        [
            440.69,
            491.2,
            494.16,
            432.54,
            433.22,
            486.22,
            408.85,
            450.27,
            391.58,
            454.77,
            505.45,
            410.97,
            463.28,
            493.65,
            null,
            487.49,
            438.21,
            458.24,
            393.88,
            466.31
        ],
        [
            394.94,
            457.91,
            512.75,
            453.83,
            502.78,
            400.48,
            400.69,
            457.75,
            496.4,
            421.4,
            386.19,
            395.41,
            485.84,
            495.63,
            487.49,
            null,
            431.77,
            497.91,
            391.67,
            502.99
        ],
        [
            410.61,
            477.27,
            402.43,
            439.25,
            512.33,
            432.12,
            388.04,
            485.47,
            455.92,
            433.5,
            397.63,
            466.9,
            507.86,
            404.58,
            438.21,
            431.77,
            null,
            394.13,
            409.49,
            448.28
        ],
        [
            478.66,
            416.21,
            493.07,
            421.89,
            468.96,
            461.83,
            494.76,
            510.62,
            398.56,
            504.08,
            468.69,
            489.88,
            504.07,
            404.92,
            458.24,
            497.91,
            394.13,
            null,
            504.22,
            471.59
        ],
        [
            513.26,
            445.76,
            398.41,
            449.21,
            488.34,
            394.65,
            477.76,
            448.01,
            500.87,
            398.89,
            476.68,
            450.06,
            473.35,
            496.76,
            393.88,
            391.67,
            409.49,
            504.22,
            null,
            435.58
        ],
        [
            408.89,
            400.29,
            447.28,
            431.44,
            438.01,
            412.0,
            433.96,
            425.21,
            461.0,
            471.55,
            407.49,
            513.0,
            402.69,
            388.19,
            466.31,
            502.99,
            448.28,
            471.59,
            435.58,
            null
        ]
    ],
    "tempos_processamento": [
        598.26,
        461.84,
        560.76,
        242.3,
        544.34,
        408.98,
        593.82,
        461.46,
        338.61,
        266.55,
        382.13,
        591.65,
        628.98,
        296.48,
        200.72,
        306.38,
        422.39,
        380.33,
        329.91,
        237.57
    ],
    "ready_times": [
        2796.34,
        748.3,
        7001.19,
        2777.96,
        7740.79,
        3126.18,
        5468.42,
        2749.1,
        6259.84,
        4927.53,
        2147.76,
        1341.4,
        7585.02,
        4538.92,
        1655.1,
        0.0,
        3533.76,
        4608.4,
        4267.8,
        2904.71
    ]
}