{
    "configuracao": {
        "codigo_cenario": "HHLLLLH",
        "nivel_ready_time": "alta",
        "variabilidade_processamento": "alta",
        "media_processamento": "baixa",
        "estrutura_setup": "simetrica",
        "variabilidade_setup": "baixa",
        "n_maquinas": 2,
        "n_medio_jobs_maquina": 10,
        "n_jobs": 20
    },
    "matriz_setup": [
        [
            null,
            431.62,
            451.25,
            402.36,
            457.73,
            387.53,
            412.02,
            454.68,
            479.11,
            435.16,
            461.16,
            421.7,
            398.59,
            409.99,
            404.53,
            497.61,
            471.31,
            508.67,
            425.88,
            390.14
        ],
        [
            431.62,
            null,
            485.14,
            458.93,
            386.82,
            499.89,
            483.87,
            398.98,
            474.57,
            424.22,
            512.13,
            393.12,
            450.55,
            403.43,
            474.88,
            403.99,
            406.68,
            442.99,
            457.24,
            416.98
        ],
        [
            451.25,
            485.14,
            null,
            408.62,
            477.45,
            418.83,
            422.56,
            398.92,
            466.36,
            512.36,
            509.0,
            461.1,
            405.35,
            466.69,
            441.66,
            414.37,
            500.3,
            484.75,
            486.5,
            406.85
        ],
        [
            402.36,
            458.93,
            408.62,
            null,
            480.89,
            390.26,
            485.01,
            412.38,
            452.34,
            437.5,
            391.6,
            451.36,
            428.81,
            419.35,
            491.08,
            386.28,
            506.9,
            405.71,
            414.23,
            398.35
        ],
        [
            457.73,
            386.82,
            477.45,
            480.89,
            null,
            441.75,
            392.6,
            461.05,
            415.84,
            434.2,
            495.8,
            497.43,
            487.73,
            509.47,
            489.48,
            478.19,
            398.47,
            393.78,
            398.06,
            417.86
        ],
        [
            387.53,
            499.89,
            418.83,
            390.26,
            441.75,
            null,
            485.84,
            407.1,
            439.8,
            480.9,
            388.52,
            459.65,
            484.7,
            444.39,
            471.68,
            437.83,
            458.44,
            508.49,
            409.13,
            507.66
        ],
        [
            412.02,
            483.87,
            422.56,
            485.01,
            392.6,
            485.84,
            null,
            436.25,
            503.39,
            493.27,
            453.13,
            457.18,
            509.61,
            491.56,
            506.12,
            495.41,
            491.86,
            444.04,
            432.86,
            434.54
        ],
        [
            454.68,
            398.98,
            398.92,
            412.38,
            461.05,
            407.1,
            436.25,
            null,
            446.49,
            436.06,
            513.07,
            488.97,
            444.54,
            502.95,
            422.52,
            453.59,
            407.4,
            443.65,
            396.35,
            417.77
        ],
        [
            479.11,
            474.57,
            466.36,
            452.34,
            415.84,
            439.8,
            503.39,
            446.49,
            null,
            495.23,
            425.12,
            442.62,
            452.84,
            429.36,
            491.71,
            510.36,
            511.08,
            397.84,
            430.75,
            513.03
        ],
        [
            435.16,
            424.22,
            512.36,
            437.5,
            434.2,
            480.9,
            493.27,
            436.06,
            495.23,
            null,
            434.26,
            457.65,
            403.98,
            505.75,
            404.76,
            439.8,
            426.21,
            409.45,
            501.72,
            496.91
        ],
        [
            461.16,
            512.13,
            509.0,
            391.6,
            495.8,
            388.52,
            453.13,
            513.07,
            425.12,
            434.26,
            null,
            387.27,
            395.52,
            415.67,
            424.61,
            389.53,
            477.21,
            487.03,
            444.14,
            482.93
        ],
        [
            421.7,
            393.12,
            461.1,
            451.36,
            497.43,
            459.65,
            457.18,
            488.97,
            442.62,
            457.65,
            387.27,
            null,
            449.03,
            447.93,
            464.61,
            387.2,
            456.2,
            486.44,
            466.48,
            442.51
        ],
        [
            398.59,
            450.55,
            405.35,
            428.81,
            487.73,
            484.7,
            509.61,
            444.54,
            452.84,
            403.98,
            395.52,
            449.03,
            null,
            442.61,
            400.77,
            389.24,
            429.97,
            484.58,
            512.6,
            414.34
        ],
        [
            409.99,
            403.43,
            466.69,
            419.35,
            509.47,
            444.39,
            491.56,
            502.95,
            429.36,
            505.75,
            415.67,
            447.93,
            442.61,
            null,
            458.27,
            480.49,
            509.44,
            403.79,
            394.53,
            482.34
        ],
        [
            404.53,
            474.88,
            441.66,
            491.08,
            489.48,
            471.68,
            506.12,
            422.52,
            491.71,
            404.76,
            424.61,
            464.61,
            400.77,
            458.27,
            null,
            447.87,
            429.32,
            445.5,
            462.76,
            424.06
        ],
        [
            497.61,
            403.99,
            414.37,
            386.28,
            478.19,
            437.83,
            495.41,
            453.59,
            510.36,
            439.8,
            389.53,
            387.2,
            389.24,
            480.49,
            447.87,
            null,
            475.4,
            392.58,
            444.68,
            425.53
        ],
        [
            471.31,
            406.68,
            500.3,
            506.9,
            398.47,
            458.44,
            491.86,
            407.4,
            511.08,
            426.21,
            477.21,
            456.2,
            429.97,
            509.44,
            429.32,
            475.4,
            null,
            395.3,
            479.71,
            391.27
        ],
        [
            508.67,
            442.99,
            484.75,
            405.71,
            393.78,
            508.49,
            444.04,
            443.65,
            397.84,
            409.45,
            487.03,
            486.44,
            484.58,
            403.79,
            445.5,
            392.58,
            395.3,
            null,
            471.71,
            410.21
        ],
        [
            425.88,
            457.24,
            486.5,
            414.23,
            398.06,
            409.13,
            432.86,
            396.35,
            430.75,
            501.72,
            444.14,
            466.48,
            512.6,
            394.53,
            462.76,
            444.68,
            479.71,
            471.71,
            null,
            434.99
        ],
        [
            390.14,
            416.98,
            406.85,
            398.35,
            417.86,
            507.66,
            434.54,
            417.77,
            513.03,
            496.91,
            482.93,
            442.51,
            414.34,
            482.34,
            424.06,
            425.53,
            391.27,
            410.21,
            434.99,
            null
        ]
    ],
    "tempos_processamento": [
        351.34,
        570.66,
        326.29,
        553.05,
        390.94,
        485.76,
        390.24,
        251.81,
        218.98,
        408.01,
        595.76,
        685.82,
        296.11,
        509.11,
        665.85,
        289.91,
        491.28,
        237.7,
        373.75,
        295.3
    ],
    "ready_times": [
        4159.51,
        10.32,
        3689.93,
        1840.26,
        6953.37,
        3810.42,
        1719.89,
        5024.51,
        0.0,
        1543.21,
        2518.12,
        453.69,
        5553.94,
        2170.18,
        1308.32,
        6312.04,
        6825.01,
        6909.66,
        3848.79,
        6930.46
    ]
}