{
    "configuracao": {
        "codigo_cenario": "HHLLLLH",
        "nivel_ready_time": "alta",
        "variabilidade_processamento": "alta",
        "media_processamento": "baixa",
        "estrutura_setup": "simetrica",
        "variabilidade_setup": "baixa",
        "n_maquinas": 2,
        "n_medio_jobs_maquina": 10,
        "n_jobs": 20
    },
    "matriz_setup": [
        [
            null,
            394.38,
            412.71,
            493.82,
            389.62,
            421.43,
            434.82,
            454.54,
            466.74,
            491.95,
            477.97,
            492.32,
            445.9,
            438.16,
            476.35,
            446.83,
            413.07,
            440.23,
            424.1,
            456.03
        ],
        [
            394.38,
            null,
            399.68,
            491.97,
            481.89,
            451.73,
            477.68,
            510.96,
            455.35,
            487.08,
            489.59,
            480.14,
            498.33,
            452.28,
            472.12,
            439.52,
            512.19,
            512.57,
            474.83,
            407.82
        ],
        [
            412.71,
            399.68,
            null,
            450.97,
            486.73,
            494.61,
            425.17,
            440.69,
            466.35,
            500.2,
            438.92,
            449.5,
            425.12,
            490.68,
            482.4,
            450.05,
            504.03,
            431.16,
            403.39,
            485.32
        ],
        [
            493.82,
            491.97,
            450.97,
            null,
            431.35,
            398.97,
            494.06,
            461.11,
            458.54,
            395.15,
            509.83,
            415.45,
            420.67,
            495.68,
            402.98,
            464.62,
            398.16,
            439.6,
            420.01,
            422.18
        ],
        [
            389.62,
            481.89,
            486.73,
            431.35,
            null,
            461.21,
            415.07,
            406.92,
            430.32,
            453.95,
            483.45,
            454.61,
            460.77,
            388.94,
            469.42,
            395.96,
            434.8,
            387.23,
            457.85,
            487.41
        ],
        [
            421.43,
            451.73,
            494.61,
            398.97,
            461.21,
            null,
            511.08,
            480.3,
            489.81,
            385.59,
            400.53,
            431.88,
            458.02,
            448.31,
            396.16,
            411.16,
            490.83,
            439.6,
            494.81,
            440.36
        ],
        [
            434.82,
            477.68,
            425.17,
            494.06,
            415.07,
            511.08,
            null,
            452.15,
            493.65,
            470.2,
            504.91,
            475.17,
            492.77,
            429.31,
            440.36,
            443.32,
            469.89,
            404.9,
            388.01,
            488.39
        ],
        [
            454.54,
            510.96,
            440.69,
            461.11,
            406.92,
            480.3,
            452.15,
            null,
            455.33,
            448.02,
            508.35,
            455.48,
            488.36,
            460.41,
            410.45,
            437.28,
            484.4,
            389.59,
            468.14,
            451.06
        ],
        [
            466.74,
            455.35,
            466.35,
            458.54,
            430.32,
            489.81,
            493.65,
            455.33,
            null,
            492.88,
            406.54,
            508.91,
            474.98,
            453.43,
            461.49,
            481.06,
            487.79,
            449.13,
            420.66,
            498.48
        ],
        [
            491.95,
            487.08,
            500.2,
            395.15,
            453.95,
            385.59,
            470.2,
            448.02,
            492.88,
            null,
            484.32,
            504.34,
            398.34,
            434.97,
            513.95,
            496.6,
            505.73,
            498.58,
            406.28,
            394.6
        ],
        [
            477.97,
            489.59,
            438.92,
            509.83,
            483.45,
            400.53,
            504.91,
            508.35,
            406.54,
            484.32,
            null,
            454.07,
            441.37,
            500.23,
            460.85,
            503.36,
            385.45,
            501.5,
            479.84,
            484.38
        ],
        [
            492.32,
            480.14,
            449.5,
            415.45,
            454.61,
            431.88,
            475.17,
            455.48,
            508.91,
            504.34,
            454.07,
            null,
            408.4,
            391.61,
            437.26,
            410.42,
            449.8,
            400.51,
            459.45,
            412.47
        ],
        [
            445.9,
            498.33,
            425.12,
            420.67,
            460.77,
            458.02,
            492.77,
            488.36,
            474.98,
            398.34,
            441.37,
            408.4,
            null,
            485.47,
            447.41,
            497.11,
            388.5,
            495.72,
            454.65,
            489.75
        ],
        [
            438.16,
            452.28,
            490.68,
            495.68,
            388.94,
            448.31,
            429.31,
            460.41,
            453.43,
            434.97,
            500.23,
            391.61,
            485.47,
            null,
            427.31,
            485.05,
            420.86,
            415.33,
            457.06,
            410.44
        ],
        [
            476.35,
            472.12,
            482.4,
            402.98,
            469.42,
            396.16,
            440.36,
            410.45,
            461.49,
            513.95,
            460.85,
            437.26,
            447.41,
            427.31,
            null,
            481.29,
            415.47,
            453.97,
            418.78,
            435.18
        ],
        [
            446.83,
            439.52,
            450.05,
            464.62,
            395.96,
            411.16,
            443.32,
            437.28,
            481.06,
            496.6,
            503.36,
            410.42,
            497.11,
            485.05,
            481.29,
            null,
            436.73,
            412.0,
            486.13,
            510.83
        ],
        [
            413.07,
            512.19,
            504.03,
            398.16,
            434.8,
            490.83,
            469.89,
            484.4,
            487.79,
            505.73,
            385.45,
            449.8,
            388.5,
            420.86,
            415.47,
            436.73,
            null,
            429.67,
            500.0,
            398.76
        ],
        [
            440.23,
            512.57,
            431.16,
            439.6,
            387.23,
            439.6,
            404.9,
            389.59,
            449.13,
            498.58,
            501.5,
            400.51,
            495.72,
            415.33,
            453.97,
            412.0,
            429.67,
            null,
            496.12,
            468.52
        ],
        [
            424.1,
            474.83,
            403.39,
            420.01,
            457.85,
            494.81,
            388.01,
            468.14,
            420.66,
            406.28,
            479.84,
            459.45,
            454.65,
            457.06,
            418.78,
            486.13,
            500.0,
            496.12,
            null,
            435.5
        ],
        [
            456.03,
            407.82,
            485.32,
            422.18,
            487.41,
            440.36,
            488.39,
            451.06,
            498.48,
            394.6,
            484.38,
            412.47,
            489.75,
            410.44,
            435.18,
            510.83,
            398.76,
            468.52,
            435.5,
            null
        ]
    ],
    "tempos_processamento": [
        393.16,
        437.07,
        273.41,
        641.09,
        598.57,
        308.08,
        640.09,
        634.64,
        324.65,
        272.0,
        326.61,
        340.8,
        489.22,
        278.11,
        373.33,
        498.7,
        200.92,
        587.56,
        502.68,
        637.45
    ],
    "ready_times": [
        0.0,
        7572.03,
        2750.01,
        4163.45,
        1558.16,
        1894.76,
        133.39,
        1468.15,
        7171.19,
        3309.32,
        1639.99,
        341.31,
        7137.22,
        2511.27,
        4199.8,
        7574.83,
        4924.99,
        3958.49,
        4463.78,
        6406.47
    ]
}