{
    "configuracao": {
        "codigo_cenario": "HHLLLLH",
        "nivel_ready_time": "alta",
        "variabilidade_processamento": "alta",
        "media_processamento": "baixa",
        "estrutura_setup": "simetrica",
        "variabilidade_setup": "baixa",
        "n_maquinas": 2,
        "n_medio_jobs_maquina": 10,
        "n_jobs": 20
    },
    "matriz_setup": [
        [
            null,
            409.52,
            474.97,
            429.46,
            463.35,
            435.4,
            413.44,
            409.9,
            495.99,
            437.53,
            429.23,
            403.09,
            455.91,
            487.49,
            449.03,
            417.17,
            400.37,
            428.79,
            456.14,
            389.38
        ],
        [
            409.52,
            null,
            451.27,
            428.63,
            511.21,
            499.57,
            475.47,
            463.56,
            442.41,
            426.99,
            446.33,
            455.1,
            494.28,
            501.29,
            505.27,
            486.72,
            429.96,
            472.65,
            487.31,
            493.69
        ],
        [
            474.97,
            451.27,
            null,
            485.56,
            388.82,
            502.72,
            478.16,
            467.73,
            457.69,
            394.31,
            456.32,
            398.31,
            439.35,
            428.92,
            391.53,
            433.13,
            392.62,
            470.92,
            512.06,
            463.49
        ],
        [
            429.46,
            428.63,
            485.56,
            null,
            463.05,
            457.27,
            404.81,
            505.68,
            407.01,
            457.15,
            440.63,
            504.34,
            402.18,
            448.88,
            415.17,
            451.97,
            449.71,
            403.88,
            396.59,
            511.97
        ],
        [
            463.35,
            511.21,
            388.82,
            463.05,
            null,
            425.2,
            460.88,
            388.41,
            438.59,
            505.66,
            510.3,
            492.74,
            488.64,
            431.72,
            439.49,
            430.3,
            412.27,
            389.02,
            462.22,
            437.56
        ],
        [
            435.4,
            499.57,
            502.72,
            457.27,
            425.2,
            null,
            426.0,
            429.31,
            472.41,
            428.68,
            499.18,
            458.88,
            493.41,
            482.38,
            500.59,
            489.14,
            497.05,
            387.99,
            444.65,
            434.82
        ],
        [
            413.44,
            475.47,
            478.16,
            404.81,
            460.88,
            426.0,
            null,
            497.3,
            419.22,
            474.08,
            410.63,
            430.17,
            447.51,
            404.68,
            485.97,
            471.4,
            417.78,
            499.39,
            441.03,
            514.11
        ],
        [
            409.9,
            463.56,
            467.73,
            505.68,
            388.41,
            429.31,
            497.3,
            null,
            491.53,
            473.29,
            503.72,
            496.22,
            395.88,
            403.09,
            397.73,
            499.61,
            470.76,
            446.11,
            425.33,
            423.47
        ],
        [
            495.99,
            442.41,
            457.69,
            407.01,
            438.59,
            472.41,
            419.22,
            491.53,
            null,
            497.7,
            487.04,
            431.71,
            463.48,
            437.24,
            410.45,
            391.4,
            487.46,
            492.6,
            464.09,
            497.17
        ],
        [
            437.53,
            426.99,
            394.31,
            457.15,
            505.66,
            428.68,
            474.08,
            473.29,
            497.7,
            null,
            449.74,
            480.25,
            500.34,
            498.36,
            505.39,
            409.37,
            492.62,
            471.1,
            455.42,
            441.03
        ],
        [
            429.23,
            446.33,
            456.32,
            440.63,
            510.3,
            499.18,
            410.63,
            503.72,
            487.04,
            449.74,
            null,
            422.28,
            420.42,
            482.69,
            433.22,
            445.51,
            478.82,
            441.07,
            513.46,
            464.24
        ],
        [
            403.09,
            455.1,
            398.31,
            504.34,
            492.74,
            458.88,
            430.17,
            496.22,
            431.71,
            480.25,
            422.28,
            null,
            410.09,
            493.47,
            457.48,
            413.11,
            387.4,
            445.77,
            491.3,
            478.96
        ],
        [
            455.91,
            494.28,
            439.35,
            402.18,
            488.64,
            493.41,
            447.51,
            395.88,
            463.48,
            500.34,
            420.42,
            410.09,
            null,
            402.72,
            425.0,
            451.04,
            463.46,
            429.64,
            455.83,
            396.33
        ],
        [
            487.49,
            501.29,
            428.92,
            448.88,
            431.72,
            482.38,
            404.68,
            403.09,
            437.24,
            498.36,
            482.69,
            493.47,
            402.72,
            null,
            405.39,
            389.13,
            421.87,
            408.88,
            392.65,
            400.86
        ],
        [
            449.03,
            505.27,
            391.53,
            415.17,
            439.49,
            500.59,
            485.97,
            397.73,
            410.45,
            505.39,
            433.22,
            457.48,
            425.0,
            405.39,
            null,
            446.92,
            514.37,
            478.8,
            464.0,
            460.8
        ],
        [
            417.17,
            486.72,
            433.13,
            451.97,
            430.3,
            489.14,
            471.4,
            499.61,
            391.4,
            409.37,
            445.51,
            413.11,
            451.04,
            389.13,
            446.92,
            null,
            500.91,
            466.72,
            428.51,
            509.97
        ],
        [
            400.37,
            429.96,
            392.62,
            449.71,
            412.27,
            497.05,
            417.78,
            470.76,
            487.46,
            492.62,
            478.82,
            387.4,
            463.46,
            421.87,
            514.37,
            500.91,
            null,
            405.11,
            386.21,
            506.67
        ],
        [
            428.79,
            472.65,
            470.92,
            403.88,
            389.02,
            387.99,
            499.39,
            446.11,
            492.6,
            471.1,
            441.07,
            445.77,
            429.64,
            408.88,
            478.8,
            466.72,
            405.11,
            null,
            444.57,
            418.92
        ],
        [
            456.14,
            487.31,
            512.06,
            396.59,
            462.22,
            444.65,
            441.03,
            425.33,
            464.09,
            455.42,
            513.46,
            491.3,
            455.83,
            392.65,
            464.0,
            428.51,
            386.21,
            444.57,
            null,
            405.87
        ],
        [
            389.38,
            493.69,
            463.49,
            511.97,
            437.56,
            434.82,
            514.11,
            423.47,
            497.17,
            441.03,
            464.24,
            478.96,
            396.33,
            400.86,
            460.8,
            509.97,
            506.67,
            418.92,
            405.87,
            null
        ]
    ],
    "tempos_processamento": [
        304.9,
        468.61,
        457.82,
        323.54,
        520.31,
        314.72,
        596.42,
        474.27,
        655.1,
        494.62,
        380.71,
        636.12,
        535.65,
        629.24,
        351.02,
        489.4,
        484.22,
        610.23,
        642.92,
        616.55
    ],
    "ready_times": [
        4742.86,
        2798.46,
        2130.94,
        7077.98,
        3932.31,
        642.81,
        377.43,
        805.36,
        119.18,
        4227.54,
        7381.96,
        1366.35,
        0.0,
        4415.53,
        7320.22,
        2085.24,
        3635.03,
        1257.27,
        2115.85,
        6018.05
    ]
}