{
    "configuracao": {
        "codigo_cenario": "HHLLLLH",
        "nivel_ready_time": "alta",
        "variabilidade_processamento": "alta",
        "media_processamento": "baixa",
        "estrutura_setup": "simetrica",
        "variabilidade_setup": "baixa",
        "n_maquinas": 2,
        "n_medio_jobs_maquina": 10,
        "n_jobs": 20
    },
    "matriz_setup": [
        [
            null,
            514.91,
            410.32,
            461.63,
            437.97,
            464.41,
            485.21,
            476.08,
            424.77,
            414.05,
            443.27,
            502.78,
            446.78,
            456.25,
            435.26,
            496.65,
            435.9,
            478.21,
            442.71,
            401.18
        ],
        [
            514.91,
            null,
            491.6,
            502.22,
            451.12,
            488.18,
            462.52,
            393.03,
            385.21,
            496.55,
            421.22,
            423.27,
            513.56,
            484.49,
            490.81,
            511.82,
            492.73,
            504.4,
            405.29,
            418.66
        ],
        [
            410.32,
            491.6,
            null,
            506.4,
            464.04,
            397.0,
            447.34,
            409.9,
            400.42,
            452.65,
            433.75,
            482.33,
            413.61,
            435.87,
            415.31,
            440.84,
            446.85,
            475.43,
            500.01,
            451.23
        ],
        [
            461.63,
            502.22,
            506.4,
            null,
            430.12,
            493.47,
            386.87,
            425.35,
            484.99,
            424.45,
            399.91,
            408.32,
            434.44,
            504.12,
            396.57,
            474.21,
            454.54,
            438.34,
            463.79,
            510.57
        ],
        [
            437.97,
            451.12,
            464.04,
            430.12,
            null,
            496.99,
            432.66,
            509.22,
            405.26,
            392.47,
            510.05,
            474.2,
            423.55,
            501.37,
            422.89,
            476.38,
            503.47,
            498.36,
            490.43,
            455.1
        ],
        [
            464.41,
            488.18,
            397.0,
            493.47,
            496.99,
            null,
            479.19,
            487.24,
            507.51,
            399.23,
            451.03,
            396.47,
            475.75,
            457.76,
            473.6,
            399.7,
            410.97,
            399.43,
            462.82,
            497.49
        ],
        [
            485.21,
            462.52,
            447.34,
            386.87,
            432.66,
            479.19,
            null,
            484.92,
            463.88,
            488.54,
            468.87,
            486.52,
            387.34,
            499.39,
            390.14,
            402.16,
            417.12,
            437.33,
            513.69,
            433.53
        ],
        [
            476.08,
            393.03,
            409.9,
            425.35,
            509.22,
            487.24,
            484.92,
            null,
            469.06,
            504.89,
            433.07,
            492.48,
            401.71,
            485.16,
            488.87,
            489.35,
            435.56,
            453.1,
            394.98,
            463.93
        ],
        [
            424.77,
            385.21,
            400.42,
            484.99,
            405.26,
            507.51,
            463.88,
            469.06,
            null,
            395.3,
            489.04,
            418.14,
            477.76,
            407.53,
            512.99,
            429.97,
            473.83,
            476.06,
            472.71,
            452.76
        ],
        [
            414.05,
            496.55,
            452.65,
            424.45,
            392.47,
            399.23,
            488.54,
            504.89,
            395.3,
            null,
            505.34,
            389.3,
            507.29,
            425.65,
            416.66,
            388.65,
            452.62,
            416.06,
            491.95,
            402.18
        ],
        [
            443.27,
            421.22,
            433.75,
            399.91,
            510.05,
            451.03,
            468.87,
            433.07,
            489.04,
            505.34,
            null,
            408.52,
            481.09,
            489.42,
            463.35,
            450.74,
            503.33,
            484.32,
            407.01,
            441.79
        ],
        [
            502.78,
            423.27,
            482.33,
            408.32,
            474.2,
            396.47,
            486.52,
            492.48,
            418.14,
            389.3,
            408.52,
            null,
            452.16,
            388.01,
            432.51,
            505.29,
            486.19,
            407.54,
            460.56,
            442.75
        ],
        [
            446.78,
            513.56,
            413.61,
            434.44,
            423.55,
            475.75,
            387.34,
            401.71,
            477.76,
            507.29,
            481.09,
            452.16,
            null,
            461.14,
            513.39,
            422.01,
            402.36,
            455.71,
            474.79,
            386.8
        ],
        [
            456.25,
            484.49,
            435.87,
            504.12,
            501.37,
            457.76,
            499.39,
            485.16,
            407.53,
            425.65,
            489.42,
            388.01,
            461.14,
            null,
            467.88,
            439.69,
            458.32,
            492.0,
            425.25,
            412.55
        ],
        [
            435.26,
            490.81,
            415.31,
            396.57,
            422.89,
            473.6,
            390.14,
            488.87,
            512.99,
            416.66,
            463.35,
            432.51,
            513.39,
            467.88,
            null,
            458.8,
            435.86,
            491.51,
            413.84,
            499.84
        ],
        [
            496.65,
            511.82,
            440.84,
            474.21,
            476.38,
            399.7,
            402.16,
            489.35,
            429.97,
            388.65,
            450.74,
            505.29,
            422.01,
            439.69,
            458.8,
            null,
            440.71,
            458.8,
            389.12,
            391.78
        ],
        [
            435.9,
            492.73,
            446.85,
            454.54,
            503.47,
            410.97,
            417.12,
            435.56,
            473.83,
            452.62,
            503.33,
            486.19,
            402.36,
            458.32,
            435.86,
            440.71,
            null,
            403.03,
            472.99,
            431.78
        ],
        [
            478.21,
            504.4,
            475.43,
            438.34,
            498.36,
            399.43,
            437.33,
            453.1,
            476.06,
            416.06,
            484.32,
            407.54,
            455.71,
            492.0,
            491.51,
            458.8,
            403.03,
            null,
            431.81,
            429.53
        ],
        [
            442.71,
            405.29,
            500.01,
            463.79,
            490.43,
            462.82,
            513.69,
            394.98,
            472.71,
            491.95,
            407.01,
            460.56,
            474.79,
            425.25,
            413.84,
            389.12,
            472.99,
            431.81,
            null,
            486.83
        ],
        [
            401.18,
            418.66,
            451.23,
            510.57,
            455.1,
            497.49,
            433.53,
            463.93,
            452.76,
            402.18,
            441.79,
            442.75,
            386.8,
            412.55,
            499.84,
            391.78,
            431.78,
            429.53,
            486.83,
            null
        ]
    ],
    "tempos_processamento": [
        605.34,
        484.65,
        280.06,
        191.16,
        686.51,
        668.56,
        300.69,
        588.98,
        311.59,
        556.47,
        363.01,
        430.5,
        624.0,
        338.21,
        403.24,
        193.57,
        184.12,
        605.54,
        473.76,
        398.62
    ],
    "ready_times": [
        556.11,
        2295.52,
        5378.11,
        6084.01,
        2975.45,
        0.0,
        2341.2,
        5037.15,
        4024.56,
        1943.72,
        6705.75,
        4763.95,
        652.89,
        7079.21,
        3419.49,
        2989.32,
        3687.69,
        6943.49,
        3851.45,
        6418.47
    ]
}