{
    "configuracao": {
        "codigo_cenario": "HHLHLLL",
        "nivel_ready_time": "alta",
        "variabilidade_processamento": "alta",
        "media_processamento": "baixa",
        "estrutura_setup": "assimetrica",
        "variabilidade_setup": "baixa",
        "n_maquinas": 2,
        "n_medio_jobs_maquina": 3,
        "n_jobs": 6
    },
    "matriz_setup": [
        [
            null,
            501.82,
            437.18,
            473.3,
            476.77,
            389.03
        ],
        [
            475.0,
            null,
            494.32,
            457.08,
            430.83,
            449.7
        ],
        [
            396.01,
            487.39,
            null,
            466.35,
            507.27,
            471.73
        ],
        [
            457.64,
            393.0,
            419.5,
            null,
            439.57,
            478.69
        ],
        [
            412.7,
            459.78,
            428.08,
            453.22,
            null,
            458.22
        ],
        [
            503.2,
            472.73,
            497.02,
            452.36,
            462.48,
            null
        ]
    ],
    "tempos_processamento": [
        555.26,
        617.33,
        624.78,
        453.27,
        583.11,
        515.54
    ],
    "ready_times": [
        184.13,
        637.18,
        0.0,
        1475.65,
        840.19,
        408.73
    ]
}