{
    "configuracao": {
        "codigo_cenario": "HHLHLLL",
        "nivel_ready_time": "alta",
        "variabilidade_processamento": "alta",
        "media_processamento": "baixa",
        "estrutura_setup": "assimetrica",
        "variabilidade_setup": "baixa",
        "n_maquinas": 2,
        "n_medio_jobs_maquina": 3,
        "n_jobs": 6
    },
    "matriz_setup": [
        [
            null,
            514.33,
            402.43,
            494.86,
            474.13,
            444.57
        ],
        [
            417.59,
            null,
            418.2,
            467.1,
            514.31,
            454.57
        ],
        [
            442.75,
            492.41,
            null,
            441.31,
            459.43,
            471.92
        ],
        [
            466.16,
            404.2,
            482.66,
            null,
            475.59,
            434.17
        ],
        [
            420.38,
            405.65,
            428.88,
            441.45,
            null,
            415.46
        ],
        [
            493.38,
            460.52,
            507.69,
            475.95,
            390.38,
            null
        ]
    ],
    "tempos_processamento": [
        539.37,
        226.6,
        657.55,
        620.89,
        698.95,
        435.69
    ],
    "ready_times": [
        0.0,
        1663.51,
        956.36,
        852.34,
        1354.29,
        684.86
    ]
}