{
    "configuracao": {
        "codigo_cenario": "HHLHLLL",
        "nivel_ready_time": "alta",
        "variabilidade_processamento": "alta",
        "media_processamento": "baixa",
        "estrutura_setup": "assimetrica",
        "variabilidade_setup": "baixa",
        "n_maquinas": 2,
        "n_medio_jobs_maquina": 3,
        "n_jobs": 6
    },
    "matriz_setup": [
        [
            null,
            399.97,
            472.05,
            494.56,
            409.77,
            416.46
        ],
        [
            414.02,
            null,
            451.06,
            453.75,
            395.09,
            395.72
        ],
        [
            416.48,
            475.97,
            null,
            400.52,
            510.42,
            427.55
        ],
        [
            414.55,
            425.72,
            455.54,
            null,
            432.08,
            443.34
        ],
        [
            513.82,
            500.4,
            449.65,
            409.87,
            null,
            407.7
        ],
        [
            415.69,
            514.28,
            460.99,
            413.94,
            411.92,
            null
        ]
    ],
    "tempos_processamento": [
        583.61,
        591.72,
        246.1,
        205.57,
        269.3,
        364.22
    ],
    "ready_times": [
        1626.99,
        89.37,
        665.73,
        1281.36,
        699.64,
        0.0
    ]
}