{
    "configuracao": {
        "codigo_cenario": "HHLHLLL",
        "nivel_ready_time": "alta",
        "variabilidade_processamento": "alta",
        "media_processamento": "baixa",
        "estrutura_setup": "assimetrica",
        "variabilidade_setup": "baixa",
        "n_maquinas": 2,
        "n_medio_jobs_maquina": 3,
        "n_jobs": 6
    },
    "matriz_setup": [
        [
            null,
            386.18,
            451.54,
            495.73,
            426.92,
            487.6
        ],
        [
            489.09,
            null,
            421.55,
            443.73,
            396.63,
            472.43
        ],
        [
            412.99,
            501.75,
            null,
            410.25,
            430.93,
            395.92
        ],
        [
            393.14,
            456.98,
            469.25,
            null,
            396.03,
            425.66
        ],
        [
            388.43,
            429.29,
            420.17,
            507.17,
            null,
            409.73
        ],
        [
            491.59,
            407.64,
            417.54,
            393.62,
            472.15,
            null
        ]
    ],
    "tempos_processamento": [
        517.55,
        503.1,
        267.36,
        186.22,
        513.38,
        676.62
    ],
    "ready_times": [
        1221.03,
        686.26,
        0.0,
        451.05,
        236.26,
        1437.01
    ]
}