{
    "configuracao": {
        "codigo_cenario": "HHLHLLL",
        "nivel_ready_time": "alta",
        "variabilidade_processamento": "alta",
        "media_processamento": "baixa",
        "estrutura_setup": "assimetrica",
        "variabilidade_setup": "baixa",
        "n_maquinas": 2,
        "n_medio_jobs_maquina": 3,
        "n_jobs": 6
    },
    "matriz_setup": [
        [
            null,
            410.8,
            397.59,
            400.5,
            396.47,
            472.49
        ],
        [
            402.88,
            null,
            420.68,
            498.99,
            465.55,
            452.75
        ],
        [
            443.17,
            483.82,
            null,
            448.17,
            391.85,
            475.59
        ],
        [
            492.03,
            409.39,
            409.22,
            null,
            463.62,
            462.1
        ],
        [
            446.95,
            428.48,
            404.55,
            385.17,
            null,
            451.03
        ],
        [
            434.57,
            427.82,
            400.44,
            421.12,
            396.98,
            null
        ]
    ],
    "tempos_processamento": [
        570.11,
        374.1,
        234.87,
        694.05,
        603.27,
        319.22
    ],
    "ready_times": [
        0.0,
        462.23,
        1286.17,
        1532.34,
        563.29,
        611.21
    ]
}