{
    "configuracao": {
        "codigo_cenario": "HHLHLLH",
        "nivel_ready_time": "alta",
        "variabilidade_processamento": "alta",
        "media_processamento": "baixa",
        "estrutura_setup": "assimetrica",
        "variabilidade_setup": "baixa",
        "n_maquinas": 2,
        "n_medio_jobs_maquina": 10,
        "n_jobs": 20
    },
    "matriz_setup": [
        [
            null,
            465.05,
            504.51,
            428.64,
            488.3,
            472.96,
            429.55,
            443.03,
            434.01,
            436.87,
            457.13,
            426.46,
            410.95,
            494.16,
            432.86,
            478.18,
            500.66,
            449.92,
            431.84,
            403.28
        ],
        [
            456.01,
            null,
            489.1,
            447.23,
            483.54,
            477.96,
            464.45,
            389.37,
            412.58,
            413.05,
            401.72,
            432.76,
            475.7,
            415.23,
            505.93,
            452.69,
            461.47,
            486.13,
            412.32,
            392.08
        ],
        [
            476.62,
            470.23,
            null,
            443.01,
            451.25,
            480.36,
            489.28,
            492.85,
            442.94,
            429.27,
            488.15,
            390.76,
            452.98,
            492.43,
            485.19,
            450.07,
            459.25,
            412.55,
            480.75,
            428.68
        ],
        [
            448.2,
            409.89,
            425.3,
            null,
            451.74,
            492.14,
            399.84,
            456.74,
            479.92,
            440.41,
            401.02,
            390.58,
            427.26,
            404.17,
            448.91,
            399.32,
            476.08,
            411.0,
            405.05,
            410.44
        ],
        [
            486.88,
            455.52,
            424.51,
            508.42,
            null,
            422.92,
            421.1,
            395.39,
            414.02,
            514.94,
            462.57,
            471.97,
            392.24,
            508.41,
            428.84,
            455.09,
            481.39,
            394.34,
            498.6,
            479.82
        ],
        [
            471.59,
            441.1,
            406.38,
            480.5,
            409.89,
            null,
            506.33,
            392.18,
            413.88,
            507.67,
            502.9,
            422.07,
            501.15,
            494.9,
            406.03,
            496.69,
            405.59,
            438.26,
            427.95,
            456.66
        ],
        [
            423.54,
            414.09,
            509.44,
            403.03,
            492.56,
            465.15,
            null,
            405.62,
            389.74,
            433.57,
            389.78,
            477.44,
            435.9,
            392.21,
            503.78,
            474.42,
            399.14,
            396.48,
            496.85,
            416.14
        ],
        [
            483.77,
            513.09,
            460.81,
            494.07,
            428.8,
            425.67,
            502.43,
            null,
            485.5,
            394.42,
            494.77,
            487.02,
            423.31,
            469.8,
            387.93,
            495.97,
            491.41,
            483.81,
            468.14,
            503.69
        ],
        [
            392.88,
            450.67,
            443.43,
            426.13,
            470.73,
            443.37,
            470.93,
            418.4,
            null,
            402.03,
            396.96,
            485.06,
            401.54,
            495.27,
            432.54,
            430.75,
            486.77,
            463.57,
            489.79,
            491.02
        ],
        [
            424.42,
            441.88,
            489.02,
            419.44,
            495.64,
            419.5,
            430.6,
            406.94,
            505.98,
            null,
            449.1,
            510.36,
            393.95,
            445.31,
            385.76,
            412.52,
            436.15,
            504.95,
            386.48,
            433.8
        ],
        [
            395.24,
            448.13,
            403.55,
            432.13,
            465.86,
            473.86,
            423.52,
            416.02,
            421.78,
            464.33,
            null,
            474.8,
            499.52,
            400.99,
            412.3,
            497.48,
            433.63,
            454.9,
            448.97,
            459.86
        ],
        [
            414.06,
            471.02,
            498.81,
            392.7,
            499.0,
            512.06,
            482.22,
            411.63,
            453.57,
            495.23,
            436.54,
            null,
            394.21,
            390.65,
            438.02,
            406.78,
            504.86,
            478.83,
            404.73,
            460.62
        ],
        [
            479.14,
            510.45,
            393.45,
            476.75,
            402.22,
            513.17,
            467.56,
            501.17,
            457.85,
            419.75,
            457.42,
            422.94,
            null,
            493.89,
            455.72,
            490.36,
            404.05,
            429.85,
            427.5,
            465.32
        ],
        [
            462.85,
            421.65,
            411.12,
            407.3,
            402.24,
            477.95,
            470.9,
            476.92,
            432.69,
            504.87,
            510.56,
            410.97,
            449.44,
            null,
            386.2,
            506.88,
            456.48,
            416.71,
            443.12,
            442.47
        ],
        [
            481.09,
            486.69,
            511.46,
            495.62,
            454.69,
            481.85,
            449.98,
            452.17,
            457.86,
            425.72,
            416.99,
            463.1,
            449.11,
            408.81,
            null,
            385.81,
            479.71,
            494.58,
            405.98,
            489.4
        ],
        [
            508.19,
            459.63,
            410.98,
            489.45,
            501.06,
            405.47,
            501.1,
            485.42,
            386.75,
            500.3,
            457.0,
            430.67,
            509.57,
            497.71,
            488.05,
            null,
            505.36,
            385.14,
            494.77,
            430.19
        ],
        [
            483.31,
            396.84,
            406.04,
            466.4,
            399.46,
            388.29,
            429.98,
            476.59,
            469.36,
            509.22,
            487.53,
            498.03,
            412.41,
            407.99,
            414.67,
            464.85,
            null,
            509.47,
            491.46,
            399.62
        ],
        [
            464.78,
            455.09,
            399.1,
            480.93,
            467.64,
            508.16,
            442.03,
            428.08,
            410.62,
            483.85,
            415.44,
            414.61,
            408.71,
            476.04,
            438.19,
            410.74,
            474.28,
            null,
            458.75,
            437.37
        ],
        [
            389.31,
            478.93,
            402.0,
            447.54,
            448.04,
            496.04,
            470.98,
            408.65,
            391.73,
            434.51,
            443.14,
            505.02,
            450.04,
            500.07,
            456.58,
            410.41,
            390.21,
            461.56,
            null,
            424.38
        ],
        [
            490.44,
            451.78,
            424.12,
            419.4,
            391.88,
            461.82,
            449.6,
            465.58,
            428.39,
            401.62,
            451.51,
            497.83,
            397.24,
            483.92,
            389.76,
            482.28,
            385.98,
            404.97,
            480.94,
            null
        ]
    ],
    "tempos_processamento": [
        420.06,
        487.13,
        608.95,
        407.03,
        557.84,
        207.75,
        311.27,
        357.05,
        189.29,
        568.61,
        502.41,
        317.35,
        282.44,
        614.32,
        407.9,
        309.95,
        351.13,
        490.67,
        668.79,
        277.91
    ],
    "ready_times": [
        867.39,
        7730.66,
        0.0,
        3493.88,
        5818.0,
        4247.93,
        557.43,
        2450.1,
        7764.79,
        10.91,
        2484.68,
        5899.99,
        6678.29,
        4121.79,
        7194.26,
        6574.64,
        4660.44,
        6843.57,
        1393.87,
        4577.74
    ]
}