{
    "configuracao": {
        "codigo_cenario": "HHLHLLH",
        "nivel_ready_time": "alta",
        "variabilidade_processamento": "alta",
        "media_processamento": "baixa",
        "estrutura_setup": "assimetrica",
        "variabilidade_setup": "baixa",
        "n_maquinas": 2,
        "n_medio_jobs_maquina": 10,
        "n_jobs": 20
    },
    "matriz_setup": [
        [
            null,
            389.59,
            505.44,
            490.76,
            495.79,
            459.79,
            511.7,
            426.33,
            438.12,
            415.75,
            415.9,
            496.48,
            399.67,
            398.95,
            399.55,
            430.89,
            439.8,
            416.93,
            491.3,
            498.13
        ],
        [
            451.98,
            null,
            496.56,
            489.01,
            485.66,
            466.0,
            452.32,
            432.69,
            467.78,
            422.04,
            479.9,
            417.51,
            477.36,
            446.16,
            429.97,
            392.22,
            456.58,
            468.82,
            422.64,
            462.34
        ],
        [
            432.86,
            479.86,
            null,
            450.14,
            432.25,
            420.89,
            400.69,
            444.38,
            446.27,
            424.48,
            434.41,
            405.28,
            392.87,
            423.44,
            481.43,
            469.43,
            427.32,
            422.91,
            449.68,
            483.89
        ],
        [
            477.01,
            390.82,
            437.61,
            null,
            480.87,
            470.01,
            387.69,
            514.79,
            473.88,
            509.07,
            465.66,
            457.29,
            473.3,
            486.31,
            509.17,
            470.43,
            475.23,
            459.24,
            468.97,
            504.08
        ],
        [
            426.56,
            385.79,
            426.1,
            483.44,
            null,
            461.35,
            452.84,
            427.0,
            400.01,
            501.07,
            435.89,
            432.32,
            400.99,
            508.46,
            386.13,
            415.0,
            415.85,
            423.43,
            511.43,
            415.03
        ],
        [
            442.22,
            393.79,
            507.92,
            403.78,
            494.33,
            null,
            436.13,
            388.86,
            481.6,
            497.6,
            400.94,
            419.93,
            424.21,
            503.93,
            433.42,
            502.52,
            467.05,
            473.95,
            495.63,
            427.17
        ],
        [
            479.96,
            413.15,
            509.22,
            505.85,
            388.41,
            437.6,
            null,
            487.74,
            434.67,
            444.97,
            472.54,
            387.33,
            391.4,
            416.35,
            436.31,
            410.6,
            410.05,
            513.85,
            394.09,
            408.4
        ],
        [
            441.69,
            419.07,
            453.4,
            444.51,
            436.97,
            464.71,
            486.11,
            null,
            478.56,
            457.44,
            426.82,
            397.98,
            462.83,
            401.39,
            497.36,
            494.64,
            467.7,
            503.62,
            445.17,
            501.96
        ],
        [
            426.97,
            393.92,
            473.48,
            385.32,
            479.81,
            411.97,
            393.01,
            456.54,
            null,
            454.07,
            488.72,
            457.6,
            455.93,
            503.36,
            390.9,
            422.6,
            492.42,
            510.39,
            429.22,
            386.5
        ],
        [
            389.45,
            477.8,
            513.41,
            509.56,
            494.65,
            481.37,
            491.51,
            450.25,
            449.28,
            null,
            439.85,
            465.95,
            393.1,
            492.47,
            387.73,
            416.75,
            388.92,
            480.49,
            498.73,
            488.88
        ],
        [
            419.25,
            448.76,
            411.97,
            422.01,
            480.15,
            431.27,
            439.93,
            459.52,
            401.85,
            441.08,
            null,
            430.21,
            418.02,
            456.31,
            452.68,
            498.41,
            411.12,
            447.92,
            418.87,
            388.76
        ],
        [
            460.75,
            404.2,
            507.64,
            437.38,
            386.76,
            469.34,
            408.34,
            488.33,
            407.14,
            510.19,
            461.28,
            null,
            407.56,
            481.68,
            512.21,
            406.22,
            399.06,
            426.14,
            431.24,
            392.52
        ],
        [
            454.4,
            459.03,
            442.61,
            404.25,
            433.1,
            470.66,
            428.61,
            424.37,
            444.09,
            479.54,
            401.5,
            416.42,
            null,
            496.48,
            467.5,
            439.77,
            464.05,
            494.36,
            417.57,
            418.1
        ],
        [
            481.86,
            479.41,
            415.49,
            461.83,
            445.67,
            465.92,
            403.01,
            484.63,
            496.33,
            424.18,
            444.14,
            385.69,
            396.08,
            null,
            477.2,
            432.46,
            420.98,
            388.47,
            452.8,
            435.6
        ],
        [
            509.33,
            507.71,
            420.52,
            439.98,
            412.58,
            438.81,
            456.76,
            504.7,
            504.21,
            457.2,
            387.67,
            490.32,
            423.87,
            393.76,
            null,
            512.99,
            409.19,
            430.23,
            456.07,
            453.53
        ],
        [
            437.74,
            389.67,
            394.37,
            485.85,
            485.1,
            475.67,
            434.93,
            439.76,
            425.73,
            482.79,
            416.39,
            506.19,
            472.64,
            491.19,
            504.01,
            null,
            442.27,
            508.76,
            470.1,
            478.1
        ],
        [
            454.71,
            446.45,
            457.18,
            514.03,
            440.19,
            435.41,
            408.74,
            434.95,
            453.03,
            496.79,
            489.32,
            395.99,
            414.15,
            396.2,
            476.94,
            502.42,
            null,
            459.21,
            416.31,
            415.98
        ],
        [
            482.57,
            401.01,
            422.72,
            485.52,
            406.44,
            469.53,
            508.74,
            392.84,
            447.09,
            485.76,
            408.85,
            389.81,
            476.32,
            490.77,
            442.59,
            400.76,
            395.7,
            null,
            474.43,
            502.63
        ],
        [
            427.91,
            423.0,
            479.38,
            392.72,
            389.3,
            480.39,
            448.36,
            503.56,
            405.22,
            403.6,
            486.25,
            449.7,
            421.45,
            478.29,
            479.78,
            441.47,
            424.08,
            500.63,
            null,
            473.94
        ],
        [
            435.26,
            452.53,
            388.0,
            484.99,
            493.23,
            404.14,
            475.87,
            390.89,
            472.02,
            450.28,
            444.26,
            449.14,
            480.87,
            458.86,
            427.37,
            495.82,
            488.58,
            399.24,
            420.98,
            null
        ]
    ],
    "tempos_processamento": [
        537.12,
        322.51,
        219.46,
        364.34,
        351.3,
        414.92,
        604.41,
        529.52,
        566.1,
        260.04,
        515.55,
        409.76,
        190.28,
        228.24,
        624.59,
        506.74,
        658.67,
        244.99,
        544.11,
        318.29
    ],
    "ready_times": [
        5089.43,
        6088.74,
        6769.92,
        2482.46,
        5815.21,
        4607.84,
        2719.72,
        4313.06,
        421.18,
        5963.35,
        1009.73,
        0.0,
        571.57,
        2825.09,
        6097.13,
        5286.75,
        2833.45,
        5913.35,
        1383.42,
        1874.78
    ]
}