{
    "configuracao": {
        "codigo_cenario": "HHLHLLH",
        "nivel_ready_time": "alta",
        "variabilidade_processamento": "alta",
        "media_processamento": "baixa",
        "estrutura_setup": "assimetrica",
        "variabilidade_setup": "baixa",
        "n_maquinas": 2,
        "n_medio_jobs_maquina": 10,
        "n_jobs": 20
    },
    "matriz_setup": [
        [
            null,
            419.58,
            412.13,
            481.61,
            470.25,
            459.86,
            468.26,
            457.62,
            421.07,
            428.78,
            441.66,
            404.08,
            408.35,
            451.03,
            467.84,
            506.74,
            450.51,
            443.45,
            488.52,
            482.02
        ],
        [
            386.66,
            null,
            456.8,
            427.19,
            490.22,
            513.92,
            470.12,
            503.15,
            484.7,
            437.92,
            422.15,
            506.59,
            471.01,
            473.7,
            488.26,
            405.61,
            388.98,
            502.76,
            494.28,
            432.62
        ],
        [
            486.0,
            459.34,
            null,
            454.06,
            399.38,
            409.36,
            449.88,
            481.34,
            467.35,
            512.57,
            396.93,
            408.89,
            420.73,
            397.06,
            493.62,
            415.49,
            464.65,
            492.76,
            421.52,
            497.94
        ],
        [
            495.13,
            414.82,
            451.56,
            null,
            451.64,
            406.67,
            407.2,
            440.52,
            505.01,
            389.84,
            470.2,
            477.77,
            511.93,
            492.93,
            445.89,
            466.31,
            472.41,
            466.87,
            482.07,
            396.78
        ],
        [
            433.8,
            434.12,
            503.97,
            492.37,
            null,
            476.4,
            494.2,
            429.5,
            435.55,
            399.86,
            445.32,
            514.34,
            472.27,
            418.04,
            452.14,
            416.28,
            450.75,
            476.06,
            481.89,
            464.47
        ],
        [
            390.62,
            511.15,
            404.79,
            495.83,
            388.68,
            null,
            502.27,
            410.71,
            386.7,
            464.94,
            498.53,
            433.21,
            391.04,
            451.43,
            477.52,
            483.4,
            480.56,
            390.55,
            473.9,
            426.49
        ],
        [
            458.18,
            492.99,
            499.4,
            440.93,
            420.03,
            495.07,
            null,
            451.21,
            410.26,
            497.25,
            448.49,
            415.61,
            499.31,
            439.1,
            468.29,
            487.33,
            423.35,
            444.41,
            443.28,
            448.55
        ],
        [
            450.17,
            480.63,
            454.39,
            444.01,
            496.19,
            476.81,
            454.08,
            null,
            448.65,
            393.1,
            441.13,
            388.18,
            497.1,
            490.42,
            495.05,
            462.2,
            455.12,
            388.69,
            476.03,
            489.54
        ],
        [
            405.4,
            407.45,
            463.98,
            447.59,
            390.38,
            491.09,
            404.51,
            396.4,
            null,
            438.02,
            486.87,
            403.97,
            457.17,
            487.22,
            415.74,
            461.18,
            398.11,
            495.35,
            427.31,
            388.26
        ],
        [
            409.4,
            480.06,
            480.72,
            445.25,
            409.78,
            415.07,
            395.74,
            506.58,
            470.97,
            null,
            418.57,
            445.71,
            503.38,
            498.36,
            400.68,
            388.49,
            453.16,
            492.2,
            470.52,
            514.0
        ],
        [
            435.92,
            456.86,
            461.58,
            476.49,
            480.32,
            506.55,
            422.08,
            399.36,
            463.04,
            463.91,
            null,
            489.18,
            508.16,
            406.93,
            454.05,
            477.36,
            508.86,
            464.77,
            461.95,
            417.97
        ],
        [
            493.26,
            457.22,
            457.32,
            460.24,
            478.61,
            413.09,
            423.33,
            459.57,
            392.57,
            458.39,
            500.38,
            null,
            414.63,
            499.09,
            404.54,
            488.78,
            496.23,
            481.5,
            458.27,
            485.82
        ],
        [
            510.42,
            502.72,
            407.89,
            460.5,
            494.43,
            467.08,
            504.63,
            473.98,
            463.53,
            498.42,
            391.05,
            401.85,
            null,
            411.3,
            422.84,
            393.23,
            404.16,
            481.52,
            508.82,
            488.91
        ],
        [
            482.43,
            490.07,
            502.38,
            451.86,
            444.0,
            421.51,
            482.55,
            460.34,
            411.05,
            496.86,
            422.57,
            486.72,
            465.68,
            null,
            514.71,
            511.02,
            432.86,
            420.66,
            509.82,
            480.45
        ],
        [
            495.14,
            492.91,
            424.29,
            479.1,
            411.79,
            506.76,
            469.73,
            416.39,
            484.03,
            433.35,
            497.27,
            506.27,
            496.82,
            505.62,
            null,
            432.4,
            394.9,
            494.03,
            452.59,
            507.71
        ],
        [
            510.07,
            430.57,
            421.21,
            450.8,
            393.98,
            447.12,
            454.61,
            471.88,
            459.77,
            476.14,
            456.0,
            420.54,
            476.88,
            511.2,
            419.07,
            null,
            433.93,
            446.78,
            497.26,
            400.13
        ],
        [
            402.73,
            503.61,
            505.48,
            477.04,
            469.22,
            497.64,
            404.88,
            451.36,
            413.15,
            409.28,
            428.51,
            491.66,
            462.5,
            443.98,
            389.44,
            401.54,
            null,
            455.64,
            471.94,
            436.29
        ],
        [
            463.32,
            470.94,
            396.72,
            447.65,
            472.83,
            404.03,
            513.66,
            407.29,
            407.33,
            398.44,
            489.82,
            476.6,
            476.12,
            455.75,
            416.06,
            405.91,
            452.73,
            null,
            486.3,
            388.46
        ],
        [
            496.26,
            403.38,
            431.43,
            456.37,
            512.55,
            494.11,
            411.97,
            436.03,
            434.77,
            386.74,
            511.57,
            514.34,
            411.17,
            401.31,
            401.8,
            448.94,
            424.29,
            422.4,
            null,
            439.25
        ],
        [
            493.14,
            485.02,
            446.16,
            414.18,
            416.38,
            499.4,
            431.67,
            473.09,
            491.71,
            510.99,
            506.05,
            482.34,
            400.05,
            464.14,
            429.89,
            436.48,
            482.39,
            422.49,
            410.32,
            null
        ]
    ],
    "tempos_processamento": [
        326.28,
        275.33,
        268.62,
        304.53,
        269.53,
        327.55,
        325.1,
        467.43,
        574.48,
        311.2,
        556.05,
        261.7,
        660.9,
        654.55,
        399.09,
        562.28,
        323.95,
        622.27,
        714.71,
        474.27
    ],
    "ready_times": [
        1437.26,
        1905.45,
        4762.91,
        877.08,
        4392.16,
        270.12,
        3298.67,
        1184.61,
        4893.71,
        364.2,
        3704.25,
        2347.03,
        5291.99,
        2029.07,
        3934.27,
        5280.8,
        3559.3,
        870.6,
        2931.45,
        0.0
    ]
}