{
    "configuracao": {
        "codigo_cenario": "HHLHLLH",
        "nivel_ready_time": "alta",
        "variabilidade_processamento": "alta",
        "media_processamento": "baixa",
        "estrutura_setup": "assimetrica",
        "variabilidade_setup": "baixa",
        "n_maquinas": 2,
        "n_medio_jobs_maquina": 10,
        "n_jobs": 20
    },
    "matriz_setup": [
        [
            null,
            472.94,
            476.74,
            472.61,
            396.76,
            444.64,
            468.17,
            500.71,
            494.23,
            499.13,
            452.67,
            496.12,
            492.13,
            445.5,
            439.29,
            420.84,
            465.02,
            504.99,
            391.75,
            470.37
        ],
        [
            483.18,
            null,
            456.06,
            448.79,
            501.76,
            425.6,
            458.77,
            428.58,
            494.29,
            481.06,
            432.21,
            492.43,
            426.5,
            460.71,
            411.1,
            490.59,
            480.99,
            505.44,
            420.15,
            505.88
        ],
        [
            430.75,
            508.45,
            null,
            430.04,
            390.13,
            426.94,
            461.76,
            459.69,
            398.95,
            397.67,
            394.94,
            393.48,
            394.29,
            387.36,
            444.79,
            445.57,
            474.03,
            484.44,
            502.77,
            398.41
        ],
        [
            458.51,
            417.02,
            415.28,
            null,
            456.64,
            485.01,
            425.79,
            385.23,
            393.69,
            494.23,
            415.14,
            464.59,
            406.34,
            398.79,
            465.44,
            441.48,
            410.01,
            432.46,
            399.1,
            511.19
        ],
        [
            433.08,
            416.06,
            476.87,
            472.54,
            null,
            436.23,
            429.76,
            486.97,
            440.13,
            469.41,
            397.31,
            500.21,
            467.24,
            480.89,
            416.67,
            483.36,
            419.01,
            474.39,
            505.54,
            461.44
        ],
        [
            429.5,
            419.17,
            459.2,
            401.12,
            490.34,
            null,
            477.42,
            509.39,
            433.96,
            507.78,
            393.95,
            497.2,
            476.68,
            509.62,
            435.31,
            459.16,
            474.39,
            398.77,
            514.03,
            400.95
        ],
        [
            453.73,
            456.02,
            481.11,
            440.12,
            460.49,
            453.18,
            null,
            489.22,
            414.45,
            430.53,
            460.19,
            513.81,
            486.89,
            444.65,
            422.08,
            405.36,
            496.71,
            514.41,
            388.6,
            424.38
        ],
        [
            474.2,
            465.13,
            391.74,
            506.36,
            397.33,
            398.57,
            448.56,
            null,
            444.54,
            399.33,
            472.18,
            489.5,
            424.91,
            414.23,
            459.91,
            420.58,
            505.22,
            482.28,
            496.86,
            487.45
        ],
        [
            451.84,
            426.58,
            447.88,
            399.86,
            499.33,
            500.31,
            460.21,
            491.43,
            null,
            402.44,
            488.73,
            429.07,
            424.51,
            485.79,
            445.56,
            414.59,
            487.79,
            465.22,
            396.67,
            424.58
        ],
        [
            490.95,
            400.13,
            385.97,
            431.07,
            455.08,
            503.67,
            468.63,
            491.79,
            479.58,
            null,
            512.52,
            501.24,
            427.4,
            387.42,
            465.1,
            427.41,
            435.11,
            421.88,
            475.63,
            465.74
        ],
        [
            448.18,
            505.44,
            394.89,
            438.85,
            476.95,
            387.2,
            483.51,
            474.29,
            406.78,
            511.52,
            null,
            474.62,
            431.62,
            470.43,
            404.62,
            446.7,
            424.82,
            489.59,
            455.25,
            394.44
        ],
        [
            397.12,
            435.04,
            404.57,
            437.05,
            475.34,
            512.74,
            432.13,
            490.57,
            502.6,
            442.93,
            445.46,
            null,
            391.92,
            507.95,
            410.27,
            474.95,
            468.96,
            512.75,
            388.41,
            397.0
        ],
        [
            415.97,
            484.39,
            514.19,
            496.52,
            431.5,
            434.9,
            394.84,
            414.76,
            441.87,
            453.91,
            420.76,
            473.65,
            null,
            386.45,
            449.95,
            392.7,
            427.39,
            422.27,
            472.11,
            431.85
        ],
        [
            494.65,
            468.07,
            477.37,
            421.55,
            434.49,
            478.03,
            507.51,
            477.78,
            415.56,
            469.22,
            455.81,
            406.87,
            507.83,
            null,
            493.51,
            423.83,
            479.56,
            469.37,
            460.92,
            424.91
        ],
        [
            453.27,
            460.06,
            429.22,
            471.15,
            457.42,
            497.49,
            447.06,
            466.49,
            480.96,
            427.47,
            479.17,
            476.24,
            463.81,
            393.06,
            null,
            492.62,
            445.49,
            469.13,
            486.36,
            398.13
        ],
        [
            404.26,
            438.54,
            442.39,
            418.81,
            452.83,
            469.84,
            511.46,
            415.05,
            495.41,
            396.37,
            449.96,
            401.61,
            411.37,
            406.63,
            498.49,
            null,
            404.58,
            452.56,
            456.11,
            412.72
        ],
        [
            488.88,
            462.72,
            462.38,
            486.17,
            468.62,
            406.91,
            443.34,
            410.35,
            447.88,
            479.88,
            396.07,
            429.08,
            461.73,
            473.54,
            502.66,
            500.89,
            null,
            508.36,
            470.33,
            442.2
        ],
        [
            480.63,
            431.85,
            467.46,
            501.24,
            489.41,
            419.35,
            386.41,
            484.97,
            492.15,
            492.6,
            500.11,
            494.16,
            399.18,
            389.21,
            471.9,
            411.06,
            391.28,
            null,
            489.29,
            444.22
        ],
        [
            490.82,
            408.92,
            508.03,
            442.15,
            412.57,
            388.33,
            482.23,
            401.76,
            465.12,
            405.5,
            466.11,
            406.67,
            447.33,
            438.17,
            468.86,
            409.7,
            402.47,
            450.94,
            null,
            402.98
        ],
        [
            441.78,
            393.77,
            414.14,
            393.03,
            409.76,
            475.41,
            439.53,
            467.66,
            416.68,
            462.05,
            401.3,
            436.34,
            416.59,
            485.14,
            491.75,
            479.32,
            428.88,
            467.12,
            475.79,
            null
        ]
    ],
    "tempos_processamento": [
        334.28,
        451.77,
        634.27,
        646.25,
        279.56,
        363.69,
        511.98,
        586.08,
        273.67,
        582.9,
        254.15,
        263.54,
        327.99,
        365.93,
        183.56,
        637.59,
        218.61,
        478.97,
        252.38,
        511.0
    ],
    "ready_times": [
        5705.28,
        6998.91,
        1043.28,
        1561.34,
        3678.5,
        5289.94,
        7378.95,
        5267.68,
        0.0,
        250.54,
        4553.13,
        6876.1,
        2581.84,
        781.25,
        502.76,
        5471.62,
        7234.25,
        7155.45,
        378.88,
        6357.18
    ]
}