{
    "configuracao": {
        "codigo_cenario": "HHLHLLH",
        "nivel_ready_time": "alta",
        "variabilidade_processamento": "alta",
        "media_processamento": "baixa",
        "estrutura_setup": "assimetrica",
        "variabilidade_setup": "baixa",
        "n_maquinas": 2,
        "n_medio_jobs_maquina": 10,
        "n_jobs": 20
    },
    "matriz_setup": [
        [
            null,
            489.75,
            442.01,
            425.71,
            418.93,
            446.01,
            412.57,
            396.86,
            496.23,
            418.42,
            459.96,
            512.24,
            491.08,
            508.33,
            512.8,
            514.88,
            446.58,
            416.88,
            385.77,
            415.51
        ],
        [
            452.35,
            null,
            385.86,
            426.6,
            484.48,
            481.41,
            410.67,
            396.18,
            461.5,
            400.89,
            465.4,
            449.03,
            433.61,
            418.09,
            457.32,
            476.83,
            486.84,
            506.53,
            457.82,
            409.55
        ],
        [
            409.93,
            419.88,
            null,
            486.73,
            501.36,
            462.91,
            477.22,
            409.28,
            491.11,
            464.87,
            462.15,
            393.32,
            472.28,
            467.61,
            493.31,
            465.59,
            443.93,
            502.23,
            421.35,
            448.82
        ],
        [
            436.19,
            512.33,
            462.89,
            null,
            464.96,
            423.2,
            483.85,
            453.12,
            481.22,
            474.89,
            423.43,
            511.69,
            489.09,
            400.78,
            429.95,
            450.73,
            436.03,
            440.62,
            497.57,
            424.57
        ],
        [
            512.89,
            428.01,
            421.21,
            392.5,
            null,
            420.05,
            388.21,
            425.02,
            432.22,
            494.16,
            436.47,
            456.8,
            423.38,
            485.06,
            448.82,
            499.66,
            426.09,
            503.79,
            437.58,
            403.26
        ],
        [
            483.73,
            426.84,
            420.22,
            440.81,
            460.53,
            null,
            467.83,
            468.36,
            486.69,
            512.76,
            507.65,
            455.32,
            393.73,
            395.9,
            427.8,
            499.71,
            435.45,
            482.2,
            500.87,
            395.43
        ],
        [
            405.41,
            395.5,
            452.13,
            451.99,
            410.58,
            513.42,
            null,
            500.83,
            397.83,
            505.03,
            442.6,
            495.13,
            388.4,
            514.4,
            485.09,
            416.62,
            501.73,
            460.57,
            394.96,
            387.02
        ],
        [
            397.4,
            470.47,
            468.45,
            469.31,
            496.98,
            404.48,
            463.67,
            null,
            416.57,
            446.76,
            493.73,
            482.64,
            439.97,
            488.77,
            481.22,
            421.0,
            401.58,
            465.33,
            405.96,
            440.05
        ],
        [
            414.07,
            388.77,
            504.39,
            450.28,
            466.57,
            395.9,
            391.82,
            478.55,
            null,
            442.41,
            451.22,
            461.75,
            489.43,
            386.44,
            412.51,
            447.11,
            487.22,
            502.46,
            447.65,
            487.4
        ],
        [
            403.64,
            474.72,
            390.63,
            396.62,
            423.4,
            399.76,
            489.88,
            402.08,
            483.14,
            null,
            428.5,
            421.3,
            390.82,
            496.78,
            424.76,
            406.72,
            405.81,
            419.27,
            475.12,
            400.31
        ],
        [
            425.81,
            514.9,
            514.72,
            482.57,
            461.86,
            443.1,
            452.99,
            456.8,
            499.65,
            430.36,
            null,
            465.77,
            493.01,
            441.55,
            496.58,
            403.15,
            435.06,
            426.63,
            493.68,
            430.14
        ],
        [
            474.3,
            433.98,
            463.8,
            497.79,
            426.29,
            481.34,
            491.16,
            410.16,
            514.66,
            492.73,
            409.02,
            null,
            407.49,
            471.29,
            502.82,
            407.71,
            503.78,
            404.07,
            507.68,
            495.25
        ],
        [
            416.54,
            444.72,
            404.07,
            451.33,
            487.95,
            481.67,
            514.71,
            410.92,
            398.96,
            412.03,
            424.03,
            451.32,
            null,
            477.47,
            431.04,
            486.4,
            490.76,
            479.67,
            395.11,
            397.08
        ],
        [
            503.15,
            471.5,
            435.35,
            514.67,
            483.42,
            413.73,
            391.91,
            454.49,
            469.5,
            466.25,
            477.01,
            480.91,
            405.84,
            null,
            449.57,
            404.15,
            407.71,
            503.8,
            396.02,
            471.17
        ],
        [
            410.49,
            385.06,
            459.3,
            464.32,
            452.53,
            496.56,
            427.35,
            434.91,
            473.7,
            512.78,
            411.49,
            479.09,
            421.53,
            470.72,
            null,
            500.35,
            448.7,
            514.5,
            400.67,
            471.81
        ],
        [
            426.57,
            440.81,
            509.46,
            452.97,
            396.29,
            440.79,
            416.45,
            452.45,
            488.59,
            472.72,
            386.68,
            405.95,
            510.21,
            509.1,
            507.53,
            null,
            479.14,
            495.04,
            499.44,
            463.91
        ],
        [
            452.43,
            440.02,
            478.15,
            406.88,
            423.24,
            460.94,
            392.64,
            421.7,
            436.03,
            483.61,
            392.71,
            513.87,
            477.79,
            426.58,
            429.79,
            468.16,
            null,
            415.95,
            479.52,
            494.87
        ],
        [
            498.03,
            420.29,
            484.89,
            502.5,
            472.0,
            445.8,
            392.99,
            424.47,
            469.37,
            437.15,
            407.6,
            471.79,
            477.89,
            425.17,
            471.55,
            394.66,
            469.96,
            null,
            456.1,
            400.75
        ],
        [
            406.11,
            388.8,
            398.35,
            396.29,
            397.56,
            491.5,
            428.23,
            485.45,
            399.25,
            499.62,
            434.75,
            467.21,
            471.75,
            470.25,
            476.73,
            424.75,
            469.35,
            450.11,
            null,
            392.02
        ],
        [
            455.99,
            441.36,
            385.62,
            409.89,
            390.06,
            441.89,
            492.87,
            471.27,
            441.29,
            424.16,
            386.94,
            413.59,
            410.63,
            500.94,
            486.13,
            480.69,
            388.99,
            507.55,
            479.09,
            null
        ]
    ],
    "tempos_processamento": [
        682.98,
        446.45,
        489.55,
        558.1,
        184.0,
        511.37,
        498.39,
        554.85,
        365.5,
        600.83,
        320.11,
        569.89,
        272.57,
        387.7,
        373.26,
        198.7,
        649.58,
        320.21,
        407.77,
        648.34
    ],
    "ready_times": [
        140.77,
        615.29,
        2643.28,
        2495.27,
        4632.53,
        438.52,
        2060.26,
        2101.32,
        3006.12,
        189.03,
        0.0,
        2514.8,
        3611.24,
        2629.03,
        7595.72,
        240.76,
        1738.44,
        3840.61,
        3227.1,
        1132.58
    ]
}