{
    "configuracao": {
        "codigo_cenario": "HHLHLLH",
        "nivel_ready_time": "alta",
        "variabilidade_processamento": "alta",
        "media_processamento": "baixa",
        "estrutura_setup": "assimetrica",
        "variabilidade_setup": "baixa",
        "n_maquinas": 2,
        "n_medio_jobs_maquina": 10,
        "n_jobs": 20
    },
    "matriz_setup": [
        [
            null,
            484.24,
            411.31,
            444.86,
            442.89,
            459.28,
            455.75,
            449.72,
            417.44,
            391.68,
            418.28,
            486.13,
            461.7,
            424.44,
            504.39,
            412.02,
            440.0,
            452.86,
            452.36,
            428.01
        ],
        [
            462.19,
            null,
            457.63,
            509.6,
            508.48,
            459.27,
            404.1,
            479.34,
            506.13,
            491.92,
            470.84,
            446.42,
            399.15,
            408.4,
            396.45,
            460.18,
            481.44,
            507.96,
            492.69,
            450.59
        ],
        [
            419.91,
            465.73,
            null,
            509.72,
            406.66,
            491.31,
            444.44,
            513.85,
            441.01,
            447.35,
            484.22,
            396.3,
            420.48,
            414.67,
            509.46,
            486.08,
            493.62,
            464.43,
            448.7,
            460.94
        ],
        [
            455.02,
            468.2,
            403.0,
            null,
            508.62,
            419.54,
            442.03,
            454.88,
            438.97,
            429.73,
            494.94,
            412.58,
            447.56,
            455.79,
            436.98,
            405.3,
            460.58,
            486.51,
            490.36,
            505.84
        ],
        [
            410.36,
            431.56,
            483.09,
            418.63,
            null,
            489.38,
            504.24,
            498.9,
            455.66,
            495.57,
            497.38,
            423.76,
            467.22,
            451.91,
            457.53,
            483.08,
            447.51,
            407.32,
            480.82,
            502.71
        ],
        [
            436.6,
            386.87,
            387.56,
            427.84,
            481.5,
            null,
            448.03,
            435.07,
            514.0,
            412.1,
            485.22,
            513.34,
            441.03,
            480.73,
            406.94,
            485.99,
            486.26,
            430.14,
            440.99,
            483.11
        ],
        [
            408.75,
            398.7,
            496.0,
            449.48,
            502.56,
            447.62,
            null,
            394.53,
            408.3,
            429.6,
            430.25,
            465.46,
            470.34,
            420.49,
            483.42,
            474.02,
            464.44,
            454.02,
            430.99,
            496.24
        ],
        [
            493.81,
            503.01,
            501.91,
            404.93,
            436.89,
            509.28,
            389.81,
            null,
            513.91,
            398.48,
            479.64,
            391.75,
            453.28,
            499.42,
            422.33,
            432.44,
            409.27,
            480.35,
            482.34,
            466.36
        ],
        [
            391.8,
            513.29,
            495.85,
            436.61,
            444.79,
            468.96,
            479.39,
            392.81,
            null,
            394.42,
            502.02,
            386.53,
            445.46,
            464.33,
            479.75,
            488.33,
            424.28,
            508.91,
            423.75,
            385.37
        ],
        [
            447.58,
            406.8,
            401.58,
            480.49,
            485.01,
            436.99,
            399.66,
            472.24,
            458.02,
            null,
            420.73,
            416.58,
            492.68,
            403.18,
            493.3,
            459.88,
            386.46,
            507.03,
            466.69,
            497.31
        ],
        [
            433.66,
            447.64,
            512.42,
            441.96,
            424.68,
            434.83,
            421.07,
            507.33,
            398.61,
            444.94,
            null,
            507.24,
            507.81,
            403.43,
            435.12,
            413.4,
            408.93,
            487.87,
            493.9,
            463.15
        ],
        [
            502.47,
            408.78,
            513.88,
            505.85,
            505.24,
            471.76,
            409.6,
            495.28,
            454.22,
            480.93,
            491.43,
            null,
            463.74,
            438.67,
            478.11,
            452.0,
            426.8,
            489.01,
            422.41,
            488.37
        ],
        [
            398.23,
            492.61,
            402.11,
            426.68,
            478.99,
            401.93,
            395.21,
            497.51,
            470.24,
            486.14,
            512.87,
            464.58,
            null,
            496.97,
            397.36,
            440.75,
            421.34,
            469.98,
            459.33,
            400.0
        ],
        [
            428.65,
            435.45,
            484.28,
            399.31,
            417.37,
            492.37,
            482.11,
            399.9,
            502.1,
            446.96,
            416.51,
            453.78,
            469.37,
            null,
            460.01,
            473.03,
            442.3,
            483.04,
            503.25,
            407.9
        ],
        [
            486.14,
            441.19,
            455.53,
            431.2,
            489.96,
            460.87,
            405.56,
            398.7,
            479.5,
            387.52,
            473.82,
            405.97,
            432.34,
            483.18,
            null,
            423.39,
            429.43,
            457.75,
            444.32,
            416.72
        ],
        [
            439.15,
            476.74,
            502.11,
            478.66,
            507.29,
            490.04,
            421.66,
            425.54,
            385.36,
            412.85,
            460.08,
            398.47,
            484.14,
            461.76,
            487.7,
            null,
            482.65,
            443.72,
            424.65,
            465.17
        ],
        [
            427.76,
            431.57,
            412.68,
            454.83,
            391.35,
            413.5,
            418.53,
            386.1,
            458.87,
            449.04,
            511.9,
            473.05,
            425.17,
            494.17,
            387.78,
            461.54,
            null,
            434.79,
            483.69,
            411.57
        ],
        [
            476.85,
            452.71,
            477.73,
            391.41,
            456.4,
            419.91,
            396.08,
            390.59,
            497.15,
            440.38,
            418.31,
            485.71,
            397.23,
            409.98,
            412.85,
            425.4,
            443.27,
            null,
            399.46,
            439.69
        ],
        [
            470.23,
            395.1,
            445.86,
            430.18,
            436.59,
            512.11,
            513.93,
            467.81,
            502.83,
            413.37,
            420.95,
            440.09,
            393.56,
            388.79,
            482.99,
            514.01,
            489.09,
            464.47,
            null,
            512.86
        ],
        [
            474.44,
            477.2,
            508.07,
            395.67,
            501.49,
            435.08,
            479.48,
            412.56,
            451.98,
            444.38,
            506.33,
            440.26,
            497.99,
            473.15,
            512.63,
            446.39,
            468.48,
            455.66,
            447.4,
            null
        ]
    ],
    "tempos_processamento": [
        491.52,
        698.87,
        469.26,
        465.72,
        623.66,
        635.65,
        233.59,
        358.94,
        664.08,
        464.14,
        580.77,
        600.79,
        189.97,
        283.51,
        578.18,
        657.51,
        449.34,
        215.72,
        374.43,
        692.71
    ],
    "ready_times": [
        3600.6,
        5845.69,
        1446.83,
        6908.92,
        1995.1,
        4856.29,
        6280.3,
        5731.35,
        2444.8,
        4645.86,
        6129.17,
        3271.73,
        3281.36,
        93.68,
        5442.85,
        4114.16,
        1601.07,
        7365.4,
        557.54,
        0.0
    ]
}