{
    "configuracao": {
        "codigo_cenario": "HHLHLLH",
        "nivel_ready_time": "alta",
        "variabilidade_processamento": "alta",
        "media_processamento": "baixa",
        "estrutura_setup": "assimetrica",
        "variabilidade_setup": "baixa",
        "n_maquinas": 2,
        "n_medio_jobs_maquina": 10,
        "n_jobs": 20
    },
    "matriz_setup": [
        [
            null,
            494.19,
            429.57,
            513.86,
            502.34,
            409.25,
            426.48,
            490.85,
            399.84,
            507.13,
            462.04,
            474.36,
            398.86,
            390.09,
            395.38,
            390.74,
            449.11,
            388.23,
            480.84,
            454.01
        ],
        [
            391.55,
            null,
            407.49,
            477.63,
            424.78,
            390.42,
            412.62,
            390.25,
            407.49,
            442.04,
            406.58,
            417.53,
            476.7,
            472.2,
            416.22,
            488.28,
            473.3,
            503.23,
            492.47,
            449.63
        ],
        [
            470.96,
            498.54,
            null,
            442.01,
            395.38,
            484.02,
            411.16,
            493.14,
            478.34,
            480.82,
            414.38,
            436.06,
            402.45,
            409.2,
            459.98,
            451.05,
            459.95,
            401.91,
            400.25,
            507.87
        ],
        [
            403.3,
            497.87,
            423.12,
            null,
            498.0,
            451.39,
            423.75,
            432.26,
            435.59,
            422.42,
            417.74,
            503.3,
            393.81,
            512.17,
            469.94,
            404.18,
            398.95,
            428.99,
            505.01,
            406.65
        ],
        [
            428.66,
            508.21,
            436.55,
            395.31,
            null,
            424.7,
            396.85,
            410.75,
            399.94,
            461.65,
            438.73,
            509.4,
            452.1,
            483.48,
            433.87,
            397.88,
            438.13,
            392.26,
            466.99,
            389.39
        ],
        [
            417.05,
            433.79,
            450.32,
            410.79,
            393.29,
            null,
            426.53,
            458.49,
            455.92,
            454.16,
            488.47,
            450.91,
            402.66,
            457.29,
            388.73,
            396.24,
            482.79,
            438.01,
            473.34,
            414.78
        ],
        [
            396.14,
            501.91,
            445.34,
            434.93,
            514.38,
            450.32,
            null,
            460.16,
            497.73,
            447.38,
            472.46,
            432.19,
            407.03,
            497.18,
            440.84,
            443.93,
            488.62,
            392.96,
            466.91,
            486.73
        ],
        [
            497.29,
            449.05,
            482.46,
            503.56,
            393.63,
            392.07,
            418.36,
            null,
            442.72,
            390.1,
            443.73,
            447.7,
            419.71,
            404.34,
            415.78,
            427.68,
            422.19,
            456.27,
            470.61,
            462.09
        ],
        [
            491.97,
            388.79,
            506.11,
            457.68,
            481.21,
            392.7,
            402.79,
            510.95,
            null,
            433.62,
            436.39,
            494.25,
            465.45,
            467.23,
            477.64,
            387.53,
            434.99,
            509.21,
            499.24,
            468.05
        ],
        [
            514.45,
            385.74,
            487.51,
            430.13,
            435.84,
            412.69,
            469.7,
            408.91,
            388.14,
            null,
            402.48,
            420.24,
            463.29,
            460.14,
            410.09,
            414.7,
            488.89,
            453.03,
            463.2,
            437.0
        ],
        [
            489.95,
            424.7,
            454.64,
            392.74,
            443.95,
            451.83,
            458.67,
            434.41,
            391.72,
            494.6,
            null,
            468.32,
            512.6,
            476.33,
            455.79,
            466.9,
            396.91,
            386.07,
            501.85,
            491.19
        ],
        [
            508.73,
            448.56,
            511.06,
            487.68,
            409.62,
            406.82,
            479.26,
            481.27,
            449.26,
            503.48,
            509.1,
            null,
            501.15,
            506.82,
            410.02,
            481.99,
            431.98,
            464.74,
            479.49,
            496.31
        ],
        [
            483.32,
            437.73,
            482.22,
            447.47,
            448.41,
            442.25,
            390.22,
            429.71,
            487.65,
            435.69,
            419.17,
            480.27,
            null,
            445.6,
            500.5,
            436.39,
            427.77,
            416.73,
            462.05,
            464.0
        ],
        [
            495.17,
            441.64,
            430.41,
            451.64,
            414.27,
            441.2,
            432.93,
            437.31,
            406.53,
            422.38,
            498.91,
            404.47,
            415.86,
            null,
            503.16,
            431.68,
            480.18,
            451.23,
            411.4,
            446.23
        ],
        [
            388.16,
            414.58,
            488.84,
            497.8,
            400.63,
            429.06,
            419.06,
            431.08,
            499.98,
            442.06,
            456.77,
            412.44,
            449.45,
            420.05,
            null,
            449.85,
            450.6,
            500.64,
            457.76,
            443.58
        ],
        [
            388.79,
            454.11,
            486.15,
            390.19,
            470.25,
            447.6,
            480.67,
            399.21,
            394.35,
            493.49,
            493.53,
            513.31,
            392.53,
            502.34,
            469.86,
            null,
            390.31,
            471.47,
            495.18,
            477.4
        ],
        [
            493.73,
            403.94,
            425.74,
            496.7,
            417.61,
            484.32,
            403.52,
            510.84,
            494.23,
            469.43,
            404.15,
            395.71,
            509.15,
            510.6,
            452.91,
            439.58,
            null,
            513.73,
            432.11,
            507.08
        ],
        [
            398.93,
            457.93,
            462.41,
            509.26,
            495.18,
            496.46,
            424.65,
            482.77,
            443.25,
            389.36,
            447.73,
            485.67,
            510.24,
            489.93,
            502.65,
            432.63,
            462.73,
            null,
            389.1,
            474.21
        ],
        [
            472.85,
            474.1,
            427.48,
            502.3,
            411.97,
            481.74,
            423.29,
            432.87,
            494.09,
            491.22,
            500.76,
            472.63,
            393.53,
            472.2,
            504.78,
            447.59,
            514.33,
            417.75,
            null,
            467.78
        ],
        [
            407.73,
            441.32,
            505.11,
            388.58,
            392.44,
            463.78,
            393.01,
            404.43,
            443.91,
            466.29,
            498.03,
            423.5,
            388.14,
            510.63,
            417.28,
            419.61,
            506.75,
            385.23,
            401.0,
            null
        ]
    ],
    "tempos_processamento": [
        230.35,
        238.66,
        691.52,
        599.55,
        233.13,
        597.74,
        309.18,
        331.65,
        264.52,
        232.88,
        414.47,
        569.83,
        386.07,
        391.56,
        308.98,
        418.58,
        432.26,
        592.92,
        263.96,
        210.8
    ],
    "ready_times": [
        5672.41,
        3320.75,
        3813.32,
        2360.79,
        4136.03,
        6922.17,
        4555.3,
        0.0,
        6173.97,
        5614.57,
        3924.38,
        1257.05,
        924.89,
        3262.8,
        3427.36,
        4561.33,
        7718.55,
        3745.63,
        2330.63,
        1276.44
    ]
}