{
    "configuracao": {
        "codigo_cenario": "HLHLHLL",
        "nivel_ready_time": "alta",
        "variabilidade_processamento": "baixa",
        "media_processamento": "alta",
        "estrutura_setup": "simetrica",
        "variabilidade_setup": "alta",
        "n_maquinas": 2,
        "n_medio_jobs_maquina": 3,
        "n_jobs": 6
    },
    "matriz_setup": [
        [
            null,
            327.39,
            376.06,
            443.08,
            394.91,
            355.95
        ],
        [
            327.39,
            null,
            333.38,
            527.15,
            325.21,
            368.16
        ],
        [
            376.06,
            333.38,
            null,
            562.73,
            476.82,
            573.38
        ],
        [
            443.08,
            527.15,
            562.73,
            null,
            409.47,
            365.84
        ],
        [
            394.91,
            325.21,
            476.82,
            409.47,
            null,
            322.42
        ],
        [
            355.95,
            368.16,
            573.38,
            365.84,
            322.42,
            null
        ]
    ],
    "tempos_processamento": [
        4231.84,
        4307.26,
        4538.48,
        4268.28,
        4605.5,
        4458.91
    ],
    "ready_times": [
        982.29,
        0.0,
        6684.82,
        2184.96,
        2810.64,
        4976.32
    ]
}