{
    "configuracao": {
        "codigo_cenario": "HLHLHLL",
        "nivel_ready_time": "alta",
        "variabilidade_processamento": "baixa",
        "media_processamento": "alta",
        "estrutura_setup": "simetrica",
        "variabilidade_setup": "alta",
        "n_maquinas": 2,
        "n_medio_jobs_maquina": 3,
        "n_jobs": 6
    },
    "matriz_setup": [
        [
            null,
            530.41,
            415.46,
            442.75,
            361.48,
            457.22
        ],
        [
            530.41,
            null,
            512.46,
            440.41,
            486.34,
            397.39
        ],
        [
            415.46,
            512.46,
            null,
            550.2,
            517.14,
            491.65
        ],
        [
            442.75,
            440.41,
            550.2,
            null,
            361.66,
            570.98
        ],
        [
            361.48,
            486.34,
            517.14,
            361.66,
            null,
            349.73
        ],
        [
            457.22,
            397.39,
            491.65,
            570.98,
            349.73,
            null
        ]
    ],
    "tempos_processamento": [
        4486.16,
        4263.28,
        4513.9,
        4614.01,
        4741.93,
        4642.28
    ],
    "ready_times": [
        7916.56,
        1934.28,
        0.0,
        6691.17,
        7412.99,
        7572.08
    ]
}