{
    "configuracao": {
        "codigo_cenario": "HLHLHLL",
        "nivel_ready_time": "alta",
        "variabilidade_processamento": "baixa",
        "media_processamento": "alta",
        "estrutura_setup": "simetrica",
        "variabilidade_setup": "alta",
        "n_maquinas": 2,
        "n_medio_jobs_maquina": 3,
        "n_jobs": 6
    },
    "matriz_setup": [
        [
            null,
            433.39,
            442.48,
            361.87,
            456.96,
            376.66
        ],
        [
            433.39,
            null,
            336.88,
            561.09,
            551.14,
            369.12
        ],
        [
            442.48,
            336.88,
            null,
            523.27,
            415.61,
            548.72
        ],
        [
            361.87,
            561.09,
            523.27,
            null,
            572.04,
            498.74
        ],
        [
            456.96,
            551.14,
            415.61,
            572.04,
            null,
            565.47
        ],
        [
            376.66,
            369.12,
            548.72,
            498.74,
            565.47,
            null
        ]
    ],
    "tempos_processamento": [
        4314.67,
        4634.84,
        4490.14,
        4251.49,
        4470.63,
        4422.26
    ],
    "ready_times": [
        8131.23,
        0.0,
        6187.19,
        7407.26,
        6654.23,
        192.2
    ]
}