{
    "configuracao": {
        "codigo_cenario": "HLHLHLL",
        "nivel_ready_time": "alta",
        "variabilidade_processamento": "baixa",
        "media_processamento": "alta",
        "estrutura_setup": "simetrica",
        "variabilidade_setup": "alta",
        "n_maquinas": 2,
        "n_medio_jobs_maquina": 3,
        "n_jobs": 6
    },
    "matriz_setup": [
        [
            null,
            380.01,
            550.26,
            429.91,
            411.54,
            331.3
        ],
        [
            380.01,
            null,
            505.99,
            334.81,
            452.73,
            361.92
        ],
        [
            550.26,
            505.99,
            null,
            448.8,
            470.1,
            443.83
        ],
        [
            429.91,
            334.81,
            448.8,
            null,
            415.85,
            499.11
        ],
        [
            411.54,
            452.73,
            470.1,
            415.85,
            null,
            362.63
        ],
        [
            331.3,
            361.92,
            443.83,
            499.11,
            362.63,
            null
        ]
    ],
    "tempos_processamento": [
        4575.65,
        4438.92,
        4684.58,
        4311.98,
        4634.14,
        4522.99
    ],
    "ready_times": [
        5932.32,
        0.0,
        132.15,
        8203.71,
        7457.85,
        2875.12
    ]
}