{
    "configuracao": {
        "codigo_cenario": "HHLLLLL",
        "nivel_ready_time": "alta",
        "variabilidade_processamento": "alta",
        "media_processamento": "baixa",
        "estrutura_setup": "simetrica",
        "variabilidade_setup": "baixa",
        "n_maquinas": 2,
        "n_medio_jobs_maquina": 3,
        "n_jobs": 6
    },
    "matriz_setup": [
        [
            null,
            421.17,
            415.05,
            445.92,
            398.03,
            420.14
        ],
        [
            421.17,
            null,
            431.86,
            422.77,
            490.79,
            434.34
        ],
        [
            415.05,
            431.86,
            null,
            508.83,
            433.42,
            411.84
        ],
        [
            445.92,
            422.77,
            508.83,
            null,
            500.64,
            472.11
        ],
        [
            398.03,
            490.79,
            433.42,
            500.64,
            null,
            418.59
        ],
        [
            420.14,
            434.34,
            411.84,
            472.11,
            418.59,
            null
        ]
    ],
    "tempos_processamento": [
        524.5,
        525.29,
        224.84,
        594.7,
        642.55,
        640.32
    ],
    "ready_times": [
        115.58,
        900.94,
        19.97,
        607.98,
        1249.78,
        0.0
    ]
}