{
    "configuracao": {
        "codigo_cenario": "HHLLLLL",
        "nivel_ready_time": "alta",
        "variabilidade_processamento": "alta",
        "media_processamento": "baixa",
        "estrutura_setup": "simetrica",
        "variabilidade_setup": "baixa",
        "n_maquinas": 2,
        "n_medio_jobs_maquina": 3,
        "n_jobs": 6
    },
    "matriz_setup": [
        [
            null,
            418.13,
            481.3,
            490.06,
            438.52,
            435.42
        ],
        [
            418.13,
            null,
            504.36,
            450.07,
            476.34,
            486.7
        ],
        [
            481.3,
            504.36,
            null,
            391.79,
            431.55,
            410.19
        ],
        [
            490.06,
            450.07,
            391.79,
            null,
            457.93,
            437.2
        ],
        [
            438.52,
            476.34,
            431.55,
            457.93,
            null,
            513.38
        ],
        [
            435.42,
            486.7,
            410.19,
            437.2,
            513.38,
            null
        ]
    ],
    "tempos_processamento": [
        345.68,
        526.24,
        391.24,
        475.46,
        518.21,
        315.26
    ],
    "ready_times": [
        661.19,
        840.79,
        1266.86,
        89.91,
        1409.99,
        0.0
    ]
}