{
    "configuracao": {
        "codigo_cenario": "HHLLLLL",
        "nivel_ready_time": "alta",
        "variabilidade_processamento": "alta",
        "media_processamento": "baixa",
        "estrutura_setup": "simetrica",
        "variabilidade_setup": "baixa",
        "n_maquinas": 2,
        "n_medio_jobs_maquina": 3,
        "n_jobs": 6
    },
    "matriz_setup": [
        [
            null,
            477.48,
            504.63,
            441.26,
            460.69,
            419.76
        ],
        [
            477.48,
            null,
            462.29,
            443.16,
            454.49,
            386.32
        ],
        [
            504.63,
            462.29,
            null,
            458.62,
            391.44,
            409.28
        ],
        [
            441.26,
            443.16,
            458.62,
            null,
            409.01,
            393.02
        ],
        [
            460.69,
            454.49,
            391.44,
            409.01,
            null,
            404.54
        ],
        [
            419.76,
            386.32,
            409.28,
            393.02,
            404.54,
            null
        ]
    ],
    "tempos_processamento": [
        474.59,
        658.72,
        235.54,
        386.19,
        464.34,
        681.73
    ],
    "ready_times": [
        0.0,
        659.85,
        1633.25,
        1288.69,
        1441.13,
        1106.22
    ]
}