{
    "configuracao": {
        "codigo_cenario": "HHLLLLL",
        "nivel_ready_time": "alta",
        "variabilidade_processamento": "alta",
        "media_processamento": "baixa",
        "estrutura_setup": "simetrica",
        "variabilidade_setup": "baixa",
        "n_maquinas": 2,
        "n_medio_jobs_maquina": 3,
        "n_jobs": 6
    },
    "matriz_setup": [
        [
            null,
            441.87,
            414.78,
            386.83,
            474.85,
            513.57
        ],
        [
            441.87,
            null,
            464.24,
            508.75,
            481.13,
            503.44
        ],
        [
            414.78,
            464.24,
            null,
            473.0,
            489.92,
            444.8
        ],
        [
            386.83,
            508.75,
            473.0,
            null,
            504.23,
            445.86
        ],
        [
            474.85,
            481.13,
            489.92,
            504.23,
            null,
            477.65
        ],
        [
            513.57,
            503.44,
            444.8,
            445.86,
            477.65,
            null
        ]
    ],
    "tempos_processamento": [
        268.23,
        485.41,
        628.39,
        502.35,
        659.43,
        223.82
    ],
    "ready_times": [
        500.08,
        0.0,
        1113.59,
        303.63,
        615.16,
        1404.36
    ]
}