{
    "configuracao": {
        "codigo_cenario": "HHLLHHL",
        "nivel_ready_time": "alta",
        "variabilidade_processamento": "alta",
        "media_processamento": "baixa",
        "estrutura_setup": "simetrica",
        "variabilidade_setup": "alta",
        "n_maquinas": 10,
        "n_medio_jobs_maquina": 3,
        "n_jobs": 30
    },
    "matriz_setup": [
        [
            null,
            520.67,
            448.78,
            448.62,
            397.52,
            340.45,
            563.8,
            470.28,
            574.19,
            510.73,
            401.78,
            502.74,
            549.62,
            411.08,
            394.84,
            480.01,
            422.49,
            388.42,
            512.85,
            370.85,
            515.78,
            517.52,
            357.6,
            344.92,
            376.29,
            461.53,
            488.11,
            401.27,
            374.05,
            363.35
        ],
        [
            520.67,
            null,
            475.57,
            330.41,
            331.37,
            569.27,
            373.57,
            532.16,
            555.13,
            508.41,
            347.49,
            484.49,
            553.13,
            479.37,
            431.34,
            528.18,
            328.31,
            378.62,
            486.41,
            364.71,
            508.34,
            435.24,
            341.45,
            514.54,
            393.73,
            369.37,
            526.3,
            571.33,
            371.6,
            438.76
        ],
        [
            448.78,
            475.57,
            null,
            402.99,
            570.77,
            364.02,
            456.22,
            440.33,
            356.35,
            483.29,
            387.05,
            440.98,
            355.43,
            404.55,
            330.62,
            400.97,
            400.14,
            556.8,
            384.39,
            360.59,
            542.12,
            439.92,
            475.55,
            364.98,
            549.1,
            378.18,
            442.28,
            347.86,
            432.53,
            346.77
        ],
        [
            448.62,
            330.41,
            402.99,
            null,
            420.54,
            526.08,
            378.38,
            343.93,
            390.94,
            361.89,
            579.62,
            453.22,
            441.04,
            323.4,
            548.65,
            545.24,
            407.99,
            444.52,
            401.16,
            528.77,
            579.03,
            320.26,
            362.63,
            424.35,
            377.86,
            394.38,
            554.47,
            473.64,
            526.41,
            475.85
        ],
        [
            397.52,
            331.37,
            570.77,
            420.54,
            null,
            524.47,
            328.39,
            371.06,
            508.27,
            406.15,
            489.47,
            426.53,
            494.78,
            370.55,
            479.97,
            558.98,
            344.53,
            460.77,
            393.97,
            460.47,
            357.36,
            426.05,
            518.91,
            503.57,
            346.88,
            524.45,
            351.36,
            442.89,
            416.99,
            480.86
        ],
        [
            340.45,
            569.27,
            364.02,
            526.08,
            524.47,
            null,
            357.45,
            569.61,
            468.75,
            320.86,
            516.46,
            548.79,
            544.87,
            543.65,
            414.7,
            476.62,
            387.45,
            383.36,
            322.27,
            555.52,
            517.31,
            511.43,
            336.19,
            329.59,
            481.5,
            342.66,
            349.48,
            324.63,
            326.68,
            504.83
        ],
        [
            563.8,
            373.57,
            456.22,
            378.38,
            328.39,
            357.45,
            null,
            460.34,
            499.15,
            351.25,
            420.46,
            546.94,
            457.18,
            355.18,
            548.91,
            515.35,
            473.14,
            447.65,
            572.94,
            331.28,
            500.9,
            520.81,
            483.29,
            398.87,
            449.42,
            444.24,
            481.37,
            380.51,
            465.14,
            380.9
        ],
        [
            470.28,
            532.16,
            440.33,
            343.93,
            371.06,
            569.61,
            460.34,
            null,
            345.95,
            370.02,
            420.25,
            502.51,
            413.43,
            433.92,
            344.46,
            469.5,
            406.38,
            344.2,
            556.76,
            356.71,
            579.03,
            422.93,
            401.53,
            447.45,
            440.39,
            489.44,
            490.31,
            366.14,
            431.72,
            446.11
        ],
        [
            574.19,
            555.13,
            356.35,
            390.94,
            508.27,
            468.75,
            499.15,
            345.95,
            null,
            398.41,
            477.96,
            462.48,
            368.67,
            540.53,
            325.88,
            420.07,
            384.86,
            331.55,
            482.77,
            440.04,
            493.06,
            508.17,
            378.49,
            338.02,
            571.27,
            578.94,
            514.71,
            543.7,
            479.92,
            517.36
        ],
        [
            510.73,
            508.41,
            483.29,
            361.89,
            406.15,
            320.86,
            351.25,
            370.02,
            398.41,
            null,
            336.6,
            375.37,
            415.99,
            383.35,
            560.8,
            527.88,
            550.05,
            523.77,
            571.97,
            578.26,
            426.88,
            548.47,
            535.76,
            519.6,
            349.75,
            489.13,
            344.02,
            557.44,
            507.11,
            555.26
        ],
        [
            401.78,
            347.49,
            387.05,
            579.62,
            489.47,
            516.46,
            420.46,
            420.25,
            477.96,
            336.6,
            null,
            432.58,
            541.85,
            573.25,
            451.28,
            520.94,
            507.93,
            436.42,
            577.06,
            472.49,
            578.76,
            419.6,
            529.01,
            567.07,
            336.51,
            403.61,
            369.0,
            515.31,
            515.07,
            371.91
        ],
        [
            502.74,
            484.49,
            440.98,
            453.22,
            426.53,
            548.79,
            546.94,
            502.51,
            462.48,
            375.37,
            432.58,
            null,
            451.36,
            529.97,
            423.18,
            430.06,
            573.28,
            511.07,
            499.24,
            385.79,
            374.36,
            436.83,
            462.91,
            560.57,
            464.31,
            495.62,
            561.79,
            463.48,
            438.99,
            502.66
        ],
        [
            549.62,
            553.13,
            355.43,
            441.04,
            494.78,
            544.87,
            457.18,
            413.43,
            368.67,
            415.99,
            541.85,
            451.36,
            null,
            446.69,
            436.87,
            518.36,
            545.83,
            576.86,
            521.53,
            372.85,
            348.58,
            422.05,
            460.68,
            563.41,
            529.05,
            520.17,
            368.0,
            487.49,
            410.37,
            526.72
        ],
        [
            411.08,
            479.37,
            404.55,
            323.4,
            370.55,
            543.65,
            355.18,
            433.92,
            540.53,
            383.35,
            573.25,
            529.97,
            446.69,
            null,
            442.13,
            339.53,
            367.93,
            487.94,
            532.5,
            427.35,
            389.53,
            553.49,
            321.07,
            533.75,
            496.3,
            365.3,
            461.29,
            431.42,
            501.76,
            554.97
        ],
        [
            394.84,
            431.34,
            330.62,
            548.65,
            479.97,
            414.7,
            548.91,
            344.46,
            325.88,
            560.8,
            451.28,
            423.18,
            436.87,
            442.13,
            null,
            566.75,
            400.65,
            569.58,
            538.58,
            343.13,
            449.32,
            535.1,
            475.43,
            467.73,
            322.26,
            405.69,
            421.0,
            493.21,
            509.84,
            564.85
        ],
        [
            480.01,
            528.18,
            400.97,
            545.24,
            558.98,
            476.62,
            515.35,
            469.5,
            420.07,
            527.88,
            520.94,
            430.06,
            518.36,
            339.53,
            566.75,
            null,
            502.33,
            427.76,
            472.55,
            375.64,
            509.63,
            404.01,
            450.05,
            379.19,
            539.98,
            434.43,
            376.37,
            435.54,
            501.56,
            366.24
        ],
        [
            422.49,
            328.31,
            400.14,
            407.99,
            344.53,
            387.45,
            473.14,
            406.38,
            384.86,
            550.05,
            507.93,
            573.28,
            545.83,
            367.93,
            400.65,
            502.33,
            null,
            435.35,
            511.87,
            462.95,
            486.67,
            479.3,
            502.64,
            445.18,
            533.93,
            367.52,
            544.12,
            385.77,
            480.42,
            399.15
        ],
        [
            388.42,
            378.62,
            556.8,
            444.52,
            460.77,
            383.36,
            447.65,
            344.2,
            331.55,
            523.77,
            436.42,
            511.07,
            576.86,
            487.94,
            569.58,
            427.76,
            435.35,
            null,
            554.99,
            372.47,
            517.18,
            479.12,
            406.42,
            436.95,
            372.84,
            448.37,
            558.34,
            567.21,
            566.18,
            552.41
        ],
        [
            512.85,
            486.41,
            384.39,
            401.16,
            393.97,
            322.27,
            572.94,
            556.76,
            482.77,
            571.97,
            577.06,
            499.24,
            521.53,
            532.5,
            538.58,
            472.55,
            511.87,
            554.99,
            null,
            322.89,
            532.71,
            409.05,
            478.45,
            491.24,
            490.57,
            357.68,
            556.79,
            530.33,
            548.18,
            412.82
        ],
        [
            370.85,
            364.71,
            360.59,
            528.77,
            460.47,
            555.52,
            331.28,
            356.71,
            440.04,
            578.26,
            472.49,
            385.79,
            372.85,
            427.35,
            343.13,
            375.64,
            462.95,
            372.47,
            322.89,
            null,
            469.34,
            485.06,
            567.82,
            501.36,
            404.87,
            346.26,
            497.72,
            448.31,
            492.62,
            335.19
        ],
        [
            515.78,
            508.34,
            542.12,
            579.03,
            357.36,
            517.31,
            500.9,
            579.03,
            493.06,
            426.88,
            578.76,
            374.36,
            348.58,
            389.53,
            449.32,
            509.63,
            486.67,
            517.18,
            532.71,
            469.34,
            null,
            514.2,
            455.03,
            479.06,
            392.95,
            500.93,
            359.31,
            456.26,
            535.25,
            329.38
        ],
        [
            517.52,
            435.24,
            439.92,
            320.26,
            426.05,
            511.43,
            520.81,
            422.93,
            508.17,
            548.47,
            419.6,
            436.83,
            422.05,
            553.49,
            535.1,
            404.01,
            479.3,
            479.12,
            409.05,
            485.06,
            514.2,
            null,
            540.57,
            525.74,
            443.54,
            563.56,
            326.18,
            360.53,
            340.81,
            444.3
        ],
        [
            357.6,
            341.45,
            475.55,
            362.63,
            518.91,
            336.19,
            483.29,
            401.53,
            378.49,
            535.76,
            529.01,
            462.91,
            460.68,
            321.07,
            475.43,
            450.05,
            502.64,
            406.42,
            478.45,
            567.82,
            455.03,
            540.57,
            null,
            410.67,
            522.48,
            378.9,
            506.86,
            413.22,
            568.34,
            393.8
        ],
        [
            344.92,
            514.54,
            364.98,
            424.35,
            503.57,
            329.59,
            398.87,
            447.45,
            338.02,
            519.6,
            567.07,
            560.57,
            563.41,
            533.75,
            467.73,
            379.19,
            445.18,
            436.95,
            491.24,
            501.36,
            479.06,
            525.74,
            410.67,
            null,
            327.54,
            488.05,
            535.43,
            435.02,
            333.6,
            365.72
        ],
        [
            376.29,
            393.73,
            549.1,
            377.86,
            346.88,
            481.5,
            449.42,
            440.39,
            571.27,
            349.75,
            336.51,
            464.31,
            529.05,
            496.3,
            322.26,
            539.98,
            533.93,
            372.84,
            490.57,
            404.87,
            392.95,
            443.54,
            522.48,
            327.54,
            null,
            537.57,
            565.46,
            468.65,
            576.75,
            481.47
        ],
        [
            461.53,
            369.37,
            378.18,
            394.38,
            524.45,
            342.66,
            444.24,
            489.44,
            578.94,
            489.13,
            403.61,
            495.62,
            520.17,
            365.3,
            405.69,
            434.43,
            367.52,
            448.37,
            357.68,
            346.26,
            500.93,
            563.56,
            378.9,
            488.05,
            537.57,
            null,
            420.08,
            475.28,
            394.24,
            538.32
        ],
        [
            488.11,
            526.3,
            442.28,
            554.47,
            351.36,
            349.48,
            481.37,
            490.31,
            514.71,
            344.02,
            369.0,
            561.79,
            368.0,
            461.29,
            421.0,
            376.37,
            544.12,
            558.34,
            556.79,
            497.72,
            359.31,
            326.18,
            506.86,
            535.43,
            565.46,
            420.08,
            null,
            523.73,
            568.83,
            415.21
        ],
        [
            401.27,
            571.33,
            347.86,
            473.64,
            442.89,
            324.63,
            380.51,
            366.14,
            543.7,
            557.44,
            515.31,
            463.48,
            487.49,
            431.42,
            493.21,
            435.54,
            385.77,
            567.21,
            530.33,
            448.31,
            456.26,
            360.53,
            413.22,
            435.02,
            468.65,
            475.28,
            523.73,
            null,
            556.58,
            436.97
        ],
        [
            374.05,
            371.6,
            432.53,
            526.41,
            416.99,
            326.68,
            465.14,
            431.72,
            479.92,
            507.11,
            515.07,
            438.99,
            410.37,
            501.76,
            509.84,
            501.56,
            480.42,
            566.18,
            548.18,
            492.62,
            535.25,
            340.81,
            568.34,
            333.6,
            576.75,
            394.24,
            568.83,
            556.58,
            null,
            390.28
        ],
        [
            363.35,
            438.76,
            346.77,
            475.85,
            480.86,
            504.83,
            380.9,
            446.11,
            517.36,
            555.26,
            371.91,
            502.66,
            526.72,
            554.97,
            564.85,
            366.24,
            399.15,
            552.41,
            412.82,
            335.19,
            329.38,
            444.3,
            393.8,
            365.72,
            481.47,
            538.32,
            415.21,
            436.97,
            390.28,
            null
        ]
    ],
    "tempos_processamento": [
        521.53,
        516.02,
        371.99,
        672.81,
        440.01,
        529.54,
        430.26,
        267.47,
        632.66,
        202.56,
        301.78,
        566.43,
        371.66,
        425.76,
        690.75,
        350.97,
        654.24,
        544.26,
        583.98,
        692.86,
        651.29,
        549.24,
        348.56,
        671.66,
        710.37,
        335.88,
        683.88,
        217.12,
        441.4,
        567.28
    ],
    "ready_times": [
        1011.76,
        618.23,
        202.44,
        66.34,
        565.96,
        254.39,
        82.34,
        1152.38,
        1558.22,
        161.15,
        0.0,
        1097.27,
        1312.01,
        1573.59,
        225.96,
        1724.71,
        714.7,
        1500.09,
        1254.91,
        1170.15,
        243.38,
        813.98,
        1395.37,
        1494.56,
        1257.81,
        1356.58,
        454.28,
        732.22,
        1651.51,
        982.61
    ]
}