{
    "configuracao": {
        "codigo_cenario": "HHLLHHL",
        "nivel_ready_time": "alta",
        "variabilidade_processamento": "alta",
        "media_processamento": "baixa",
        "estrutura_setup": "simetrica",
        "variabilidade_setup": "alta",
        "n_maquinas": 10,
        "n_medio_jobs_maquina": 3,
        "n_jobs": 30
    },
    "matriz_setup": [
        [
            null,
            465.36,
            482.85,
            324.84,
            529.66,
            442.54,
            495.95,
            450.86,
            342.12,
            500.46,
            356.29,
            557.87,
            551.64,
            543.65,
            461.37,
            470.88,
            574.4,
            536.82,
            475.64,
            557.08,
            438.61,
            569.7,
            486.33,
            428.86,
            480.16,
            388.54,
            332.23,
            495.57,
            417.48,
            491.52
        ],
        [
            465.36,
            null,
            494.43,
            395.6,
            495.94,
            527.76,
            513.08,
            387.9,
            465.0,
            361.0,
            540.73,
            529.58,
            514.68,
            414.14,
            574.16,
            437.39,
            512.01,
            366.35,
            379.32,
            404.62,
            566.65,
            479.71,
            403.38,
            521.13,
            442.7,
            565.06,
            388.81,
            460.29,
            450.66,
            551.89
        ],
        [
            482.85,
            494.43,
            null,
            407.53,
            510.7,
            476.64,
            365.44,
            484.48,
            536.89,
            468.41,
            500.81,
            548.25,
            445.64,
            476.93,
            431.7,
            449.68,
            519.2,
            567.57,
            563.6,
            361.88,
            436.38,
            367.89,
            546.38,
            411.37,
            567.58,
            452.37,
            550.3,
            489.22,
            345.68,
            571.98
        ],
        [
            324.84,
            395.6,
            407.53,
            null,
            347.87,
            366.5,
            386.21,
            449.55,
            326.8,
            372.8,
            501.27,
            447.86,
            326.28,
            320.77,
            493.89,
            409.83,
            409.87,
            501.57,
            412.98,
            487.34,
            453.95,
            467.5,
            544.7,
            481.11,
            326.71,
            496.51,
            337.87,
            408.99,
            379.69,
            333.49
        ],
        [
            529.66,
            495.94,
            510.7,
            347.87,
            null,
            565.49,
            517.88,
            508.41,
            454.1,
            327.35,
            412.2,
            497.07,
            560.67,
            549.12,
            525.33,
            577.02,
            466.46,
            471.88,
            570.1,
            377.56,
            519.42,
            569.61,
            377.25,
            460.14,
            358.67,
            429.45,
            431.9,
            465.53,
            414.57,
            403.09
        ],
        [
            442.54,
            527.76,
            476.64,
            366.5,
            565.49,
            null,
            324.03,
            578.92,
            412.73,
            553.57,
            413.05,
            563.66,
            373.81,
            561.19,
            390.77,
            323.01,
            422.42,
            355.66,
            539.23,
            456.45,
            513.13,
            545.44,
            449.21,
            342.93,
            573.68,
            500.97,
            391.01,
            579.82,
            520.75,
            503.65
        ],
        [
            495.95,
            513.08,
            365.44,
            386.21,
            517.88,
            324.03,
            null,
            322.16,
            401.99,
            370.25,
            567.61,
            392.93,
            382.52,
            329.22,
            382.11,
            364.66,
            466.33,
            456.73,
            434.73,
            500.64,
            463.88,
            502.65,
            523.09,
            407.34,
            387.67,
            488.77,
            351.48,
            415.74,
            362.54,
            322.81
        ],
        [
            450.86,
            387.9,
            484.48,
            449.55,
            508.41,
            578.92,
            322.16,
            null,
            374.81,
            517.32,
            465.09,
            544.98,
            559.79,
            424.64,
            381.67,
            374.78,
            553.05,
            428.83,
            335.32,
            523.35,
            523.24,
            340.59,
            326.43,
            382.43,
            327.61,
            495.81,
            428.64,
            338.17,
            350.79,
            507.66
        ],
        [
            342.12,
            465.0,
            536.89,
            326.8,
            454.1,
            412.73,
            401.99,
            374.81,
            null,
            421.17,
            571.96,
            420.77,
            328.05,
            413.98,
            423.2,
            372.01,
            481.17,
            481.71,
            443.41,
            529.49,
            536.44,
            459.43,
            552.15,
            532.65,
            462.19,
            530.52,
            431.64,
            562.23,
            322.12,
            402.52
        ],
        [
            500.46,
            361.0,
            468.41,
            372.8,
            327.35,
            553.57,
            370.25,
            517.32,
            421.17,
            null,
            491.05,
            426.06,
            399.34,
            426.65,
            335.9,
            358.94,
            450.71,
            455.38,
            468.02,
            456.48,
            564.33,
            401.14,
            488.63,
            493.51,
            431.71,
            391.21,
            405.42,
            374.01,
            405.85,
            429.04
        ],
        [
            356.29,
            540.73,
            500.81,
            501.27,
            412.2,
            413.05,
            567.61,
            465.09,
            571.96,
            491.05,
            null,
            564.2,
            363.37,
            554.47,
            362.79,
            430.0,
            511.18,
            569.21,
            400.9,
            377.52,
            503.52,
            543.49,
            392.51,
            497.14,
            537.57,
            491.72,
            537.53,
            506.74,
            462.03,
            491.15
        ],
        [
            557.87,
            529.58,
            548.25,
            447.86,
            497.07,
            563.66,
            392.93,
            544.98,
            420.77,
            426.06,
            564.2,
            null,
            563.29,
            562.18,
            323.29,
            506.85,
            536.42,
            519.28,
            476.55,
            323.98,
            405.79,
            478.28,
            446.81,
            403.04,
            367.81,
            437.16,
            372.83,
            422.87,
            458.99,
            413.66
        ],
        [
            551.64,
            514.68,
            445.64,
            326.28,
            560.67,
            373.81,
            382.52,
            559.79,
            328.05,
            399.34,
            363.37,
            563.29,
            null,
            361.04,
            371.37,
            395.21,
            458.64,
            488.07,
            456.99,
            566.8,
            435.92,
            469.26,
            425.14,
            494.22,
            383.44,
            545.1,
            477.24,
            506.38,
            572.17,
            371.6
        ],
        [
            543.65,
            414.14,
            476.93,
            320.77,
            549.12,
            561.19,
            329.22,
            424.64,
            413.98,
            426.65,
            554.47,
            562.18,
            361.04,
            null,
            426.12,
            400.43,
            503.63,
            324.61,
            508.11,
            483.87,
            397.49,
            417.31,
            493.73,
            350.27,
            533.62,
            514.03,
            361.3,
            536.63,
            351.82,
            408.01
        ],
        [
            461.37,
            574.16,
            431.7,
            493.89,
            525.33,
            390.77,
            382.11,
            381.67,
            423.2,
            335.9,
            362.79,
            323.29,
            371.37,
            426.12,
            null,
            551.53,
            464.9,
            578.88,
            344.59,
            321.31,
            515.45,
            343.81,
            467.11,
            564.17,
            392.68,
            392.8,
            464.09,
            518.17,
            462.47,
            536.35
        ],
        [
            470.88,
            437.39,
            449.68,
            409.83,
            577.02,
            323.01,
            364.66,
            374.78,
            372.01,
            358.94,
            430.0,
            506.85,
            395.21,
            400.43,
            551.53,
            null,
            440.72,
            392.88,
            442.08,
            424.36,
            413.61,
            495.85,
            446.27,
            392.48,
            462.8,
            555.47,
            500.74,
            467.81,
            435.76,
            382.33
        ],
        [
            574.4,
            512.01,
            519.2,
            409.87,
            466.46,
            422.42,
            466.33,
            553.05,
            481.17,
            450.71,
            511.18,
            536.42,
            458.64,
            503.63,
            464.9,
            440.72,
            null,
            504.69,
            401.22,
            574.21,
            550.63,
            419.54,
            472.21,
            333.89,
            516.61,
            427.76,
            365.37,
            456.27,
            466.54,
            389.01
        ],
        [
            536.82,
            366.35,
            567.57,
            501.57,
            471.88,
            355.66,
            456.73,
            428.83,
            481.71,
            455.38,
            569.21,
            519.28,
            488.07,
            324.61,
            578.88,
            392.88,
            504.69,
            null,
            402.65,
            578.62,
            491.27,
            441.31,
            425.91,
            506.39,
            340.81,
            507.62,
            545.51,
            518.66,
            369.42,
            536.52
        ],
        [
            475.64,
            379.32,
            563.6,
            412.98,
            570.1,
            539.23,
            434.73,
            335.32,
            443.41,
            468.02,
            400.9,
            476.55,
            456.99,
            508.11,
            344.59,
            442.08,
            401.22,
            402.65,
            null,
            392.41,
            434.89,
            470.27,
            560.03,
            393.0,
            438.33,
            547.03,
            544.22,
            337.18,
            535.78,
            543.02
        ],
        [
            557.08,
            404.62,
            361.88,
            487.34,
            377.56,
            456.45,
            500.64,
            523.35,
            529.49,
            456.48,
            377.52,
            323.98,
            566.8,
            483.87,
            321.31,
            424.36,
            574.21,
            578.62,
            392.41,
            null,
            448.38,
            476.92,
            478.08,
            496.63,
            481.17,
            370.61,
            555.46,
            333.69,
            530.24,
            537.13
        ],
        [
            438.61,
            566.65,
            436.38,
            453.95,
            519.42,
            513.13,
            463.88,
            523.24,
            536.44,
            564.33,
            503.52,
            405.79,
            435.92,
            397.49,
            515.45,
            413.61,
            550.63,
            491.27,
            434.89,
            448.38,
            null,
            444.84,
            366.59,
            396.75,
            498.33,
            438.02,
            406.82,
            344.79,
            429.25,
            353.19
        ],
        [
            569.7,
            479.71,
            367.89,
            467.5,
            569.61,
            545.44,
            502.65,
            340.59,
            459.43,
            401.14,
            543.49,
            478.28,
            469.26,
            417.31,
            343.81,
            495.85,
            419.54,
            441.31,
            470.27,
            476.92,
            444.84,
            null,
            413.44,
            526.17,
            393.2,
            330.63,
            573.22,
            361.4,
            414.48,
            343.41
        ],
        [
            486.33,
            403.38,
            546.38,
            544.7,
            377.25,
            449.21,
            523.09,
            326.43,
            552.15,
            488.63,
            392.51,
            446.81,
            425.14,
            493.73,
            467.11,
            446.27,
            472.21,
            425.91,
            560.03,
            478.08,
            366.59,
            413.44,
            null,
            531.14,
            343.01,
            427.2,
            363.62,
            470.98,
            422.93,
            340.1
        ],
        [
            428.86,
            521.13,
            411.37,
            481.11,
            460.14,
            342.93,
            407.34,
            382.43,
            532.65,
            493.51,
            497.14,
            403.04,
            494.22,
            350.27,
            564.17,
            392.48,
            333.89,
            506.39,
            393.0,
            496.63,
            396.75,
            526.17,
            531.14,
            null,
            400.31,
            476.59,
            474.7,
            570.13,
            325.49,
            349.54
        ],
        [
            480.16,
            442.7,
            567.58,
            326.71,
            358.67,
            573.68,
            387.67,
            327.61,
            462.19,
            431.71,
            537.57,
            367.81,
            383.44,
            533.62,
            392.68,
            462.8,
            516.61,
            340.81,
            438.33,
            481.17,
            498.33,
            393.2,
            343.01,
            400.31,
            null,
            355.48,
            571.27,
            441.94,
            524.73,
            380.85
        ],
        [
            388.54,
            565.06,
            452.37,
            496.51,
            429.45,
            500.97,
            488.77,
            495.81,
            530.52,
            391.21,
            491.72,
            437.16,
            545.1,
            514.03,
            392.8,
            555.47,
            427.76,
            507.62,
            547.03,
            370.61,
            438.02,
            330.63,
            427.2,
            476.59,
            355.48,
            null,
            511.65,
            546.92,
            359.89,
            326.76
        ],
        [
            332.23,
            388.81,
            550.3,
            337.87,
            431.9,
            391.01,
            351.48,
            428.64,
            431.64,
            405.42,
            537.53,
            372.83,
            477.24,
            361.3,
            464.09,
            500.74,
            365.37,
            545.51,
            544.22,
            555.46,
            406.82,
            573.22,
            363.62,
            474.7,
            571.27,
            511.65,
            null,
            485.19,
            509.58,
            515.4
        ],
        [
            495.57,
            460.29,
            489.22,
            408.99,
            465.53,
            579.82,
            415.74,
            338.17,
            562.23,
            374.01,
            506.74,
            422.87,
            506.38,
            536.63,
            518.17,
            467.81,
            456.27,
            518.66,
            337.18,
            333.69,
            344.79,
            361.4,
            470.98,
            570.13,
            441.94,
            546.92,
            485.19,
            null,
            534.18,
            497.5
        ],
        [
            417.48,
            450.66,
            345.68,
            379.69,
            414.57,
            520.75,
            362.54,
            350.79,
            322.12,
            405.85,
            462.03,
            458.99,
            572.17,
            351.82,
            462.47,
            435.76,
            466.54,
            369.42,
            535.78,
            530.24,
            429.25,
            414.48,
            422.93,
            325.49,
            524.73,
            359.89,
            509.58,
            534.18,
            null,
            502.74
        ],
        [
            491.52,
            551.89,
            571.98,
            333.49,
            403.09,
            503.65,
            322.81,
            507.66,
            402.52,
            429.04,
            491.15,
            413.66,
            371.6,
            408.01,
            536.35,
            382.33,
            389.01,
            536.52,
            543.02,
            537.13,
            353.19,
            343.41,
            340.1,
            349.54,
            380.85,
            326.76,
            515.4,
            497.5,
            502.74,
            null
        ]
    ],
    "tempos_processamento": [
        319.22,
        224.14,
        255.66,
        538.88,
        205.13,
        647.81,
        564.56,
        504.9,
        488.84,
        537.37,
        249.97,
        704.98,
        492.86,
        670.9,
        184.02,
        594.38,
        284.11,
        575.15,
        680.74,
        234.25,
        635.78,
        594.32,
        253.07,
        695.38,
        717.49,
        705.69,
        398.87,
        502.78,
        648.78,
        539.19
    ],
    "ready_times": [
        858.25,
        717.45,
        1773.52,
        823.58,
        280.08,
        692.48,
        145.79,
        375.18,
        836.11,
        638.77,
        991.65,
        1027.91,
        498.08,
        123.79,
        571.02,
        134.39,
        0.0,
        710.38,
        575.11,
        168.86,
        1288.71,
        234.47,
        1475.75,
        1091.61,
        1516.37,
        1452.59,
        1719.73,
        777.9,
        475.12,
        589.05
    ]
}