{
    "configuracao": {
        "codigo_cenario": "HHLLHHL",
        "nivel_ready_time": "alta",
        "variabilidade_processamento": "alta",
        "media_processamento": "baixa",
        "estrutura_setup": "simetrica",
        "variabilidade_setup": "alta",
        "n_maquinas": 10,
        "n_medio_jobs_maquina": 3,
        "n_jobs": 30
    },
    "matriz_setup": [
        [
            null,
            506.29,
            388.14,
            423.03,
            496.11,
            527.6,
            530.28,
            472.05,
            403.18,
            321.83,
            368.63,
            577.07,
            452.13,
            488.35,
            423.57,
            419.48,
            415.15,
            345.8,
            325.2,
            339.81,
            476.86,
            329.61,
            449.31,
            528.68,
            413.66,
            489.95,
            322.38,
            474.8,
            368.48,
            367.61
        ],
        [
            506.29,
            null,
            329.29,
            401.92,
            560.3,
            548.46,
            397.3,
            532.13,
            442.09,
            503.73,
            427.38,
            434.77,
            357.99,
            508.97,
            350.35,
            440.16,
            395.42,
            437.84,
            387.82,
            478.24,
            552.7,
            351.67,
            324.71,
            346.34,
            510.15,
            336.33,
            516.34,
            364.52,
            325.29,
            351.06
        ],
        [
            388.14,
            329.29,
            null,
            323.23,
            440.29,
            469.29,
            504.37,
            496.77,
            572.12,
            475.29,
            336.5,
            489.54,
            458.39,
            452.61,
            554.11,
            459.35,
            336.49,
            376.94,
            531.33,
            572.26,
            456.86,
            391.87,
            502.36,
            459.21,
            541.17,
            517.14,
            429.65,
            554.98,
            547.1,
            502.52
        ],
        [
            423.03,
            401.92,
            323.23,
            null,
            472.8,
            516.82,
            443.64,
            475.75,
            432.77,
            370.5,
            575.1,
            393.66,
            535.96,
            468.36,
            435.79,
            491.99,
            513.87,
            540.86,
            455.82,
            400.03,
            506.2,
            331.63,
            495.26,
            323.18,
            367.64,
            434.05,
            415.71,
            409.21,
            558.36,
            549.83
        ],
        [
            496.11,
            560.3,
            440.29,
            472.8,
            null,
            375.59,
            489.02,
            404.73,
            532.29,
            563.34,
            352.37,
            523.57,
            540.09,
            432.97,
            524.8,
            559.3,
            556.29,
            519.49,
            373.18,
            381.86,
            459.84,
            497.9,
            433.08,
            399.15,
            429.61,
            386.14,
            364.28,
            411.99,
            362.31,
            483.11
        ],
        [
            527.6,
            548.46,
            469.29,
            516.82,
            375.59,
            null,
            349.97,
            320.56,
            564.67,
            568.86,
            348.97,
            418.09,
            413.32,
            365.53,
            549.48,
            578.46,
            499.69,
            561.49,
            324.45,
            475.2,
            354.28,
            490.36,
            471.39,
            508.83,
            449.73,
            437.17,
            396.43,
            353.02,
            526.86,
            559.49
        ],
        [
            530.28,
            397.3,
            504.37,
            443.64,
            489.02,
            349.97,
            null,
            432.49,
            572.96,
            558.22,
            326.12,
            531.5,
            381.93,
            367.05,
            382.09,
            336.79,
            484.67,
            476.99,
            503.41,
            506.76,
            386.8,
            546.5,
            456.41,
            436.17,
            458.38,
            542.16,
            411.1,
            500.56,
            322.77,
            577.15
        ],
        [
            472.05,
            532.13,
            496.77,
            475.75,
            404.73,
            320.56,
            432.49,
            null,
            430.11,
            475.69,
            455.75,
            334.55,
            395.53,
            501.08,
            359.3,
            437.56,
            337.01,
            514.36,
            344.21,
            545.12,
            556.66,
            362.47,
            322.55,
            470.77,
            439.72,
            395.99,
            362.88,
            470.73,
            340.54,
            555.68
        ],
        [
            403.18,
            442.09,
            572.12,
            432.77,
            532.29,
            564.67,
            572.96,
            430.11,
            null,
            429.32,
            404.08,
            533.87,
            383.73,
            336.71,
            376.37,
            498.97,
            393.03,
            483.48,
            492.83,
            425.72,
            565.93,
            402.13,
            423.27,
            556.42,
            498.61,
            519.32,
            564.89,
            335.04,
            418.94,
            514.86
        ],
        [
            321.83,
            503.73,
            475.29,
            370.5,
            563.34,
            568.86,
            558.22,
            475.69,
            429.32,
            null,
            410.02,
            339.0,
            532.23,
            515.42,
            398.33,
            335.45,
            415.13,
            425.24,
            579.41,
            356.57,
            376.3,
            344.62,
            365.54,
            569.57,
            326.8,
            370.67,
            539.45,
            432.36,
            335.83,
            363.54
        ],
        [
            368.63,
            427.38,
            336.5,
            575.1,
            352.37,
            348.97,
            326.12,
            455.75,
            404.08,
            410.02,
            null,
            571.02,
            433.2,
            537.69,
            330.2,
            342.31,
            481.53,
            421.16,
            540.69,
            333.32,
            341.86,
            470.7,
            489.94,
            493.12,
            341.76,
            330.28,
            447.13,
            355.07,
            493.39,
            535.87
        ],
        [
            577.07,
            434.77,
            489.54,
            393.66,
            523.57,
            418.09,
            531.5,
            334.55,
            533.87,
            339.0,
            571.02,
            null,
            377.61,
            398.43,
            331.28,
            373.24,
            572.41,
            542.73,
            480.5,
            419.04,
            446.77,
            440.06,
            493.18,
            449.13,
            467.5,
            505.36,
            487.7,
            529.83,
            573.84,
            477.03
        ],
        [
            452.13,
            357.99,
            458.39,
            535.96,
            540.09,
            413.32,
            381.93,
            395.53,
            383.73,
            532.23,
            433.2,
            377.61,
            null,
            519.73,
            368.78,
            441.01,
            531.43,
            516.86,
            509.67,
            463.17,
            524.36,
            552.71,
            539.39,
            406.06,
            435.96,
            489.82,
            544.42,
            515.46,
            461.14,
            417.07
        ],
        [
            488.35,
            508.97,
            452.61,
            468.36,
            432.97,
            365.53,
            367.05,
            501.08,
            336.71,
            515.42,
            537.69,
            398.43,
            519.73,
            null,
            499.3,
            421.55,
            416.88,
            422.31,
            540.26,
            511.99,
            545.28,
            474.14,
            552.26,
            344.95,
            567.11,
            577.58,
            553.11,
            442.14,
            529.74,
            381.49
        ],
        [
            423.57,
            350.35,
            554.11,
            435.79,
            524.8,
            549.48,
            382.09,
            359.3,
            376.37,
            398.33,
            330.2,
            331.28,
            368.78,
            499.3,
            null,
            402.96,
            345.8,
            474.81,
            577.91,
            353.33,
            352.06,
            536.95,
            481.0,
            412.09,
            324.79,
            465.48,
            501.18,
            577.36,
            485.26,
            522.81
        ],
        [
            419.48,
            440.16,
            459.35,
            491.99,
            559.3,
            578.46,
            336.79,
            437.56,
            498.97,
            335.45,
            342.31,
            373.24,
            441.01,
            421.55,
            402.96,
            null,
            384.4,
            472.1,
            518.32,
            337.57,
            400.38,
            430.9,
            546.85,
            549.27,
            527.89,
            551.78,
            377.38,
            339.85,
            404.62,
            546.32
        ],
        [
            415.15,
            395.42,
            336.49,
            513.87,
            556.29,
            499.69,
            484.67,
            337.01,
            393.03,
            415.13,
            481.53,
            572.41,
            531.43,
            416.88,
            345.8,
            384.4,
            null,
            474.91,
            414.85,
            363.95,
            332.93,
            404.42,
            339.17,
            325.0,
            548.93,
            568.94,
            438.03,
            562.98,
            372.46,
            534.45
        ],
        [
            345.8,
            437.84,
            376.94,
            540.86,
            519.49,
            561.49,
            476.99,
            514.36,
            483.48,
            425.24,
            421.16,
            542.73,
            516.86,
            422.31,
            474.81,
            472.1,
            474.91,
            null,
            449.51,
            330.08,
            543.33,
            572.33,
            511.34,
            568.62,
            466.78,
            480.07,
            509.95,
            381.46,
            384.74,
            463.75
        ],
        [
            325.2,
            387.82,
            531.33,
            455.82,
            373.18,
            324.45,
            503.41,
            344.21,
            492.83,
            579.41,
            540.69,
            480.5,
            509.67,
            540.26,
            577.91,
            518.32,
            414.85,
            449.51,
            null,
            346.05,
            429.3,
            369.71,
            400.19,
            541.34,
            380.45,
            537.37,
            575.05,
            347.7,
            332.82,
            336.83
        ],
        [
            339.81,
            478.24,
            572.26,
            400.03,
            381.86,
            475.2,
            506.76,
            545.12,
            425.72,
            356.57,
            333.32,
            419.04,
            463.17,
            511.99,
            353.33,
            337.57,
            363.95,
            330.08,
            346.05,
            null,
            481.25,
            356.58,
            389.34,
            447.42,
            519.4,
            542.86,
            437.62,
            553.69,
            344.22,
            347.79
        ],
        [
            476.86,
            552.7,
            456.86,
            506.2,
            459.84,
            354.28,
            386.8,
            556.66,
            565.93,
            376.3,
            341.86,
            446.77,
            524.36,
            545.28,
            352.06,
            400.38,
            332.93,
            543.33,
            429.3,
            481.25,
            null,
            413.78,
            534.81,
            552.04,
            572.96,
            445.24,
            408.29,
            425.04,
            551.59,
            571.37
        ],
        [
            329.61,
            351.67,
            391.87,
            331.63,
            497.9,
            490.36,
            546.5,
            362.47,
            402.13,
            344.62,
            470.7,
            440.06,
            552.71,
            474.14,
            536.95,
            430.9,
            404.42,
            572.33,
            369.71,
            356.58,
            413.78,
            null,
            449.97,
            338.21,
            356.87,
            575.54,
            397.85,
            529.43,
            384.67,
            478.6
        ],
        [
            449.31,
            324.71,
            502.36,
            495.26,
            433.08,
            471.39,
            456.41,
            322.55,
            423.27,
            365.54,
            489.94,
            493.18,
            539.39,
            552.26,
            481.0,
            546.85,
            339.17,
            511.34,
            400.19,
            389.34,
            534.81,
            449.97,
            null,
            368.33,
            432.89,
            474.68,
            403.38,
            455.05,
            431.21,
            508.33
        ],
        [
            528.68,
            346.34,
            459.21,
            323.18,
            399.15,
            508.83,
            436.17,
            470.77,
            556.42,
            569.57,
            493.12,
            449.13,
            406.06,
            344.95,
            412.09,
            549.27,
            325.0,
            568.62,
            541.34,
            447.42,
            552.04,
            338.21,
            368.33,
            null,
            512.81,
            431.38,
            540.92,
            516.4,
            480.92,
            518.25
        ],
        [
            413.66,
            510.15,
            541.17,
            367.64,
            429.61,
            449.73,
            458.38,
            439.72,
            498.61,
            326.8,
            341.76,
            467.5,
            435.96,
            567.11,
            324.79,
            527.89,
            548.93,
            466.78,
            380.45,
            519.4,
            572.96,
            356.87,
            432.89,
            512.81,
            null,
            446.77,
            339.62,
            407.08,
            575.23,
            395.9
        ],
        [
            489.95,
            336.33,
            517.14,
            434.05,
            386.14,
            437.17,
            542.16,
            395.99,
            519.32,
            370.67,
            330.28,
            505.36,
            489.82,
            577.58,
            465.48,
            551.78,
            568.94,
            480.07,
            537.37,
            542.86,
            445.24,
            575.54,
            474.68,
            431.38,
            446.77,
            null,
            332.39,
            327.84,
            414.44,
            409.15
        ],
        [
            322.38,
            516.34,
            429.65,
            415.71,
            364.28,
            396.43,
            411.1,
            362.88,
            564.89,
            539.45,
            447.13,
            487.7,
            544.42,
            553.11,
            501.18,
            377.38,
            438.03,
            509.95,
            575.05,
            437.62,
            408.29,
            397.85,
            403.38,
            540.92,
            339.62,
            332.39,
            null,
            578.7,
            499.54,
            341.81
        ],
        [
            474.8,
            364.52,
            554.98,
            409.21,
            411.99,
            353.02,
            500.56,
            470.73,
            335.04,
            432.36,
            355.07,
            529.83,
            515.46,
            442.14,
            577.36,
            339.85,
            562.98,
            381.46,
            347.7,
            553.69,
            425.04,
            529.43,
            455.05,
            516.4,
            407.08,
            327.84,
            578.7,
            null,
            399.34,
            538.03
        ],
        [
            368.48,
            325.29,
            547.1,
            558.36,
            362.31,
            526.86,
            322.77,
            340.54,
            418.94,
            335.83,
            493.39,
            573.84,
            461.14,
            529.74,
            485.26,
            404.62,
            372.46,
            384.74,
            332.82,
            344.22,
            551.59,
            384.67,
            431.21,
            480.92,
            575.23,
            414.44,
            499.54,
            399.34,
            null,
            404.05
        ],
        [
            367.61,
            351.06,
            502.52,
            549.83,
            483.11,
            559.49,
            577.15,
            555.68,
            514.86,
            363.54,
            535.87,
            477.03,
            417.07,
            381.49,
            522.81,
            546.32,
            534.45,
            463.75,
            336.83,
            347.79,
            571.37,
            478.6,
            508.33,
            518.25,
            395.9,
            409.15,
            341.81,
            538.03,
            404.05,
            null
        ]
    ],
    "tempos_processamento": [
        500.28,
        366.4,
        372.17,
        310.91,
        385.01,
        653.67,
        381.5,
        408.35,
        398.35,
        710.17,
        251.82,
        296.23,
        184.14,
        311.62,
        593.66,
        197.59,
        244.7,
        574.09,
        428.66,
        644.87,
        687.99,
        469.99,
        332.84,
        252.76,
        676.86,
        299.25,
        663.28,
        190.07,
        206.79,
        682.38
    ],
    "ready_times": [
        1206.62,
        1104.96,
        414.01,
        1560.19,
        1253.49,
        829.58,
        989.76,
        32.35,
        0.0,
        1037.92,
        303.15,
        877.1,
        52.69,
        1622.49,
        330.46,
        1344.26,
        1422.99,
        367.22,
        1063.89,
        1367.67,
        288.98,
        491.82,
        501.25,
        1412.12,
        45.68,
        1473.61,
        97.37,
        167.51,
        770.69,
        1390.19
    ]
}