{
    "configuracao": {
        "codigo_cenario": "HHLLHHL",
        "nivel_ready_time": "alta",
        "variabilidade_processamento": "alta",
        "media_processamento": "baixa",
        "estrutura_setup": "simetrica",
        "variabilidade_setup": "alta",
        "n_maquinas": 10,
        "n_medio_jobs_maquina": 3,
        "n_jobs": 30
    },
    "matriz_setup": [
        [
            null,
            464.91,
            535.03,
            432.43,
            346.92,
            518.52,
            476.91,
            375.55,
            495.26,
            337.68,
            522.97,
            353.71,
            474.66,
            520.4,
            386.76,
            458.72,
            471.58,
            357.59,
            471.25,
            426.9,
            540.41,
            385.19,
            540.9,
            517.68,
            507.17,
            413.39,
            356.57,
            551.7,
            551.59,
            497.31
        ],
        [
            464.91,
            null,
            380.15,
            534.94,
            321.63,
            356.35,
            352.14,
            395.85,
            533.51,
            385.39,
            420.32,
            379.22,
            551.65,
            364.65,
            503.4,
            450.35,
            547.0,
            486.22,
            321.18,
            425.29,
            466.72,
            521.3,
            373.49,
            425.96,
            325.54,
            470.07,
            451.88,
            355.45,
            536.62,
            339.71
        ],
        [
            535.03,
            380.15,
            null,
            429.28,
            549.18,
            566.59,
            530.81,
            364.39,
            561.09,
            358.79,
            547.47,
            375.28,
            466.68,
            530.24,
            337.44,
            461.87,
            480.76,
            406.88,
            456.09,
            403.05,
            527.65,
            545.39,
            376.17,
            533.03,
            408.21,
            513.35,
            508.06,
            438.69,
            326.26,
            371.52
        ],
        [
            432.43,
            534.94,
            429.28,
            null,
            322.39,
            370.65,
            359.02,
            561.71,
            475.63,
            526.36,
            364.64,
            445.72,
            516.55,
            371.19,
            528.59,
            391.4,
            433.05,
            537.25,
            549.18,
            501.13,
            526.49,
            356.01,
            462.06,
            556.53,
            326.44,
            337.26,
            443.97,
            347.96,
            392.87,
            360.27
        ],
        [
            346.92,
            321.63,
            549.18,
            322.39,
            null,
            390.61,
            435.28,
            519.88,
            567.82,
            510.07,
            516.01,
            550.23,
            428.82,
            369.57,
            364.12,
            545.34,
            497.75,
            424.09,
            487.66,
            550.28,
            420.01,
            572.73,
            383.27,
            545.3,
            384.56,
            571.9,
            391.89,
            571.92,
            386.9,
            373.14
        ],
        [
            518.52,
            356.35,
            566.59,
            370.65,
            390.61,
            null,
            410.37,
            509.12,
            380.81,
            515.39,
            500.72,
            365.09,
            483.99,
            392.61,
            352.49,
            564.36,
            487.72,
            521.15,
            460.07,
            423.01,
            340.48,
            497.31,
            453.17,
            413.38,
            555.4,
            347.39,
            475.34,
            485.46,
            344.54,
            397.09
        ],
        [
            476.91,
            352.14,
            530.81,
            359.02,
            435.28,
            410.37,
            null,
            550.83,
            530.38,
            429.79,
            433.26,
            349.31,
            425.21,
            338.5,
            471.35,
            476.86,
            351.18,
            430.28,
            341.15,
            561.41,
            347.03,
            476.03,
            454.06,
            550.41,
            409.74,
            496.15,
            512.08,
            467.32,
            499.29,
            433.41
        ],
        [
            375.55,
            395.85,
            364.39,
            561.71,
            519.88,
            509.12,
            550.83,
            null,
            565.39,
            339.32,
            466.65,
            573.54,
            469.42,
            365.83,
            559.52,
            428.49,
            531.98,
            476.14,
            331.02,
            472.87,
            449.56,
            321.8,
            512.62,
            437.62,
            495.98,
            483.58,
            465.08,
            325.28,
            553.41,
            574.34
        ],
        [
            495.26,
            533.51,
            561.09,
            475.63,
            567.82,
            380.81,
            530.38,
            565.39,
            null,
            349.12,
            354.3,
            426.16,
            431.47,
            421.69,
            326.76,
            554.19,
            531.75,
            531.04,
            570.02,
            519.66,
            325.92,
            427.19,
            474.06,
            491.62,
            550.6,
            406.78,
            524.66,
            435.72,
            429.94,
            570.34
        ],
        [
            337.68,
            385.39,
            358.79,
            526.36,
            510.07,
            515.39,
            429.79,
            339.32,
            349.12,
            null,
            464.86,
            547.97,
            360.79,
            396.37,
            458.53,
            509.97,
            468.58,
            330.84,
            427.18,
            447.3,
            439.81,
            577.88,
            563.06,
            364.33,
            404.72,
            412.49,
            386.1,
            496.97,
            430.87,
            419.17
        ],
        [
            522.97,
            420.32,
            547.47,
            364.64,
            516.01,
            500.72,
            433.26,
            466.65,
            354.3,
            464.86,
            null,
            507.59,
            452.1,
            391.41,
            433.14,
            405.8,
            564.69,
            577.47,
            423.62,
            337.59,
            515.62,
            529.93,
            338.08,
            387.35,
            382.51,
            382.35,
            419.45,
            363.32,
            556.85,
            464.65
        ],
        [
            353.71,
            379.22,
            375.28,
            445.72,
            550.23,
            365.09,
            349.31,
            573.54,
            426.16,
            547.97,
            507.59,
            null,
            349.65,
            334.75,
            516.8,
            470.41,
            388.27,
            498.8,
            346.92,
            367.84,
            480.16,
            375.65,
            366.23,
            373.05,
            350.32,
            483.16,
            375.04,
            391.66,
            373.3,
            450.82
        ],
        [
            474.66,
            551.65,
            466.68,
            516.55,
            428.82,
            483.99,
            425.21,
            469.42,
            431.47,
            360.79,
            452.1,
            349.65,
            null,
            397.94,
            410.18,
            367.55,
            458.42,
            477.07,
            335.2,
            376.61,
            410.99,
            519.56,
            378.94,
            335.9,
            463.56,
            433.66,
            446.72,
            381.63,
            405.57,
            457.84
        ],
        [
            520.4,
            364.65,
            530.24,
            371.19,
            369.57,
            392.61,
            338.5,
            365.83,
            421.69,
            396.37,
            391.41,
            334.75,
            397.94,
            null,
            354.52,
            338.57,
            426.2,
            485.8,
            478.26,
            577.16,
            531.82,
            447.01,
            501.5,
            332.58,
            332.51,
            493.53,
            428.67,
            422.14,
            390.58,
            520.8
        ],
        [
            386.76,
            503.4,
            337.44,
            528.59,
            364.12,
            352.49,
            471.35,
            559.52,
            326.76,
            458.53,
            433.14,
            516.8,
            410.18,
            354.52,
            null,
            448.57,
            341.41,
            566.11,
            576.24,
            422.98,
            511.29,
            573.76,
            545.83,
            391.96,
            327.05,
            500.1,
            508.9,
            512.74,
            480.62,
            392.11
        ],
        [
            458.72,
            450.35,
            461.87,
            391.4,
            545.34,
            564.36,
            476.86,
            428.49,
            554.19,
            509.97,
            405.8,
            470.41,
            367.55,
            338.57,
            448.57,
            null,
            347.1,
            460.77,
            439.2,
            449.07,
            532.34,
            551.79,
            562.07,
            455.51,
            465.3,
            373.5,
            342.99,
            384.23,
            441.09,
            537.61
        ],
        [
            471.58,
            547.0,
            480.76,
            433.05,
            497.75,
            487.72,
            351.18,
            531.98,
            531.75,
            468.58,
            564.69,
            388.27,
            458.42,
            426.2,
            341.41,
            347.1,
            null,
            436.12,
            485.21,
            499.23,
            449.54,
            572.46,
            335.03,
            410.82,
            504.65,
            505.19,
            579.43,
            574.07,
            326.26,
            550.8
        ],
        [
            357.59,
            486.22,
            406.88,
            537.25,
            424.09,
            521.15,
            430.28,
            476.14,
            531.04,
            330.84,
            577.47,
            498.8,
            477.07,
            485.8,
            566.11,
            460.77,
            436.12,
            null,
            442.99,
            568.98,
            357.22,
            556.29,
            333.33,
            407.7,
            407.04,
            479.92,
            412.23,
            473.52,
            355.27,
            320.75
        ],
        [
            471.25,
            321.18,
            456.09,
            549.18,
            487.66,
            460.07,
            341.15,
            331.02,
            570.02,
            427.18,
            423.62,
            346.92,
            335.2,
            478.26,
            576.24,
            439.2,
            485.21,
            442.99,
            null,
            364.81,
            394.39,
            527.76,
            517.19,
            376.83,
            399.08,
            343.35,
            385.52,
            553.41,
            512.32,
            450.31
        ],
        [
            426.9,
            425.29,
            403.05,
            501.13,
            550.28,
            423.01,
            561.41,
            472.87,
            519.66,
            447.3,
            337.59,
            367.84,
            376.61,
            577.16,
            422.98,
            449.07,
            499.23,
            568.98,
            364.81,
            null,
            352.48,
            505.13,
            335.82,
            486.65,
            487.02,
            335.35,
            565.78,
            424.0,
            476.94,
            416.72
        ],
        [
            540.41,
            466.72,
            527.65,
            526.49,
            420.01,
            340.48,
            347.03,
            449.56,
            325.92,
            439.81,
            515.62,
            480.16,
            410.99,
            531.82,
            511.29,
            532.34,
            449.54,
            357.22,
            394.39,
            352.48,
            null,
            432.05,
            569.24,
            372.45,
            571.59,
            493.38,
            436.83,
            342.91,
            506.15,
            416.41
        ],
        [
            385.19,
            521.3,
            545.39,
            356.01,
            572.73,
            497.31,
            476.03,
            321.8,
            427.19,
            577.88,
            529.93,
            375.65,
            519.56,
            447.01,
            573.76,
            551.79,
            572.46,
            556.29,
            527.76,
            505.13,
            432.05,
            null,
            490.82,
            454.37,
            415.34,
            388.62,
            462.21,
            445.16,
            417.12,
            400.53
        ],
        [
            540.9,
            373.49,
            376.17,
            462.06,
            383.27,
            453.17,
            454.06,
            512.62,
            474.06,
            563.06,
            338.08,
            366.23,
            378.94,
            501.5,
            545.83,
            562.07,
            335.03,
            333.33,
            517.19,
            335.82,
            569.24,
            490.82,
            null,
            482.37,
            343.86,
            394.69,
            558.11,
            355.2,
            463.51,
            426.74
        ],
        [
            517.68,
            425.96,
            533.03,
            556.53,
            545.3,
            413.38,
            550.41,
            437.62,
            491.62,
            364.33,
            387.35,
            373.05,
            335.9,
            332.58,
            391.96,
            455.51,
            410.82,
            407.7,
            376.83,
            486.65,
            372.45,
            454.37,
            482.37,
            null,
            393.59,
            326.31,
            385.65,
            548.58,
            419.1,
            515.57
        ],
        [
            507.17,
            325.54,
            408.21,
            326.44,
            384.56,
            555.4,
            409.74,
            495.98,
            550.6,
            404.72,
            382.51,
            350.32,
            463.56,
            332.51,
            327.05,
            465.3,
            504.65,
            407.04,
            399.08,
            487.02,
            571.59,
            415.34,
            343.86,
            393.59,
            null,
            535.94,
            330.76,
            546.54,
            452.44,
            531.87
        ],
        [
            413.39,
            470.07,
            513.35,
            337.26,
            571.9,
            347.39,
            496.15,
            483.58,
            406.78,
            412.49,
            382.35,
            483.16,
            433.66,
            493.53,
            500.1,
            373.5,
            505.19,
            479.92,
            343.35,
            335.35,
            493.38,
            388.62,
            394.69,
            326.31,
            535.94,
            null,
            364.67,
            336.4,
            339.32,
            481.7
        ],
        [
            356.57,
            451.88,
            508.06,
            443.97,
            391.89,
            475.34,
            512.08,
            465.08,
            524.66,
            386.1,
            419.45,
            375.04,
            446.72,
            428.67,
            508.9,
            342.99,
            579.43,
            412.23,
            385.52,
            565.78,
            436.83,
            462.21,
            558.11,
            385.65,
            330.76,
            364.67,
            null,
            451.08,
            363.85,
            352.26
        ],
        [
            551.7,
            355.45,
            438.69,
            347.96,
            571.92,
            485.46,
            467.32,
            325.28,
            435.72,
            496.97,
            363.32,
            391.66,
            381.63,
            422.14,
            512.74,
            384.23,
            574.07,
            473.52,
            553.41,
            424.0,
            342.91,
            445.16,
            355.2,
            548.58,
            546.54,
            336.4,
            451.08,
            null,
            332.25,
            330.5
        ],
        [
            551.59,
            536.62,
            326.26,
            392.87,
            386.9,
            344.54,
            499.29,
            553.41,
            429.94,
            430.87,
            556.85,
            373.3,
            405.57,
            390.58,
            480.62,
            441.09,
            326.26,
            355.27,
            512.32,
            476.94,
            506.15,
            417.12,
            463.51,
            419.1,
            452.44,
            339.32,
            363.85,
            332.25,
            null,
            463.43
        ],
        [
            497.31,
            339.71,
            371.52,
            360.27,
            373.14,
            397.09,
            433.41,
            574.34,
            570.34,
            419.17,
            464.65,
            450.82,
            457.84,
            520.8,
            392.11,
            537.61,
            550.8,
            320.75,
            450.31,
            416.72,
            416.41,
            400.53,
            426.74,
            515.57,
            531.87,
            481.7,
            352.26,
            330.5,
            463.43,
            null
        ]
    ],
    "tempos_processamento": [
        432.71,
        341.7,
        649.87,
        298.41,
        221.84,
        660.88,
        320.84,
        355.72,
        284.07,
        592.32,
        538.35,
        579.4,
        366.69,
        496.41,
        399.16,
        415.68,
        467.74,
        210.32,
        664.66,
        406.55,
        713.55,
        211.26,
        243.49,
        221.63,
        618.7,
        259.81,
        375.09,
        531.2,
        412.01,
        338.86
    ],
    "ready_times": [
        1026.78,
        734.34,
        1055.03,
        1447.14,
        336.23,
        1696.11,
        702.13,
        1426.69,
        924.62,
        290.22,
        1076.93,
        397.2,
        642.37,
        0.0,
        1518.98,
        1084.73,
        519.09,
        685.59,
        963.9,
        1630.82,
        1515.47,
        394.22,
        1168.58,
        7.45,
        871.11,
        83.7,
        41.86,
        144.78,
        788.41,
        766.31
    ]
}