{
    "configuracao": {
        "codigo_cenario": "HHLLHHL",
        "nivel_ready_time": "alta",
        "variabilidade_processamento": "alta",
        "media_processamento": "baixa",
        "estrutura_setup": "simetrica",
        "variabilidade_setup": "alta",
        "n_maquinas": 10,
        "n_medio_jobs_maquina": 3,
        "n_jobs": 30
    },
    "matriz_setup": [
        [
            null,
            397.68,
            405.41,
            378.31,
            434.49,
            347.88,
            508.24,
            345.71,
            555.16,
            520.25,
            394.79,
            569.01,
            469.69,
            333.31,
            420.18,
            557.68,
            562.41,
            329.11,
            553.02,
            390.31,
            513.67,
            476.72,
            353.55,
            404.84,
            446.58,
            502.55,
            458.84,
            494.79,
            377.37,
            501.54
        ],
        [
            397.68,
            null,
            546.73,
            428.09,
            328.65,
            505.07,
            552.41,
            346.77,
            324.66,
            436.64,
            495.01,
            413.5,
            467.42,
            324.93,
            362.55,
            441.99,
            384.21,
            532.39,
            429.96,
            493.06,
            408.52,
            548.8,
            489.57,
            416.02,
            542.71,
            395.24,
            394.08,
            375.4,
            491.38,
            566.51
        ],
        [
            405.41,
            546.73,
            null,
            518.01,
            452.22,
            538.46,
            445.08,
            398.18,
            570.95,
            404.82,
            524.15,
            447.03,
            356.08,
            363.69,
            569.98,
            354.25,
            419.32,
            387.24,
            556.39,
            332.84,
            430.19,
            322.87,
            377.62,
            337.59,
            565.92,
            531.13,
            545.44,
            542.88,
            420.74,
            476.86
        ],
        [
            378.31,
            428.09,
            518.01,
            null,
            415.07,
            415.83,
            393.44,
            360.93,
            539.09,
            370.63,
            357.04,
            570.35,
            321.91,
            560.87,
            422.39,
            411.8,
            510.25,
            490.63,
            397.78,
            476.66,
            493.18,
            403.07,
            449.33,
            378.73,
            475.42,
            556.37,
            325.61,
            342.14,
            403.12,
            476.11
        ],
        [
            434.49,
            328.65,
            452.22,
            415.07,
            null,
            340.38,
            557.55,
            379.56,
            525.27,
            392.26,
            391.71,
            554.8,
            337.74,
            326.89,
            422.8,
            322.25,
            488.76,
            344.8,
            394.76,
            393.29,
            442.85,
            483.1,
            550.85,
            370.12,
            556.02,
            537.47,
            436.7,
            539.06,
            528.47,
            361.39
        ],
        [
            347.88,
            505.07,
            538.46,
            415.83,
            340.38,
            null,
            537.23,
            468.36,
            347.8,
            446.26,
            525.76,
            422.57,
            332.05,
            508.62,
            411.6,
            359.26,
            381.02,
            334.24,
            499.47,
            536.21,
            565.19,
            400.63,
            384.2,
            347.8,
            540.09,
            379.39,
            369.03,
            432.52,
            407.37,
            417.39
        ],
        [
            508.24,
            552.41,
            445.08,
            393.44,
            557.55,
            537.23,
            null,
            384.92,
            390.83,
            472.3,
            525.56,
            365.8,
            565.25,
            550.05,
            423.45,
            324.75,
            509.31,
            482.53,
            473.12,
            365.99,
            388.27,
            553.85,
            441.23,
            442.7,
            566.7,
            426.09,
            334.32,
            460.49,
            393.44,
            413.41
        ],
        [
            345.71,
            346.77,
            398.18,
            360.93,
            379.56,
            468.36,
            384.92,
            null,
            356.25,
            465.37,
            351.07,
            537.4,
            353.46,
            416.48,
            332.31,
            505.04,
            322.38,
            443.41,
            333.31,
            508.41,
            341.55,
            336.86,
            370.64,
            409.1,
            360.78,
            384.64,
            549.36,
            392.12,
            372.57,
            466.97
        ],
        [
            555.16,
            324.66,
            570.95,
            539.09,
            525.27,
            347.8,
            390.83,
            356.25,
            null,
            510.42,
            436.85,
            498.68,
            435.85,
            405.9,
            432.86,
            327.6,
            567.07,
            509.33,
            517.08,
            342.26,
            338.8,
            383.07,
            577.93,
            504.25,
            557.24,
            512.82,
            362.79,
            560.04,
            524.87,
            503.47
        ],
        [
            520.25,
            436.64,
            404.82,
            370.63,
            392.26,
            446.26,
            472.3,
            465.37,
            510.42,
            null,
            370.62,
            557.89,
            388.08,
            335.42,
            567.73,
            489.65,
            476.34,
            433.14,
            474.08,
            481.14,
            474.77,
            346.37,
            375.96,
            537.09,
            506.7,
            464.28,
            321.9,
            339.06,
            464.99,
            320.84
        ],
        [
            394.79,
            495.01,
            524.15,
            357.04,
            391.71,
            525.76,
            525.56,
            351.07,
            436.85,
            370.62,
            null,
            340.47,
            576.1,
            549.26,
            463.16,
            391.44,
            574.86,
            471.27,
            416.83,
            431.89,
            526.19,
            432.13,
            342.12,
            360.45,
            424.77,
            544.05,
            387.65,
            398.77,
            469.36,
            490.87
        ],
        [
            569.01,
            413.5,
            447.03,
            570.35,
            554.8,
            422.57,
            365.8,
            537.4,
            498.68,
            557.89,
            340.47,
            null,
            342.76,
            545.28,
            518.75,
            385.33,
            531.69,
            434.13,
            554.55,
            358.92,
            541.6,
            378.65,
            487.79,
            331.79,
            548.26,
            380.46,
            427.53,
            470.08,
            367.34,
            510.2
        ],
        [
            469.69,
            467.42,
            356.08,
            321.91,
            337.74,
            332.05,
            565.25,
            353.46,
            435.85,
            388.08,
            576.1,
            342.76,
            null,
            352.44,
            474.57,
            561.56,
            571.54,
            382.95,
            503.65,
            457.16,
            401.05,
            433.6,
            340.4,
            492.51,
            490.16,
            517.83,
            322.03,
            542.47,
            336.38,
            552.08
        ],
        [
            333.31,
            324.93,
            363.69,
            560.87,
            326.89,
            508.62,
            550.05,
            416.48,
            405.9,
            335.42,
            549.26,
            545.28,
            352.44,
            null,
            481.12,
            328.75,
            409.37,
            546.08,
            410.07,
            431.51,
            446.41,
            414.38,
            436.27,
            558.56,
            346.33,
            406.17,
            544.11,
            488.24,
            381.54,
            340.24
        ],
        [
            420.18,
            362.55,
            569.98,
            422.39,
            422.8,
            411.6,
            423.45,
            332.31,
            432.86,
            567.73,
            463.16,
            518.75,
            474.57,
            481.12,
            null,
            563.05,
            551.06,
            494.08,
            532.21,
            576.28,
            481.92,
            402.48,
            337.77,
            579.71,
            337.09,
            553.01,
            464.6,
            507.68,
            395.13,
            509.33
        ],
        [
            557.68,
            441.99,
            354.25,
            411.8,
            322.25,
            359.26,
            324.75,
            505.04,
            327.6,
            489.65,
            391.44,
            385.33,
            561.56,
            328.75,
            563.05,
            null,
            394.86,
            421.73,
            510.58,
            545.82,
            425.17,
            438.85,
            329.71,
            330.06,
            364.03,
            422.49,
            389.97,
            413.94,
            433.07,
            422.01
        ],
        [
            562.41,
            384.21,
            419.32,
            510.25,
            488.76,
            381.02,
            509.31,
            322.38,
            567.07,
            476.34,
            574.86,
            531.69,
            571.54,
            409.37,
            551.06,
            394.86,
            null,
            423.66,
            435.54,
            547.06,
            542.11,
            578.0,
            538.67,
            576.15,
            320.66,
            387.34,
            560.45,
            387.51,
            496.8,
            561.82
        ],
        [
            329.11,
            532.39,
            387.24,
            490.63,
            344.8,
            334.24,
            482.53,
            443.41,
            509.33,
            433.14,
            471.27,
            434.13,
            382.95,
            546.08,
            494.08,
            421.73,
            423.66,
            null,
            324.15,
            383.67,
            405.24,
            561.76,
            415.07,
            389.05,
            342.71,
            509.02,
            556.98,
            363.04,
            579.25,
            382.77
        ],
        [
            553.02,
            429.96,
            556.39,
            397.78,
            394.76,
            499.47,
            473.12,
            333.31,
            517.08,
            474.08,
            416.83,
            554.55,
            503.65,
            410.07,
            532.21,
            510.58,
            435.54,
            324.15,
            null,
            327.95,
            528.87,
            334.72,
            362.06,
            550.08,
            534.0,
            492.1,
            539.25,
            472.41,
            496.3,
            331.87
        ],
        [
            390.31,
            493.06,
            332.84,
            476.66,
            393.29,
            536.21,
            365.99,
            508.41,
            342.26,
            481.14,
            431.89,
            358.92,
            457.16,
            431.51,
            576.28,
            545.82,
            547.06,
            383.67,
            327.95,
            null,
            485.11,
            382.33,
            544.58,
            440.99,
            450.47,
            417.73,
            342.18,
            493.96,
            575.26,
            414.92
        ],
        [
            513.67,
            408.52,
            430.19,
            493.18,
            442.85,
            565.19,
            388.27,
            341.55,
            338.8,
            474.77,
            526.19,
            541.6,
            401.05,
            446.41,
            481.92,
            425.17,
            542.11,
            405.24,
            528.87,
            485.11,
            null,
            332.18,
            519.72,
            468.8,
            375.56,
            437.82,
            517.82,
            340.04,
            359.33,
            429.42
        ],
        [
            476.72,
            548.8,
            322.87,
            403.07,
            483.1,
            400.63,
            553.85,
            336.86,
            383.07,
            346.37,
            432.13,
            378.65,
            433.6,
            414.38,
            402.48,
            438.85,
            578.0,
            561.76,
            334.72,
            382.33,
            332.18,
            null,
            449.96,
            412.89,
            504.63,
            373.65,
            494.45,
            556.61,
            420.34,
            481.99
        ],
        [
            353.55,
            489.57,
            377.62,
            449.33,
            550.85,
            384.2,
            441.23,
            370.64,
            577.93,
            375.96,
            342.12,
            487.79,
            340.4,
            436.27,
            337.77,
            329.71,
            538.67,
            415.07,
            362.06,
            544.58,
            519.72,
            449.96,
            null,
            351.12,
            490.0,
            549.04,
            442.75,
            472.62,
            379.13,
            490.07
        ],
        [
            404.84,
            416.02,
            337.59,
            378.73,
            370.12,
            347.8,
            442.7,
            409.1,
            504.25,
            537.09,
            360.45,
            331.79,
            492.51,
            558.56,
            579.71,
            330.06,
            576.15,
            389.05,
            550.08,
            440.99,
            468.8,
            412.89,
            351.12,
            null,
            332.66,
            562.08,
            543.34,
            349.86,
            525.87,
            381.73
        ],
        [
            446.58,
            542.71,
            565.92,
            475.42,
            556.02,
            540.09,
            566.7,
            360.78,
            557.24,
            506.7,
            424.77,
            548.26,
            490.16,
            346.33,
            337.09,
            364.03,
            320.66,
            342.71,
            534.0,
            450.47,
            375.56,
            504.63,
            490.0,
            332.66,
            null,
            418.82,
            514.48,
            547.01,
            321.02,
            360.79
        ],
        [
            502.55,
            395.24,
            531.13,
            556.37,
            537.47,
            379.39,
            426.09,
            384.64,
            512.82,
            464.28,
            544.05,
            380.46,
            517.83,
            406.17,
            553.01,
            422.49,
            387.34,
            509.02,
            492.1,
            417.73,
            437.82,
            373.65,
            549.04,
            562.08,
            418.82,
            null,
            571.97,
            538.38,
            371.94,
            338.21
        ],
        [
            458.84,
            394.08,
            545.44,
            325.61,
            436.7,
            369.03,
            334.32,
            549.36,
            362.79,
            321.9,
            387.65,
            427.53,
            322.03,
            544.11,
            464.6,
            389.97,
            560.45,
            556.98,
            539.25,
            342.18,
            517.82,
            494.45,
            442.75,
            543.34,
            514.48,
            571.97,
            null,
            534.53,
            328.86,
            543.84
        ],
        [
            494.79,
            375.4,
            542.88,
            342.14,
            539.06,
            432.52,
            460.49,
            392.12,
            560.04,
            339.06,
            398.77,
            470.08,
            542.47,
            488.24,
            507.68,
            413.94,
            387.51,
            363.04,
            472.41,
            493.96,
            340.04,
            556.61,
            472.62,
            349.86,
            547.01,
            538.38,
            534.53,
            null,
            550.72,
            509.88
        ],
        [
            377.37,
            491.38,
            420.74,
            403.12,
            528.47,
            407.37,
            393.44,
            372.57,
            524.87,
            464.99,
            469.36,
            367.34,
            336.38,
            381.54,
            395.13,
            433.07,
            496.8,
            579.25,
            496.3,
            575.26,
            359.33,
            420.34,
            379.13,
            525.87,
            321.02,
            371.94,
            328.86,
            550.72,
            null,
            401.01
        ],
        [
            501.54,
            566.51,
            476.86,
            476.11,
            361.39,
            417.39,
            413.41,
            466.97,
            503.47,
            320.84,
            490.87,
            510.2,
            552.08,
            340.24,
            509.33,
            422.01,
            561.82,
            382.77,
            331.87,
            414.92,
            429.42,
            481.99,
            490.07,
            381.73,
            360.79,
            338.21,
            543.84,
            509.88,
            401.01,
            null
        ]
    ],
    "tempos_processamento": [
        201.12,
        218.61,
        384.44,
        483.73,
        593.69,
        441.32,
        483.32,
        673.78,
        607.34,
        257.47,
        698.44,
        582.37,
        316.72,
        497.75,
        508.02,
        450.71,
        454.37,
        382.85,
        294.9,
        716.63,
        527.0,
        599.37,
        675.21,
        620.78,
        353.72,
        356.2,
        500.81,
        390.65,
        382.47,
        226.13
    ],
    "ready_times": [
        456.54,
        964.7,
        156.25,
        421.45,
        81.43,
        582.24,
        739.03,
        993.98,
        176.29,
        318.71,
        578.97,
        1137.91,
        1474.01,
        1047.48,
        1602.85,
        559.11,
        1209.55,
        529.61,
        402.06,
        170.8,
        0.0,
        303.32,
        437.14,
        841.4,
        374.58,
        1470.67,
        1128.85,
        1563.6,
        1052.2,
        1523.45
    ]
}